pdb1,pdb2,rmsd
scaf1.pdb,scaf10.pdb,18.342293
scaf1.pdb,scaf100.pdb,4.815456
scaf1.pdb,scaf101.pdb,21.78419
scaf1.pdb,scaf102.pdb,4.77429
scaf1.pdb,scaf103.pdb,16.519743
scaf1.pdb,scaf104.pdb,15.948554
scaf1.pdb,scaf105.pdb,21.495598
scaf1.pdb,scaf106.pdb,21.519169
scaf1.pdb,scaf107.pdb,15.557708
scaf1.pdb,scaf109.pdb,24.924944
scaf1.pdb,scaf11.pdb,19.139551
scaf1.pdb,scaf110.pdb,17.815193
scaf1.pdb,scaf111.pdb,15.397204
scaf1.pdb,scaf112.pdb,20.916172
scaf1.pdb,scaf113.pdb,21.264284
scaf1.pdb,scaf114.pdb,24.929125
scaf1.pdb,scaf115.pdb,15.9344425
scaf1.pdb,scaf117.pdb,18.583527
scaf1.pdb,scaf118.pdb,19.324331
scaf1.pdb,scaf119.pdb,19.048227
scaf1.pdb,scaf120.pdb,20.240763
scaf1.pdb,scaf121.pdb,23.414925
scaf1.pdb,scaf122.pdb,22.73206
scaf1.pdb,scaf123.pdb,19.538233
scaf1.pdb,scaf125.pdb,17.825525
scaf1.pdb,scaf126.pdb,18.156792
scaf1.pdb,scaf127.pdb,18.828388
scaf1.pdb,scaf128.pdb,16.70377
scaf1.pdb,scaf13.pdb,20.441523
scaf1.pdb,scaf130.pdb,24.40418
scaf1.pdb,scaf131.pdb,16.51765
scaf1.pdb,scaf133.pdb,24.16512
scaf1.pdb,scaf134.pdb,16.18456
scaf1.pdb,scaf135.pdb,14.962963
scaf1.pdb,scaf136.pdb,16.065407
scaf1.pdb,scaf137.pdb,22.588259
scaf1.pdb,scaf138.pdb,21.711512
scaf1.pdb,scaf139.pdb,17.101099
scaf1.pdb,scaf14.pdb,5.332024
scaf1.pdb,scaf140.pdb,23.807148
scaf1.pdb,scaf141.pdb,18.66543
scaf1.pdb,scaf143.pdb,22.053596
scaf1.pdb,scaf144.pdb,21.690716
scaf1.pdb,scaf145.pdb,19.503065
scaf1.pdb,scaf147.pdb,23.314493
scaf1.pdb,scaf148.pdb,18.558847
scaf1.pdb,scaf149.pdb,19.496986
scaf1.pdb,scaf15.pdb,24.124344
scaf1.pdb,scaf151.pdb,5.1483736
scaf1.pdb,scaf153.pdb,20.2708
scaf1.pdb,scaf154.pdb,21.683529
scaf1.pdb,scaf155.pdb,23.623434
scaf1.pdb,scaf156.pdb,4.5156817
scaf1.pdb,scaf158.pdb,21.385588
scaf1.pdb,scaf16.pdb,16.490955
scaf1.pdb,scaf162.pdb,20.988533
scaf1.pdb,scaf163.pdb,17.868242
scaf1.pdb,scaf164.pdb,17.026976
scaf1.pdb,scaf166.pdb,23.065626
scaf1.pdb,scaf167.pdb,16.749037
scaf1.pdb,scaf168.pdb,21.110601
scaf1.pdb,scaf169.pdb,17.849726
scaf1.pdb,scaf17.pdb,20.598536
scaf1.pdb,scaf170.pdb,19.162775
scaf1.pdb,scaf171.pdb,5.584114
scaf1.pdb,scaf172.pdb,16.504324
scaf1.pdb,scaf173.pdb,3.9776757
scaf1.pdb,scaf174.pdb,23.995848
scaf1.pdb,scaf175.pdb,19.870264
scaf1.pdb,scaf176.pdb,24.023626
scaf1.pdb,scaf177.pdb,20.448582
scaf1.pdb,scaf179.pdb,18.81715
scaf1.pdb,scaf18.pdb,21.933619
scaf1.pdb,scaf19.pdb,9.499512
scaf1.pdb,scaf20.pdb,18.864275
scaf1.pdb,scaf21.pdb,18.875431
scaf1.pdb,scaf22.pdb,19.668758
scaf1.pdb,scaf23.pdb,14.540617
scaf1.pdb,scaf24.pdb,21.712976
scaf1.pdb,scaf26.pdb,19.667772
scaf1.pdb,scaf27.pdb,16.815752
scaf1.pdb,scaf28.pdb,4.9710693
scaf1.pdb,scaf29.pdb,22.495943
scaf1.pdb,scaf3.pdb,23.944181
scaf1.pdb,scaf30.pdb,16.797188
scaf1.pdb,scaf31.pdb,21.505083
scaf1.pdb,scaf32.pdb,19.13906
scaf1.pdb,scaf33.pdb,20.357916
scaf1.pdb,scaf34.pdb,21.131475
scaf1.pdb,scaf35.pdb,18.89977
scaf1.pdb,scaf37.pdb,16.661299
scaf1.pdb,scaf38.pdb,17.386246
scaf1.pdb,scaf4.pdb,25.390234
scaf1.pdb,scaf40.pdb,16.762812
scaf1.pdb,scaf42.pdb,19.92063
scaf1.pdb,scaf44.pdb,24.686237
scaf1.pdb,scaf45.pdb,17.53686
scaf1.pdb,scaf47.pdb,20.572132
scaf1.pdb,scaf48.pdb,23.016924
scaf1.pdb,scaf49.pdb,17.558784
scaf1.pdb,scaf5.pdb,21.576532
scaf1.pdb,scaf50.pdb,17.385262
scaf1.pdb,scaf51.pdb,21.627848
scaf1.pdb,scaf52.pdb,20.026493
scaf1.pdb,scaf53.pdb,18.66505
scaf1.pdb,scaf54.pdb,19.132515
scaf1.pdb,scaf55.pdb,25.390362
scaf1.pdb,scaf56.pdb,21.96172
scaf1.pdb,scaf57.pdb,20.168354
scaf1.pdb,scaf58.pdb,19.346928
scaf1.pdb,scaf59.pdb,19.11509
scaf1.pdb,scaf6.pdb,24.388803
scaf1.pdb,scaf60.pdb,24.14725
scaf1.pdb,scaf61.pdb,21.136309
scaf1.pdb,scaf62.pdb,17.03441
scaf1.pdb,scaf63.pdb,23.856308
scaf1.pdb,scaf64.pdb,19.4062
scaf1.pdb,scaf65.pdb,16.114109
scaf1.pdb,scaf66.pdb,21.692446
scaf1.pdb,scaf67.pdb,20.273415
scaf1.pdb,scaf68.pdb,21.58058
scaf1.pdb,scaf7.pdb,21.88657
scaf1.pdb,scaf70.pdb,22.987354
scaf1.pdb,scaf71.pdb,21.79187
scaf1.pdb,scaf72.pdb,17.436163
scaf1.pdb,scaf74.pdb,18.353226
scaf1.pdb,scaf75.pdb,22.603024
scaf1.pdb,scaf76.pdb,14.333428
scaf1.pdb,scaf77.pdb,21.555176
scaf1.pdb,scaf78.pdb,21.830635
scaf1.pdb,scaf79.pdb,16.219864
scaf1.pdb,scaf8.pdb,19.992819
scaf1.pdb,scaf81.pdb,24.25369
scaf1.pdb,scaf82.pdb,20.171078
scaf1.pdb,scaf83.pdb,20.532494
scaf1.pdb,scaf84.pdb,20.052986
scaf1.pdb,scaf85.pdb,24.413458
scaf1.pdb,scaf86.pdb,16.244495
scaf1.pdb,scaf88.pdb,22.812914
scaf1.pdb,scaf89.pdb,15.385405
scaf1.pdb,scaf9.pdb,23.531065
scaf1.pdb,scaf90.pdb,16.066732
scaf1.pdb,scaf91.pdb,17.34106
scaf1.pdb,scaf92.pdb,24.34468
scaf1.pdb,scaf93.pdb,20.825788
scaf1.pdb,scaf94.pdb,15.738427
scaf1.pdb,scaf95.pdb,19.315851
scaf1.pdb,scaf96.pdb,23.494894
scaf1.pdb,scaf97.pdb,19.591597
scaf1.pdb,scaf98.pdb,22.516363
scaf1.pdb,scaf99.pdb,16.101875
scaf10.pdb,scaf100.pdb,18.817942
scaf10.pdb,scaf101.pdb,15.353132
scaf10.pdb,scaf102.pdb,19.299051
scaf10.pdb,scaf103.pdb,17.847673
scaf10.pdb,scaf104.pdb,17.771904
scaf10.pdb,scaf105.pdb,20.18272
scaf10.pdb,scaf106.pdb,15.144606
scaf10.pdb,scaf107.pdb,19.009369
scaf10.pdb,scaf109.pdb,18.643457
scaf10.pdb,scaf11.pdb,15.556233
scaf10.pdb,scaf110.pdb,19.791368
scaf10.pdb,scaf111.pdb,19.392164
scaf10.pdb,scaf112.pdb,22.348324
scaf10.pdb,scaf113.pdb,16.751492
scaf10.pdb,scaf114.pdb,18.913643
scaf10.pdb,scaf115.pdb,17.734556
scaf10.pdb,scaf117.pdb,20.07053
scaf10.pdb,scaf118.pdb,15.956351
scaf10.pdb,scaf119.pdb,19.479889
scaf10.pdb,scaf120.pdb,21.748184
scaf10.pdb,scaf121.pdb,17.251427
scaf10.pdb,scaf122.pdb,16.26536
scaf10.pdb,scaf123.pdb,16.029541
scaf10.pdb,scaf125.pdb,19.68176
scaf10.pdb,scaf126.pdb,19.660402
scaf10.pdb,scaf127.pdb,19.116665
scaf10.pdb,scaf128.pdb,17.984308
scaf10.pdb,scaf13.pdb,20.634115
scaf10.pdb,scaf130.pdb,18.194872
scaf10.pdb,scaf131.pdb,14.236767
scaf10.pdb,scaf133.pdb,18.676357
scaf10.pdb,scaf134.pdb,18.053656
scaf10.pdb,scaf135.pdb,18.578585
scaf10.pdb,scaf136.pdb,18.995127
scaf10.pdb,scaf137.pdb,14.981194
scaf10.pdb,scaf138.pdb,15.935706
scaf10.pdb,scaf139.pdb,19.063913
scaf10.pdb,scaf14.pdb,19.439672
scaf10.pdb,scaf140.pdb,17.479567
scaf10.pdb,scaf141.pdb,18.589272
scaf10.pdb,scaf143.pdb,16.104916
scaf10.pdb,scaf144.pdb,20.009426
scaf10.pdb,scaf145.pdb,15.492731
scaf10.pdb,scaf147.pdb,21.945385
scaf10.pdb,scaf148.pdb,21.127645
scaf10.pdb,scaf149.pdb,19.120436
scaf10.pdb,scaf15.pdb,26.652168
scaf10.pdb,scaf151.pdb,19.138327
scaf10.pdb,scaf153.pdb,15.424246
scaf10.pdb,scaf154.pdb,15.399469
scaf10.pdb,scaf155.pdb,19.06223
scaf10.pdb,scaf156.pdb,18.893105
scaf10.pdb,scaf158.pdb,16.223099
scaf10.pdb,scaf16.pdb,18.2048
scaf10.pdb,scaf162.pdb,20.51522
scaf10.pdb,scaf163.pdb,15.694997
scaf10.pdb,scaf164.pdb,18.125998
scaf10.pdb,scaf166.pdb,22.323853
scaf10.pdb,scaf167.pdb,18.805048
scaf10.pdb,scaf168.pdb,21.352995
scaf10.pdb,scaf169.pdb,21.476048
scaf10.pdb,scaf17.pdb,17.001078
scaf10.pdb,scaf170.pdb,16.97654
scaf10.pdb,scaf171.pdb,19.419405
scaf10.pdb,scaf172.pdb,16.233244
scaf10.pdb,scaf173.pdb,18.666105
scaf10.pdb,scaf174.pdb,14.856204
scaf10.pdb,scaf175.pdb,19.856543
scaf10.pdb,scaf176.pdb,13.294698
scaf10.pdb,scaf177.pdb,17.325228
scaf10.pdb,scaf179.pdb,22.325205
scaf10.pdb,scaf18.pdb,21.835958
scaf10.pdb,scaf19.pdb,20.154484
scaf10.pdb,scaf20.pdb,21.409388
scaf10.pdb,scaf21.pdb,13.532557
scaf10.pdb,scaf22.pdb,16.830301
scaf10.pdb,scaf23.pdb,13.18757
scaf10.pdb,scaf24.pdb,15.925723
scaf10.pdb,scaf26.pdb,21.053509
scaf10.pdb,scaf27.pdb,18.201317
scaf10.pdb,scaf28.pdb,19.398155
scaf10.pdb,scaf29.pdb,12.434827
scaf10.pdb,scaf3.pdb,18.61993
scaf10.pdb,scaf30.pdb,18.533531
scaf10.pdb,scaf31.pdb,16.131657
scaf10.pdb,scaf32.pdb,15.566195
scaf10.pdb,scaf33.pdb,18.725136
scaf10.pdb,scaf34.pdb,17.841282
scaf10.pdb,scaf35.pdb,15.975403
scaf10.pdb,scaf37.pdb,16.886087
scaf10.pdb,scaf38.pdb,20.938913
scaf10.pdb,scaf4.pdb,17.53456
scaf10.pdb,scaf40.pdb,17.695099
scaf10.pdb,scaf42.pdb,20.670265
scaf10.pdb,scaf44.pdb,15.893176
scaf10.pdb,scaf45.pdb,20.24014
scaf10.pdb,scaf47.pdb,16.559351
scaf10.pdb,scaf48.pdb,17.27816
scaf10.pdb,scaf49.pdb,18.0797
scaf10.pdb,scaf5.pdb,21.117826
scaf10.pdb,scaf50.pdb,18.226948
scaf10.pdb,scaf51.pdb,16.351934
scaf10.pdb,scaf52.pdb,19.572004
scaf10.pdb,scaf53.pdb,17.77617
scaf10.pdb,scaf54.pdb,15.676448
scaf10.pdb,scaf55.pdb,17.589426
scaf10.pdb,scaf56.pdb,15.738308
scaf10.pdb,scaf57.pdb,15.599566
scaf10.pdb,scaf58.pdb,16.053339
scaf10.pdb,scaf59.pdb,17.175354
scaf10.pdb,scaf6.pdb,18.724182
scaf10.pdb,scaf60.pdb,18.313314
scaf10.pdb,scaf61.pdb,19.16852
scaf10.pdb,scaf62.pdb,19.47136
scaf10.pdb,scaf63.pdb,17.858917
scaf10.pdb,scaf64.pdb,16.311115
scaf10.pdb,scaf65.pdb,16.611547
scaf10.pdb,scaf66.pdb,15.297881
scaf10.pdb,scaf67.pdb,15.377622
scaf10.pdb,scaf68.pdb,15.898107
scaf10.pdb,scaf7.pdb,15.971846
scaf10.pdb,scaf70.pdb,17.890427
scaf10.pdb,scaf71.pdb,15.625996
scaf10.pdb,scaf72.pdb,21.09204
scaf10.pdb,scaf74.pdb,18.370708
scaf10.pdb,scaf75.pdb,19.989098
scaf10.pdb,scaf76.pdb,21.546247
scaf10.pdb,scaf77.pdb,15.816907
scaf10.pdb,scaf78.pdb,15.913655
scaf10.pdb,scaf79.pdb,20.18172
scaf10.pdb,scaf8.pdb,18.606651
scaf10.pdb,scaf81.pdb,17.644598
scaf10.pdb,scaf82.pdb,18.972961
scaf10.pdb,scaf83.pdb,16.443014
scaf10.pdb,scaf84.pdb,17.608553
scaf10.pdb,scaf85.pdb,21.162458
scaf10.pdb,scaf86.pdb,17.865103
scaf10.pdb,scaf88.pdb,16.631887
scaf10.pdb,scaf89.pdb,17.738335
scaf10.pdb,scaf9.pdb,18.965178
scaf10.pdb,scaf90.pdb,19.883013
scaf10.pdb,scaf91.pdb,17.999218
scaf10.pdb,scaf92.pdb,19.64729
scaf10.pdb,scaf93.pdb,16.283842
scaf10.pdb,scaf94.pdb,20.692976
scaf10.pdb,scaf95.pdb,22.730267
scaf10.pdb,scaf96.pdb,17.251913
scaf10.pdb,scaf97.pdb,21.650873
scaf10.pdb,scaf98.pdb,19.925247
scaf10.pdb,scaf99.pdb,21.859234
scaf100.pdb,scaf101.pdb,21.33818
scaf100.pdb,scaf102.pdb,1.7701639
scaf100.pdb,scaf103.pdb,15.92682
scaf100.pdb,scaf104.pdb,15.251239
scaf100.pdb,scaf105.pdb,20.546818
scaf100.pdb,scaf106.pdb,21.02424
scaf100.pdb,scaf107.pdb,14.047349
scaf100.pdb,scaf109.pdb,23.831741
scaf100.pdb,scaf11.pdb,18.338594
scaf100.pdb,scaf110.pdb,17.397621
scaf100.pdb,scaf111.pdb,14.401789
scaf100.pdb,scaf112.pdb,20.85703
scaf100.pdb,scaf113.pdb,22.349663
scaf100.pdb,scaf114.pdb,23.829636
scaf100.pdb,scaf115.pdb,15.191458
scaf100.pdb,scaf117.pdb,18.842058
scaf100.pdb,scaf118.pdb,20.157833
scaf100.pdb,scaf119.pdb,17.653938
scaf100.pdb,scaf120.pdb,19.589493
scaf100.pdb,scaf121.pdb,22.833294
scaf100.pdb,scaf122.pdb,22.693563
scaf100.pdb,scaf123.pdb,19.21989
scaf100.pdb,scaf125.pdb,16.883537
scaf100.pdb,scaf126.pdb,17.991266
scaf100.pdb,scaf127.pdb,18.144602
scaf100.pdb,scaf128.pdb,16.155981
scaf100.pdb,scaf13.pdb,19.876976
scaf100.pdb,scaf130.pdb,25.044954
scaf100.pdb,scaf131.pdb,16.958803
scaf100.pdb,scaf133.pdb,24.598566
scaf100.pdb,scaf134.pdb,15.651534
scaf100.pdb,scaf135.pdb,13.423742
scaf100.pdb,scaf136.pdb,13.833811
scaf100.pdb,scaf137.pdb,22.575167
scaf100.pdb,scaf138.pdb,21.944538
scaf100.pdb,scaf139.pdb,16.657518
scaf100.pdb,scaf14.pdb,2.1329293
scaf100.pdb,scaf140.pdb,23.460482
scaf100.pdb,scaf141.pdb,16.920721
scaf100.pdb,scaf143.pdb,21.666185
scaf100.pdb,scaf144.pdb,21.565397
scaf100.pdb,scaf145.pdb,19.298279
scaf100.pdb,scaf147.pdb,22.250475
scaf100.pdb,scaf148.pdb,19.27263
scaf100.pdb,scaf149.pdb,17.807121
scaf100.pdb,scaf15.pdb,24.12542
scaf100.pdb,scaf151.pdb,1.3856391
scaf100.pdb,scaf153.pdb,20.202892
scaf100.pdb,scaf154.pdb,21.161114
scaf100.pdb,scaf155.pdb,23.613768
scaf100.pdb,scaf156.pdb,1.7882406
scaf100.pdb,scaf158.pdb,20.866741
scaf100.pdb,scaf16.pdb,16.150236
scaf100.pdb,scaf162.pdb,20.401205
scaf100.pdb,scaf163.pdb,18.153969
scaf100.pdb,scaf164.pdb,16.596672
scaf100.pdb,scaf166.pdb,23.289864
scaf100.pdb,scaf167.pdb,16.112429
scaf100.pdb,scaf168.pdb,20.48694
scaf100.pdb,scaf169.pdb,17.316193
scaf100.pdb,scaf17.pdb,20.962652
scaf100.pdb,scaf170.pdb,19.264519
scaf100.pdb,scaf171.pdb,1.5555354
scaf100.pdb,scaf172.pdb,15.527484
scaf100.pdb,scaf173.pdb,1.6949072
scaf100.pdb,scaf174.pdb,23.44107
scaf100.pdb,scaf175.pdb,19.86998
scaf100.pdb,scaf176.pdb,24.322504
scaf100.pdb,scaf177.pdb,20.24837
scaf100.pdb,scaf179.pdb,17.049957
scaf100.pdb,scaf18.pdb,21.241085
scaf100.pdb,scaf19.pdb,10.722211
scaf100.pdb,scaf20.pdb,18.336805
scaf100.pdb,scaf21.pdb,18.956299
scaf100.pdb,scaf22.pdb,19.675043
scaf100.pdb,scaf23.pdb,16.029104
scaf100.pdb,scaf24.pdb,21.40518
scaf100.pdb,scaf26.pdb,19.310766
scaf100.pdb,scaf27.pdb,16.466824
scaf100.pdb,scaf28.pdb,1.8963941
scaf100.pdb,scaf29.pdb,22.641096
scaf100.pdb,scaf3.pdb,24.554783
scaf100.pdb,scaf30.pdb,17.300306
scaf100.pdb,scaf31.pdb,21.04287
scaf100.pdb,scaf32.pdb,19.396563
scaf100.pdb,scaf33.pdb,20.930792
scaf100.pdb,scaf34.pdb,21.575607
scaf100.pdb,scaf35.pdb,20.385527
scaf100.pdb,scaf37.pdb,15.715601
scaf100.pdb,scaf38.pdb,16.933758
scaf100.pdb,scaf4.pdb,25.599615
scaf100.pdb,scaf40.pdb,15.046423
scaf100.pdb,scaf42.pdb,19.246353
scaf100.pdb,scaf44.pdb,25.030905
scaf100.pdb,scaf45.pdb,17.082346
scaf100.pdb,scaf47.pdb,19.082092
scaf100.pdb,scaf48.pdb,23.664948
scaf100.pdb,scaf49.pdb,15.559835
scaf100.pdb,scaf5.pdb,20.989672
scaf100.pdb,scaf50.pdb,17.458305
scaf100.pdb,scaf51.pdb,20.233063
scaf100.pdb,scaf52.pdb,18.700851
scaf100.pdb,scaf53.pdb,17.681034
scaf100.pdb,scaf54.pdb,20.30299
scaf100.pdb,scaf55.pdb,25.627644
scaf100.pdb,scaf56.pdb,21.375504
scaf100.pdb,scaf57.pdb,19.408154
scaf100.pdb,scaf58.pdb,20.310308
scaf100.pdb,scaf59.pdb,19.198376
scaf100.pdb,scaf6.pdb,24.30515
scaf100.pdb,scaf60.pdb,24.701353
scaf100.pdb,scaf61.pdb,20.297985
scaf100.pdb,scaf62.pdb,16.5208
scaf100.pdb,scaf63.pdb,24.568478
scaf100.pdb,scaf64.pdb,20.655138
scaf100.pdb,scaf65.pdb,15.280132
scaf100.pdb,scaf66.pdb,21.181274
scaf100.pdb,scaf67.pdb,18.586567
scaf100.pdb,scaf68.pdb,21.21989
scaf100.pdb,scaf7.pdb,21.642435
scaf100.pdb,scaf70.pdb,22.002161
scaf100.pdb,scaf71.pdb,21.52451
scaf100.pdb,scaf72.pdb,17.086336
scaf100.pdb,scaf74.pdb,18.011349
scaf100.pdb,scaf75.pdb,22.521526
scaf100.pdb,scaf76.pdb,13.825947
scaf100.pdb,scaf77.pdb,21.228512
scaf100.pdb,scaf78.pdb,21.08055
scaf100.pdb,scaf79.pdb,16.303818
scaf100.pdb,scaf8.pdb,18.385933
scaf100.pdb,scaf81.pdb,23.531683
scaf100.pdb,scaf82.pdb,19.322485
scaf100.pdb,scaf83.pdb,20.933304
scaf100.pdb,scaf84.pdb,20.228117
scaf100.pdb,scaf85.pdb,24.339403
scaf100.pdb,scaf86.pdb,15.643328
scaf100.pdb,scaf88.pdb,22.865892
scaf100.pdb,scaf89.pdb,14.513112
scaf100.pdb,scaf9.pdb,23.529577
scaf100.pdb,scaf90.pdb,15.996331
scaf100.pdb,scaf91.pdb,15.225001
scaf100.pdb,scaf92.pdb,25.13759
scaf100.pdb,scaf93.pdb,20.238348
scaf100.pdb,scaf94.pdb,14.400378
scaf100.pdb,scaf95.pdb,18.715246
scaf100.pdb,scaf96.pdb,22.776896
scaf100.pdb,scaf97.pdb,19.154871
scaf100.pdb,scaf98.pdb,22.408276
scaf100.pdb,scaf99.pdb,15.231491
scaf101.pdb,scaf102.pdb,21.7029
scaf101.pdb,scaf103.pdb,19.616852
scaf101.pdb,scaf104.pdb,19.610537
scaf101.pdb,scaf105.pdb,16.176483
scaf101.pdb,scaf106.pdb,1.2437104
scaf101.pdb,scaf107.pdb,21.213114
scaf101.pdb,scaf109.pdb,16.844305
scaf101.pdb,scaf11.pdb,17.982336
scaf101.pdb,scaf110.pdb,20.938349
scaf101.pdb,scaf111.pdb,20.242733
scaf101.pdb,scaf112.pdb,22.93302
scaf101.pdb,scaf113.pdb,16.838871
scaf101.pdb,scaf114.pdb,17.08966
scaf101.pdb,scaf115.pdb,19.53731
scaf101.pdb,scaf117.pdb,20.462872
scaf101.pdb,scaf118.pdb,19.98042
scaf101.pdb,scaf119.pdb,16.479506
scaf101.pdb,scaf120.pdb,23.942978
scaf101.pdb,scaf121.pdb,16.994926
scaf101.pdb,scaf122.pdb,11.072516
scaf101.pdb,scaf123.pdb,17.485317
scaf101.pdb,scaf125.pdb,21.565243
scaf101.pdb,scaf126.pdb,18.29482
scaf101.pdb,scaf127.pdb,18.635967
scaf101.pdb,scaf128.pdb,19.679989
scaf101.pdb,scaf13.pdb,15.202137
scaf101.pdb,scaf130.pdb,15.353168
scaf101.pdb,scaf131.pdb,11.388882
scaf101.pdb,scaf133.pdb,15.770345
scaf101.pdb,scaf134.pdb,19.302986
scaf101.pdb,scaf135.pdb,19.399677
scaf101.pdb,scaf136.pdb,18.5211
scaf101.pdb,scaf137.pdb,14.997486
scaf101.pdb,scaf138.pdb,14.411728
scaf101.pdb,scaf139.pdb,20.594202
scaf101.pdb,scaf14.pdb,22.004616
scaf101.pdb,scaf140.pdb,14.756545
scaf101.pdb,scaf141.pdb,18.944078
scaf101.pdb,scaf143.pdb,4.0463
scaf101.pdb,scaf144.pdb,16.513725
scaf101.pdb,scaf145.pdb,19.737858
scaf101.pdb,scaf147.pdb,20.892315
scaf101.pdb,scaf148.pdb,20.991041
scaf101.pdb,scaf149.pdb,17.576828
scaf101.pdb,scaf15.pdb,23.734303
scaf101.pdb,scaf151.pdb,21.625317
scaf101.pdb,scaf153.pdb,19.906103
scaf101.pdb,scaf154.pdb,1.3509779
scaf101.pdb,scaf155.pdb,16.212713
scaf101.pdb,scaf156.pdb,21.303879
scaf101.pdb,scaf158.pdb,14.793421
scaf101.pdb,scaf16.pdb,19.723326
scaf101.pdb,scaf162.pdb,19.332064
scaf101.pdb,scaf163.pdb,17.767801
scaf101.pdb,scaf164.pdb,16.577673
scaf101.pdb,scaf166.pdb,18.380363
scaf101.pdb,scaf167.pdb,16.983839
scaf101.pdb,scaf168.pdb,21.268997
scaf101.pdb,scaf169.pdb,23.471918
scaf101.pdb,scaf17.pdb,16.408884
scaf101.pdb,scaf170.pdb,18.633507
scaf101.pdb,scaf171.pdb,21.650505
scaf101.pdb,scaf172.pdb,18.810553
scaf101.pdb,scaf173.pdb,21.339783
scaf101.pdb,scaf174.pdb,13.230328
scaf101.pdb,scaf175.pdb,20.409729
scaf101.pdb,scaf176.pdb,12.1912775
scaf101.pdb,scaf177.pdb,14.756165
scaf101.pdb,scaf179.pdb,21.937462
scaf101.pdb,scaf18.pdb,17.709482
scaf101.pdb,scaf19.pdb,23.036783
scaf101.pdb,scaf20.pdb,22.179747
scaf101.pdb,scaf21.pdb,8.455729
scaf101.pdb,scaf22.pdb,15.979261
scaf101.pdb,scaf23.pdb,14.781108
scaf101.pdb,scaf24.pdb,1.9811317
scaf101.pdb,scaf26.pdb,20.864582
scaf101.pdb,scaf27.pdb,19.523512
scaf101.pdb,scaf28.pdb,22.029337
scaf101.pdb,scaf29.pdb,11.818246
scaf101.pdb,scaf3.pdb,15.974458
scaf101.pdb,scaf30.pdb,19.565973
scaf101.pdb,scaf31.pdb,2.7900167
scaf101.pdb,scaf32.pdb,11.687082
scaf101.pdb,scaf33.pdb,19.455143
scaf101.pdb,scaf34.pdb,17.83158
scaf101.pdb,scaf35.pdb,20.191296
scaf101.pdb,scaf37.pdb,18.394798
scaf101.pdb,scaf38.pdb,22.895704
scaf101.pdb,scaf4.pdb,15.208277
scaf101.pdb,scaf40.pdb,15.697898
scaf101.pdb,scaf42.pdb,15.477775
scaf101.pdb,scaf44.pdb,11.803306
scaf101.pdb,scaf45.pdb,20.824472
scaf101.pdb,scaf47.pdb,15.520088
scaf101.pdb,scaf48.pdb,14.447817
scaf101.pdb,scaf49.pdb,18.587538
scaf101.pdb,scaf5.pdb,20.897583
scaf101.pdb,scaf50.pdb,14.844682
scaf101.pdb,scaf51.pdb,15.957902
scaf101.pdb,scaf52.pdb,15.732019
scaf101.pdb,scaf53.pdb,17.125353
scaf101.pdb,scaf54.pdb,18.045542
scaf101.pdb,scaf55.pdb,15.118384
scaf101.pdb,scaf56.pdb,1.868122
scaf101.pdb,scaf57.pdb,16.534483
scaf101.pdb,scaf58.pdb,19.861538
scaf101.pdb,scaf59.pdb,18.874468
scaf101.pdb,scaf6.pdb,13.895254
scaf101.pdb,scaf60.pdb,15.311251
scaf101.pdb,scaf61.pdb,15.929005
scaf101.pdb,scaf62.pdb,20.777815
scaf101.pdb,scaf63.pdb,14.899967
scaf101.pdb,scaf64.pdb,20.495686
scaf101.pdb,scaf65.pdb,18.198364
scaf101.pdb,scaf66.pdb,1.321016
scaf101.pdb,scaf67.pdb,16.956621
scaf101.pdb,scaf68.pdb,2.2490072
scaf101.pdb,scaf7.pdb,2.1497724
scaf101.pdb,scaf70.pdb,18.850985
scaf101.pdb,scaf71.pdb,2.0349061
scaf101.pdb,scaf72.pdb,22.988478
scaf101.pdb,scaf74.pdb,18.745956
scaf101.pdb,scaf75.pdb,16.274117
scaf101.pdb,scaf76.pdb,21.095863
scaf101.pdb,scaf77.pdb,2.2186003
scaf101.pdb,scaf78.pdb,13.250371
scaf101.pdb,scaf79.pdb,20.617525
scaf101.pdb,scaf8.pdb,17.158195
scaf101.pdb,scaf81.pdb,15.9470005
scaf101.pdb,scaf82.pdb,17.561148
scaf101.pdb,scaf83.pdb,14.987033
scaf101.pdb,scaf84.pdb,14.287395
scaf101.pdb,scaf85.pdb,20.430246
scaf101.pdb,scaf86.pdb,19.571997
scaf101.pdb,scaf88.pdb,12.893285
scaf101.pdb,scaf89.pdb,19.777699
scaf101.pdb,scaf9.pdb,16.120703
scaf101.pdb,scaf90.pdb,22.025179
scaf101.pdb,scaf91.pdb,18.57656
scaf101.pdb,scaf92.pdb,17.061218
scaf101.pdb,scaf93.pdb,5.058609
scaf101.pdb,scaf94.pdb,21.74836
scaf101.pdb,scaf95.pdb,24.492231
scaf101.pdb,scaf96.pdb,15.597015
scaf101.pdb,scaf97.pdb,20.958405
scaf101.pdb,scaf98.pdb,16.172747
scaf101.pdb,scaf99.pdb,20.378628
scaf102.pdb,scaf103.pdb,16.910255
scaf102.pdb,scaf104.pdb,16.244118
scaf102.pdb,scaf105.pdb,21.008425
scaf102.pdb,scaf106.pdb,21.37009
scaf102.pdb,scaf107.pdb,14.166664
scaf102.pdb,scaf109.pdb,24.102179
scaf102.pdb,scaf11.pdb,19.384575
scaf102.pdb,scaf110.pdb,17.764978
scaf102.pdb,scaf111.pdb,14.785995
scaf102.pdb,scaf112.pdb,20.680176
scaf102.pdb,scaf113.pdb,22.765274
scaf102.pdb,scaf114.pdb,24.138954
scaf102.pdb,scaf115.pdb,16.192764
scaf102.pdb,scaf117.pdb,18.714914
scaf102.pdb,scaf118.pdb,19.896338
scaf102.pdb,scaf119.pdb,18.215467
scaf102.pdb,scaf120.pdb,20.04255
scaf102.pdb,scaf121.pdb,23.288849
scaf102.pdb,scaf122.pdb,22.85442
scaf102.pdb,scaf123.pdb,19.273525
scaf102.pdb,scaf125.pdb,17.250618
scaf102.pdb,scaf126.pdb,18.014275
scaf102.pdb,scaf127.pdb,18.410439
scaf102.pdb,scaf128.pdb,17.130667
scaf102.pdb,scaf13.pdb,20.005287
scaf102.pdb,scaf130.pdb,25.163832
scaf102.pdb,scaf131.pdb,16.804876
scaf102.pdb,scaf133.pdb,24.621157
scaf102.pdb,scaf134.pdb,16.625717
scaf102.pdb,scaf135.pdb,14.358489
scaf102.pdb,scaf136.pdb,14.844333
scaf102.pdb,scaf137.pdb,22.762627
scaf102.pdb,scaf138.pdb,21.945356
scaf102.pdb,scaf139.pdb,17.018661
scaf102.pdb,scaf14.pdb,2.0476177
scaf102.pdb,scaf140.pdb,23.442709
scaf102.pdb,scaf141.pdb,17.596897
scaf102.pdb,scaf143.pdb,22.069523
scaf102.pdb,scaf144.pdb,22.450588
scaf102.pdb,scaf145.pdb,19.898735
scaf102.pdb,scaf147.pdb,22.07847
scaf102.pdb,scaf148.pdb,19.066748
scaf102.pdb,scaf149.pdb,18.42273
scaf102.pdb,scaf15.pdb,24.37514
scaf102.pdb,scaf151.pdb,2.259326
scaf102.pdb,scaf153.pdb,21.022505
scaf102.pdb,scaf154.pdb,21.519388
scaf102.pdb,scaf155.pdb,23.533758
scaf102.pdb,scaf156.pdb,2.1426475
scaf102.pdb,scaf158.pdb,21.624872
scaf102.pdb,scaf16.pdb,17.102873
scaf102.pdb,scaf162.pdb,20.518122
scaf102.pdb,scaf163.pdb,18.384365
scaf102.pdb,scaf164.pdb,16.678766
scaf102.pdb,scaf166.pdb,23.140211
scaf102.pdb,scaf167.pdb,16.500334
scaf102.pdb,scaf168.pdb,20.51305
scaf102.pdb,scaf169.pdb,17.799137
scaf102.pdb,scaf17.pdb,21.24094
scaf102.pdb,scaf170.pdb,19.892605
scaf102.pdb,scaf171.pdb,2.3089302
scaf102.pdb,scaf172.pdb,16.564014
scaf102.pdb,scaf173.pdb,2.0806894
scaf102.pdb,scaf174.pdb,23.671867
scaf102.pdb,scaf175.pdb,19.708128
scaf102.pdb,scaf176.pdb,24.72212
scaf102.pdb,scaf177.pdb,20.19265
scaf102.pdb,scaf179.pdb,18.01496
scaf102.pdb,scaf18.pdb,21.110361
scaf102.pdb,scaf19.pdb,11.258592
scaf102.pdb,scaf20.pdb,18.502556
scaf102.pdb,scaf21.pdb,19.063665
scaf102.pdb,scaf22.pdb,19.509417
scaf102.pdb,scaf23.pdb,15.711646
scaf102.pdb,scaf24.pdb,21.757988
scaf102.pdb,scaf26.pdb,19.273596
scaf102.pdb,scaf27.pdb,17.423946
scaf102.pdb,scaf28.pdb,2.0810585
scaf102.pdb,scaf29.pdb,23.054232
scaf102.pdb,scaf3.pdb,24.557981
scaf102.pdb,scaf30.pdb,17.290258
scaf102.pdb,scaf31.pdb,21.384779
scaf102.pdb,scaf32.pdb,19.262304
scaf102.pdb,scaf33.pdb,20.7779
scaf102.pdb,scaf34.pdb,21.58626
scaf102.pdb,scaf35.pdb,20.071283
scaf102.pdb,scaf37.pdb,15.718142
scaf102.pdb,scaf38.pdb,17.28677
scaf102.pdb,scaf4.pdb,25.816051
scaf102.pdb,scaf40.pdb,16.09281
scaf102.pdb,scaf42.pdb,19.392935
scaf102.pdb,scaf44.pdb,25.582205
scaf102.pdb,scaf45.pdb,17.437494
scaf102.pdb,scaf47.pdb,19.737917
scaf102.pdb,scaf48.pdb,23.652391
scaf102.pdb,scaf49.pdb,16.633707
scaf102.pdb,scaf5.pdb,21.46039
scaf102.pdb,scaf50.pdb,17.509653
scaf102.pdb,scaf51.pdb,21.10675
scaf102.pdb,scaf52.pdb,19.721792
scaf102.pdb,scaf53.pdb,18.377296
scaf102.pdb,scaf54.pdb,20.486364
scaf102.pdb,scaf55.pdb,25.849646
scaf102.pdb,scaf56.pdb,21.723146
scaf102.pdb,scaf57.pdb,20.118345
scaf102.pdb,scaf58.pdb,20.0492
scaf102.pdb,scaf59.pdb,19.781788
scaf102.pdb,scaf6.pdb,24.572874
scaf102.pdb,scaf60.pdb,24.737392
scaf102.pdb,scaf61.pdb,21.223873
scaf102.pdb,scaf62.pdb,16.864738
scaf102.pdb,scaf63.pdb,24.640179
scaf102.pdb,scaf64.pdb,20.281475
scaf102.pdb,scaf65.pdb,15.284801
scaf102.pdb,scaf66.pdb,21.539202
scaf102.pdb,scaf67.pdb,19.44298
scaf102.pdb,scaf68.pdb,21.554695
scaf102.pdb,scaf7.pdb,22.008778
scaf102.pdb,scaf70.pdb,22.27613
scaf102.pdb,scaf71.pdb,21.887436
scaf102.pdb,scaf72.pdb,17.432194
scaf102.pdb,scaf74.pdb,18.964594
scaf102.pdb,scaf75.pdb,23.387327
scaf102.pdb,scaf76.pdb,14.165508
scaf102.pdb,scaf77.pdb,21.578691
scaf102.pdb,scaf78.pdb,21.359528
scaf102.pdb,scaf79.pdb,16.212807
scaf102.pdb,scaf8.pdb,19.02378
scaf102.pdb,scaf81.pdb,24.146208
scaf102.pdb,scaf82.pdb,20.209509
scaf102.pdb,scaf83.pdb,21.363007
scaf102.pdb,scaf84.pdb,20.040276
scaf102.pdb,scaf85.pdb,24.511814
scaf102.pdb,scaf86.pdb,16.65838
scaf102.pdb,scaf88.pdb,22.946838
scaf102.pdb,scaf89.pdb,15.569048
scaf102.pdb,scaf9.pdb,23.445173
scaf102.pdb,scaf90.pdb,16.583336
scaf102.pdb,scaf91.pdb,16.304842
scaf102.pdb,scaf92.pdb,25.15033
scaf102.pdb,scaf93.pdb,20.474277
scaf102.pdb,scaf94.pdb,14.70208
scaf102.pdb,scaf95.pdb,18.514385
scaf102.pdb,scaf96.pdb,23.402075
scaf102.pdb,scaf97.pdb,19.156282
scaf102.pdb,scaf98.pdb,23.278536
scaf102.pdb,scaf99.pdb,15.802205
scaf103.pdb,scaf104.pdb,1.3712739
scaf103.pdb,scaf105.pdb,17.94847
scaf103.pdb,scaf106.pdb,19.429638
scaf103.pdb,scaf107.pdb,16.063654
scaf103.pdb,scaf109.pdb,19.567999
scaf103.pdb,scaf11.pdb,10.394486
scaf103.pdb,scaf110.pdb,13.746287
scaf103.pdb,scaf111.pdb,12.341422
scaf103.pdb,scaf112.pdb,24.318102
scaf103.pdb,scaf113.pdb,20.530485
scaf103.pdb,scaf114.pdb,19.122646
scaf103.pdb,scaf115.pdb,1.4731393
scaf103.pdb,scaf117.pdb,22.476221
scaf103.pdb,scaf118.pdb,23.261494
scaf103.pdb,scaf119.pdb,15.093946
scaf103.pdb,scaf120.pdb,20.766607
scaf103.pdb,scaf121.pdb,21.082752
scaf103.pdb,scaf122.pdb,22.754063
scaf103.pdb,scaf123.pdb,21.75319
scaf103.pdb,scaf125.pdb,17.200459
scaf103.pdb,scaf126.pdb,17.105288
scaf103.pdb,scaf127.pdb,18.833467
scaf103.pdb,scaf128.pdb,0.96830666
scaf103.pdb,scaf13.pdb,18.945486
scaf103.pdb,scaf130.pdb,22.854244
scaf103.pdb,scaf131.pdb,20.484936
scaf103.pdb,scaf133.pdb,23.84801
scaf103.pdb,scaf134.pdb,1.8819516
scaf103.pdb,scaf135.pdb,12.883208
scaf103.pdb,scaf136.pdb,12.231434
scaf103.pdb,scaf137.pdb,23.350195
scaf103.pdb,scaf138.pdb,21.3798
scaf103.pdb,scaf139.pdb,13.607003
scaf103.pdb,scaf14.pdb,16.578012
scaf103.pdb,scaf140.pdb,22.886799
scaf103.pdb,scaf141.pdb,14.499847
scaf103.pdb,scaf143.pdb,18.94265
scaf103.pdb,scaf144.pdb,13.0539055
scaf103.pdb,scaf145.pdb,16.286144
scaf103.pdb,scaf147.pdb,26.21055
scaf103.pdb,scaf148.pdb,22.945553
scaf103.pdb,scaf149.pdb,15.0141735
scaf103.pdb,scaf15.pdb,24.51168
scaf103.pdb,scaf151.pdb,15.804976
scaf103.pdb,scaf153.pdb,15.532258
scaf103.pdb,scaf154.pdb,19.339155
scaf103.pdb,scaf155.pdb,23.978106
scaf103.pdb,scaf156.pdb,16.533686
scaf103.pdb,scaf158.pdb,12.362087
scaf103.pdb,scaf16.pdb,1.6804011
scaf103.pdb,scaf162.pdb,23.031246
scaf103.pdb,scaf163.pdb,15.684849
scaf103.pdb,scaf164.pdb,16.173119
scaf103.pdb,scaf166.pdb,25.325405
scaf103.pdb,scaf167.pdb,15.9308405
scaf103.pdb,scaf168.pdb,23.315914
scaf103.pdb,scaf169.pdb,20.859833
scaf103.pdb,scaf17.pdb,17.58741
scaf103.pdb,scaf170.pdb,13.537591
scaf103.pdb,scaf171.pdb,15.966027
scaf103.pdb,scaf172.pdb,5.890103
scaf103.pdb,scaf173.pdb,16.497192
scaf103.pdb,scaf174.pdb,21.147179
scaf103.pdb,scaf175.pdb,23.313168
scaf103.pdb,scaf176.pdb,17.725996
scaf103.pdb,scaf177.pdb,23.241938
scaf103.pdb,scaf179.pdb,14.109458
scaf103.pdb,scaf18.pdb,23.880703
scaf103.pdb,scaf19.pdb,15.631057
scaf103.pdb,scaf20.pdb,19.573874
scaf103.pdb,scaf21.pdb,15.957391
scaf103.pdb,scaf22.pdb,23.93834
scaf103.pdb,scaf23.pdb,19.228481
scaf103.pdb,scaf24.pdb,19.451063
scaf103.pdb,scaf26.pdb,23.032164
scaf103.pdb,scaf27.pdb,1.6721628
scaf103.pdb,scaf28.pdb,16.628237
scaf103.pdb,scaf29.pdb,17.073479
scaf103.pdb,scaf3.pdb,23.746134
scaf103.pdb,scaf30.pdb,21.113056
scaf103.pdb,scaf31.pdb,19.248365
scaf103.pdb,scaf32.pdb,21.33397
scaf103.pdb,scaf33.pdb,22.848967
scaf103.pdb,scaf34.pdb,22.658525
scaf103.pdb,scaf35.pdb,23.500574
scaf103.pdb,scaf37.pdb,19.448997
scaf103.pdb,scaf38.pdb,21.096111
scaf103.pdb,scaf4.pdb,22.554342
scaf103.pdb,scaf40.pdb,14.266507
scaf103.pdb,scaf42.pdb,18.366337
scaf103.pdb,scaf44.pdb,17.703495
scaf103.pdb,scaf45.pdb,14.052397
scaf103.pdb,scaf47.pdb,18.486376
scaf103.pdb,scaf48.pdb,21.889519
scaf103.pdb,scaf49.pdb,15.7848215
scaf103.pdb,scaf5.pdb,21.667715
scaf103.pdb,scaf50.pdb,18.623549
scaf103.pdb,scaf51.pdb,16.018906
scaf103.pdb,scaf52.pdb,15.499682
scaf103.pdb,scaf53.pdb,14.177552
scaf103.pdb,scaf54.pdb,21.84266
scaf103.pdb,scaf55.pdb,22.27775
scaf103.pdb,scaf56.pdb,19.866995
scaf103.pdb,scaf57.pdb,13.345034
scaf103.pdb,scaf58.pdb,23.232347
scaf103.pdb,scaf59.pdb,13.886938
scaf103.pdb,scaf6.pdb,21.294716
scaf103.pdb,scaf60.pdb,23.812408
scaf103.pdb,scaf61.pdb,10.804956
scaf103.pdb,scaf62.pdb,13.764258
scaf103.pdb,scaf63.pdb,22.587257
scaf103.pdb,scaf64.pdb,23.60893
scaf103.pdb,scaf65.pdb,18.875843
scaf103.pdb,scaf66.pdb,19.301367
scaf103.pdb,scaf67.pdb,12.390023
scaf103.pdb,scaf68.pdb,19.671139
scaf103.pdb,scaf7.pdb,19.478855
scaf103.pdb,scaf70.pdb,22.905584
scaf103.pdb,scaf71.pdb,19.268665
scaf103.pdb,scaf72.pdb,21.270033
scaf103.pdb,scaf74.pdb,7.0810456
scaf103.pdb,scaf75.pdb,14.04729
scaf103.pdb,scaf76.pdb,19.37514
scaf103.pdb,scaf77.pdb,19.557236
scaf103.pdb,scaf78.pdb,19.818148
scaf103.pdb,scaf79.pdb,21.146791
scaf103.pdb,scaf8.pdb,14.801267
scaf103.pdb,scaf81.pdb,19.332268
scaf103.pdb,scaf82.pdb,13.029263
scaf103.pdb,scaf83.pdb,16.236462
scaf103.pdb,scaf84.pdb,22.465063
scaf103.pdb,scaf85.pdb,26.18569
scaf103.pdb,scaf86.pdb,0.92304134
scaf103.pdb,scaf88.pdb,21.58765
scaf103.pdb,scaf89.pdb,2.9321098
scaf103.pdb,scaf9.pdb,23.903595
scaf103.pdb,scaf90.pdb,13.650384
scaf103.pdb,scaf91.pdb,15.7332115
scaf103.pdb,scaf92.pdb,25.064327
scaf103.pdb,scaf93.pdb,19.418663
scaf103.pdb,scaf94.pdb,20.082897
scaf103.pdb,scaf95.pdb,23.440653
scaf103.pdb,scaf96.pdb,18.750769
scaf103.pdb,scaf97.pdb,22.720232
scaf103.pdb,scaf98.pdb,13.950092
scaf103.pdb,scaf99.pdb,13.2669325
scaf104.pdb,scaf105.pdb,18.025427
scaf104.pdb,scaf106.pdb,19.404848
scaf104.pdb,scaf107.pdb,15.843971
scaf104.pdb,scaf109.pdb,19.90028
scaf104.pdb,scaf11.pdb,10.172518
scaf104.pdb,scaf110.pdb,13.969025
scaf104.pdb,scaf111.pdb,12.343918
scaf104.pdb,scaf112.pdb,24.225328
scaf104.pdb,scaf113.pdb,20.644894
scaf104.pdb,scaf114.pdb,19.472775
scaf104.pdb,scaf115.pdb,0.4997087
scaf104.pdb,scaf117.pdb,22.362827
scaf104.pdb,scaf118.pdb,23.231285
scaf104.pdb,scaf119.pdb,15.10378
scaf104.pdb,scaf120.pdb,20.780363
scaf104.pdb,scaf121.pdb,21.191963
scaf104.pdb,scaf122.pdb,22.82368
scaf104.pdb,scaf123.pdb,21.669659
scaf104.pdb,scaf125.pdb,17.121643
scaf104.pdb,scaf126.pdb,17.236383
scaf104.pdb,scaf127.pdb,18.811718
scaf104.pdb,scaf128.pdb,1.726369
scaf104.pdb,scaf13.pdb,19.121075
scaf104.pdb,scaf130.pdb,23.116259
scaf104.pdb,scaf131.pdb,20.462929
scaf104.pdb,scaf133.pdb,24.091927
scaf104.pdb,scaf134.pdb,1.8123814
scaf104.pdb,scaf135.pdb,12.355088
scaf104.pdb,scaf136.pdb,11.752293
scaf104.pdb,scaf137.pdb,23.397095
scaf104.pdb,scaf138.pdb,21.456924
scaf104.pdb,scaf139.pdb,13.757511
scaf104.pdb,scaf14.pdb,15.944517
scaf104.pdb,scaf140.pdb,22.912592
scaf104.pdb,scaf141.pdb,14.251707
scaf104.pdb,scaf143.pdb,18.986998
scaf104.pdb,scaf144.pdb,13.295494
scaf104.pdb,scaf145.pdb,16.233072
scaf104.pdb,scaf147.pdb,26.051788
scaf104.pdb,scaf148.pdb,22.85773
scaf104.pdb,scaf149.pdb,14.950816
scaf104.pdb,scaf15.pdb,24.50469
scaf104.pdb,scaf151.pdb,15.1410885
scaf104.pdb,scaf153.pdb,15.391001
scaf104.pdb,scaf154.pdb,19.32458
scaf104.pdb,scaf155.pdb,24.141308
scaf104.pdb,scaf156.pdb,15.8854
scaf104.pdb,scaf158.pdb,12.508891
scaf104.pdb,scaf16.pdb,2.3148987
scaf104.pdb,scaf162.pdb,22.866451
scaf104.pdb,scaf163.pdb,15.694936
scaf104.pdb,scaf164.pdb,16.182009
scaf104.pdb,scaf166.pdb,25.433626
scaf104.pdb,scaf167.pdb,15.741615
scaf104.pdb,scaf168.pdb,23.25769
scaf104.pdb,scaf169.pdb,20.649864
scaf104.pdb,scaf17.pdb,17.803331
scaf104.pdb,scaf170.pdb,13.723879
scaf104.pdb,scaf171.pdb,15.297894
scaf104.pdb,scaf172.pdb,5.500985
scaf104.pdb,scaf173.pdb,15.819244
scaf104.pdb,scaf174.pdb,21.248177
scaf104.pdb,scaf175.pdb,23.231829
scaf104.pdb,scaf176.pdb,18.089586
scaf104.pdb,scaf177.pdb,23.108639
scaf104.pdb,scaf179.pdb,14.019236
scaf104.pdb,scaf18.pdb,23.735733
scaf104.pdb,scaf19.pdb,15.102765
scaf104.pdb,scaf20.pdb,19.635664
scaf104.pdb,scaf21.pdb,16.068447
scaf104.pdb,scaf22.pdb,23.83667
scaf104.pdb,scaf23.pdb,19.054647
scaf104.pdb,scaf24.pdb,19.474237
scaf104.pdb,scaf26.pdb,22.906767
scaf104.pdb,scaf27.pdb,2.458453
scaf104.pdb,scaf28.pdb,15.987828
scaf104.pdb,scaf29.pdb,17.24607
scaf104.pdb,scaf3.pdb,23.988722
scaf104.pdb,scaf30.pdb,21.157845
scaf104.pdb,scaf31.pdb,19.254992
scaf104.pdb,scaf32.pdb,21.346159
scaf104.pdb,scaf33.pdb,22.816458
scaf104.pdb,scaf34.pdb,22.712276
scaf104.pdb,scaf35.pdb,23.490925
scaf104.pdb,scaf37.pdb,19.260847
scaf104.pdb,scaf38.pdb,20.822285
scaf104.pdb,scaf4.pdb,22.860483
scaf104.pdb,scaf40.pdb,13.882841
scaf104.pdb,scaf42.pdb,18.5337
scaf104.pdb,scaf44.pdb,18.113787
scaf104.pdb,scaf45.pdb,14.251696
scaf104.pdb,scaf47.pdb,18.27302
scaf104.pdb,scaf48.pdb,22.14571
scaf104.pdb,scaf49.pdb,15.293108
scaf104.pdb,scaf5.pdb,21.634624
scaf104.pdb,scaf50.pdb,18.62701
scaf104.pdb,scaf51.pdb,15.809639
scaf104.pdb,scaf52.pdb,15.25855
scaf104.pdb,scaf53.pdb,14.110805
scaf104.pdb,scaf54.pdb,21.762651
scaf104.pdb,scaf55.pdb,22.59383
scaf104.pdb,scaf56.pdb,19.866417
scaf104.pdb,scaf57.pdb,13.217457
scaf104.pdb,scaf58.pdb,23.216486
scaf104.pdb,scaf59.pdb,14.060956
scaf104.pdb,scaf6.pdb,21.47406
scaf104.pdb,scaf60.pdb,24.041838
scaf104.pdb,scaf61.pdb,11.102455
scaf104.pdb,scaf62.pdb,13.9053135
scaf104.pdb,scaf63.pdb,22.848312
scaf104.pdb,scaf64.pdb,23.620607
scaf104.pdb,scaf65.pdb,18.702173
scaf104.pdb,scaf66.pdb,19.293615
scaf104.pdb,scaf67.pdb,12.167958
scaf104.pdb,scaf68.pdb,19.689587
scaf104.pdb,scaf7.pdb,19.517632
scaf104.pdb,scaf70.pdb,22.716106
scaf104.pdb,scaf71.pdb,19.300571
scaf104.pdb,scaf72.pdb,20.988869
scaf104.pdb,scaf74.pdb,7.4071517
scaf104.pdb,scaf75.pdb,14.319841
scaf104.pdb,scaf76.pdb,19.048103
scaf104.pdb,scaf77.pdb,19.568745
scaf104.pdb,scaf78.pdb,19.874622
scaf104.pdb,scaf79.pdb,20.996529
scaf104.pdb,scaf8.pdb,14.725607
scaf104.pdb,scaf81.pdb,19.38522
scaf104.pdb,scaf82.pdb,13.260169
scaf104.pdb,scaf83.pdb,16.468422
scaf104.pdb,scaf84.pdb,22.501907
scaf104.pdb,scaf85.pdb,26.235376
scaf104.pdb,scaf86.pdb,1.1737508
scaf104.pdb,scaf88.pdb,21.729954
scaf104.pdb,scaf89.pdb,2.1325703
scaf104.pdb,scaf9.pdb,24.068348
scaf104.pdb,scaf90.pdb,13.719598
scaf104.pdb,scaf91.pdb,15.223269
scaf104.pdb,scaf92.pdb,25.255234
scaf104.pdb,scaf93.pdb,19.420704
scaf104.pdb,scaf94.pdb,19.446125
scaf104.pdb,scaf95.pdb,23.298182
scaf104.pdb,scaf96.pdb,18.776451
scaf104.pdb,scaf97.pdb,22.590748
scaf104.pdb,scaf98.pdb,14.214584
scaf104.pdb,scaf99.pdb,13.256105
scaf105.pdb,scaf106.pdb,16.452383
scaf105.pdb,scaf107.pdb,18.290836
scaf105.pdb,scaf109.pdb,19.674833
scaf105.pdb,scaf11.pdb,16.019438
scaf105.pdb,scaf110.pdb,18.969902
scaf105.pdb,scaf111.pdb,15.347664
scaf105.pdb,scaf112.pdb,29.531454
scaf105.pdb,scaf113.pdb,17.013802
scaf105.pdb,scaf114.pdb,18.96135
scaf105.pdb,scaf115.pdb,17.895075
scaf105.pdb,scaf117.pdb,26.612213
scaf105.pdb,scaf118.pdb,23.195557
scaf105.pdb,scaf119.pdb,8.373692
scaf105.pdb,scaf120.pdb,25.852617
scaf105.pdb,scaf121.pdb,19.19268
scaf105.pdb,scaf122.pdb,20.678608
scaf105.pdb,scaf123.pdb,19.799181
scaf105.pdb,scaf125.pdb,23.105349
scaf105.pdb,scaf126.pdb,20.002563
scaf105.pdb,scaf127.pdb,20.792557
scaf105.pdb,scaf128.pdb,17.840652
scaf105.pdb,scaf13.pdb,20.235146
scaf105.pdb,scaf130.pdb,19.528473
scaf105.pdb,scaf131.pdb,18.355635
scaf105.pdb,scaf133.pdb,19.049072
scaf105.pdb,scaf134.pdb,17.529934
scaf105.pdb,scaf135.pdb,17.204975
scaf105.pdb,scaf136.pdb,18.787516
scaf105.pdb,scaf137.pdb,22.661053
scaf105.pdb,scaf138.pdb,18.421114
scaf105.pdb,scaf139.pdb,18.807568
scaf105.pdb,scaf14.pdb,21.328459
scaf105.pdb,scaf140.pdb,17.007599
scaf105.pdb,scaf141.pdb,13.757536
scaf105.pdb,scaf143.pdb,15.776164
scaf105.pdb,scaf144.pdb,18.671015
scaf105.pdb,scaf145.pdb,20.263353
scaf105.pdb,scaf147.pdb,27.13617
scaf105.pdb,scaf148.pdb,27.080242
scaf105.pdb,scaf149.pdb,10.564678
scaf105.pdb,scaf15.pdb,28.197687
scaf105.pdb,scaf151.pdb,20.912462
scaf105.pdb,scaf153.pdb,15.575181
scaf105.pdb,scaf154.pdb,16.126999
scaf105.pdb,scaf155.pdb,20.071081
scaf105.pdb,scaf156.pdb,20.799366
scaf105.pdb,scaf158.pdb,12.056912
scaf105.pdb,scaf16.pdb,17.772373
scaf105.pdb,scaf162.pdb,23.508505
scaf105.pdb,scaf163.pdb,18.804123
scaf105.pdb,scaf164.pdb,17.339283
scaf105.pdb,scaf166.pdb,18.824059
scaf105.pdb,scaf167.pdb,9.934552
scaf105.pdb,scaf168.pdb,26.173082
scaf105.pdb,scaf169.pdb,24.844603
scaf105.pdb,scaf17.pdb,16.500975
scaf105.pdb,scaf170.pdb,19.351957
scaf105.pdb,scaf171.pdb,20.859634
scaf105.pdb,scaf172.pdb,16.262945
scaf105.pdb,scaf173.pdb,20.870632
scaf105.pdb,scaf174.pdb,16.641645
scaf105.pdb,scaf175.pdb,26.541655
scaf105.pdb,scaf176.pdb,18.852474
scaf105.pdb,scaf177.pdb,23.170431
scaf105.pdb,scaf179.pdb,18.08534
scaf105.pdb,scaf18.pdb,23.100325
scaf105.pdb,scaf19.pdb,22.764856
scaf105.pdb,scaf20.pdb,20.4981
scaf105.pdb,scaf21.pdb,18.515717
scaf105.pdb,scaf22.pdb,22.86859
scaf105.pdb,scaf23.pdb,17.774288
scaf105.pdb,scaf24.pdb,15.700415
scaf105.pdb,scaf26.pdb,27.06244
scaf105.pdb,scaf27.pdb,17.689009
scaf105.pdb,scaf28.pdb,21.339613
scaf105.pdb,scaf29.pdb,17.242048
scaf105.pdb,scaf3.pdb,19.876633
scaf105.pdb,scaf30.pdb,20.832214
scaf105.pdb,scaf31.pdb,15.5184145
scaf105.pdb,scaf32.pdb,21.139416
scaf105.pdb,scaf33.pdb,25.045645
scaf105.pdb,scaf34.pdb,22.971804
scaf105.pdb,scaf35.pdb,23.686113
scaf105.pdb,scaf37.pdb,17.687342
scaf105.pdb,scaf38.pdb,25.610546
scaf105.pdb,scaf4.pdb,17.563856
scaf105.pdb,scaf40.pdb,15.724955
scaf105.pdb,scaf42.pdb,19.73178
scaf105.pdb,scaf44.pdb,14.906527
scaf105.pdb,scaf45.pdb,18.104994
scaf105.pdb,scaf47.pdb,12.945284
scaf105.pdb,scaf48.pdb,18.185305
scaf105.pdb,scaf49.pdb,19.13713
scaf105.pdb,scaf5.pdb,22.79102
scaf105.pdb,scaf50.pdb,16.659912
scaf105.pdb,scaf51.pdb,12.513273
scaf105.pdb,scaf52.pdb,15.82428
scaf105.pdb,scaf53.pdb,10.133602
scaf105.pdb,scaf54.pdb,23.119534
scaf105.pdb,scaf55.pdb,17.530693
scaf105.pdb,scaf56.pdb,15.79943
scaf105.pdb,scaf57.pdb,14.450037
scaf105.pdb,scaf58.pdb,23.18524
scaf105.pdb,scaf59.pdb,19.593134
scaf105.pdb,scaf6.pdb,13.534233
scaf105.pdb,scaf60.pdb,19.267527
scaf105.pdb,scaf61.pdb,17.008087
scaf105.pdb,scaf62.pdb,18.448769
scaf105.pdb,scaf63.pdb,19.554752
scaf105.pdb,scaf64.pdb,24.218157
scaf105.pdb,scaf65.pdb,17.4149
scaf105.pdb,scaf66.pdb,16.072268
scaf105.pdb,scaf67.pdb,14.191673
scaf105.pdb,scaf68.pdb,15.810139
scaf105.pdb,scaf7.pdb,15.645245
scaf105.pdb,scaf70.pdb,21.79145
scaf105.pdb,scaf71.pdb,15.697315
scaf105.pdb,scaf72.pdb,25.550776
scaf105.pdb,scaf74.pdb,18.687746
scaf105.pdb,scaf75.pdb,18.334534
scaf105.pdb,scaf76.pdb,24.944178
scaf105.pdb,scaf77.pdb,15.742072
scaf105.pdb,scaf78.pdb,14.710143
scaf105.pdb,scaf79.pdb,24.203808
scaf105.pdb,scaf8.pdb,9.97952
scaf105.pdb,scaf81.pdb,12.015092
scaf105.pdb,scaf82.pdb,17.626324
scaf105.pdb,scaf83.pdb,16.758709
scaf105.pdb,scaf84.pdb,20.89791
scaf105.pdb,scaf85.pdb,25.22013
scaf105.pdb,scaf86.pdb,17.903282
scaf105.pdb,scaf88.pdb,16.937834
scaf105.pdb,scaf89.pdb,18.676027
scaf105.pdb,scaf9.pdb,20.068096
scaf105.pdb,scaf90.pdb,21.588482
scaf105.pdb,scaf91.pdb,19.134548
scaf105.pdb,scaf92.pdb,20.382698
scaf105.pdb,scaf93.pdb,16.107468
scaf105.pdb,scaf94.pdb,21.097769
scaf105.pdb,scaf95.pdb,25.095993
scaf105.pdb,scaf96.pdb,11.260253
scaf105.pdb,scaf97.pdb,27.411345
scaf105.pdb,scaf98.pdb,18.189396
scaf105.pdb,scaf99.pdb,19.30793
scaf106.pdb,scaf107.pdb,21.158064
scaf106.pdb,scaf109.pdb,16.736689
scaf106.pdb,scaf11.pdb,17.905012
scaf106.pdb,scaf110.pdb,21.174158
scaf106.pdb,scaf111.pdb,20.36744
scaf106.pdb,scaf112.pdb,22.500528
scaf106.pdb,scaf113.pdb,17.457842
scaf106.pdb,scaf114.pdb,17.016617
scaf106.pdb,scaf115.pdb,19.33972
scaf106.pdb,scaf117.pdb,20.395685
scaf106.pdb,scaf118.pdb,19.963394
scaf106.pdb,scaf119.pdb,16.616262
scaf106.pdb,scaf120.pdb,23.938944
scaf106.pdb,scaf121.pdb,17.333399
scaf106.pdb,scaf122.pdb,11.093806
scaf106.pdb,scaf123.pdb,17.542366
scaf106.pdb,scaf125.pdb,21.410477
scaf106.pdb,scaf126.pdb,17.977425
scaf106.pdb,scaf127.pdb,18.450546
scaf106.pdb,scaf128.pdb,19.513336
scaf106.pdb,scaf13.pdb,14.90275
scaf106.pdb,scaf130.pdb,15.74467
scaf106.pdb,scaf131.pdb,11.476135
scaf106.pdb,scaf133.pdb,16.18269
scaf106.pdb,scaf134.pdb,19.140207
scaf106.pdb,scaf135.pdb,19.073427
scaf106.pdb,scaf136.pdb,18.246702
scaf106.pdb,scaf137.pdb,14.927945
scaf106.pdb,scaf138.pdb,14.335758
scaf106.pdb,scaf139.pdb,20.796055
scaf106.pdb,scaf14.pdb,21.688776
scaf106.pdb,scaf140.pdb,14.467635
scaf106.pdb,scaf141.pdb,18.814817
scaf106.pdb,scaf143.pdb,4.574397
scaf106.pdb,scaf144.pdb,16.73605
scaf106.pdb,scaf145.pdb,19.762524
scaf106.pdb,scaf147.pdb,20.548227
scaf106.pdb,scaf148.pdb,20.857216
scaf106.pdb,scaf149.pdb,17.688978
scaf106.pdb,scaf15.pdb,23.891685
scaf106.pdb,scaf151.pdb,21.30335
scaf106.pdb,scaf153.pdb,19.965971
scaf106.pdb,scaf154.pdb,1.5551791
scaf106.pdb,scaf155.pdb,16.530964
scaf106.pdb,scaf156.pdb,20.992798
scaf106.pdb,scaf158.pdb,14.911124
scaf106.pdb,scaf16.pdb,19.56013
scaf106.pdb,scaf162.pdb,19.086637
scaf106.pdb,scaf163.pdb,17.546293
scaf106.pdb,scaf164.pdb,16.485218
scaf106.pdb,scaf166.pdb,18.718521
scaf106.pdb,scaf167.pdb,16.818974
scaf106.pdb,scaf168.pdb,21.185747
scaf106.pdb,scaf169.pdb,23.538342
scaf106.pdb,scaf17.pdb,16.600039
scaf106.pdb,scaf170.pdb,18.566183
scaf106.pdb,scaf171.pdb,21.331163
scaf106.pdb,scaf172.pdb,18.662428
scaf106.pdb,scaf173.pdb,21.017538
scaf106.pdb,scaf174.pdb,13.214944
scaf106.pdb,scaf175.pdb,20.278006
scaf106.pdb,scaf176.pdb,12.290795
scaf106.pdb,scaf177.pdb,14.2769
scaf106.pdb,scaf179.pdb,22.050604
scaf106.pdb,scaf18.pdb,17.196016
scaf106.pdb,scaf19.pdb,22.73527
scaf106.pdb,scaf20.pdb,22.394167
scaf106.pdb,scaf21.pdb,7.9831038
scaf106.pdb,scaf22.pdb,15.785941
scaf106.pdb,scaf23.pdb,14.3148575
scaf106.pdb,scaf24.pdb,2.5905156
scaf106.pdb,scaf26.pdb,20.685324
scaf106.pdb,scaf27.pdb,19.383297
scaf106.pdb,scaf28.pdb,21.703918
scaf106.pdb,scaf29.pdb,11.549707
scaf106.pdb,scaf3.pdb,16.359083
scaf106.pdb,scaf30.pdb,19.693943
scaf106.pdb,scaf31.pdb,3.329292
scaf106.pdb,scaf32.pdb,11.417901
scaf106.pdb,scaf33.pdb,19.30897
scaf106.pdb,scaf34.pdb,17.852106
scaf106.pdb,scaf35.pdb,20.165993
scaf106.pdb,scaf37.pdb,18.164207
scaf106.pdb,scaf38.pdb,22.834778
scaf106.pdb,scaf4.pdb,15.685596
scaf106.pdb,scaf40.pdb,15.592893
scaf106.pdb,scaf42.pdb,15.208448
scaf106.pdb,scaf44.pdb,12.304011
scaf106.pdb,scaf45.pdb,21.115187
scaf106.pdb,scaf47.pdb,15.541572
scaf106.pdb,scaf48.pdb,14.690351
scaf106.pdb,scaf49.pdb,18.443798
scaf106.pdb,scaf5.pdb,20.702463
scaf106.pdb,scaf50.pdb,14.80565
scaf106.pdb,scaf51.pdb,15.919949
scaf106.pdb,scaf52.pdb,15.767182
scaf106.pdb,scaf53.pdb,17.228277
scaf106.pdb,scaf54.pdb,18.103546
scaf106.pdb,scaf55.pdb,15.582193
scaf106.pdb,scaf56.pdb,2.6613245
scaf106.pdb,scaf57.pdb,16.28649
scaf106.pdb,scaf58.pdb,19.853851
scaf106.pdb,scaf59.pdb,18.805912
scaf106.pdb,scaf6.pdb,14.422529
scaf106.pdb,scaf60.pdb,15.727816
scaf106.pdb,scaf61.pdb,16.096786
scaf106.pdb,scaf62.pdb,20.987005
scaf106.pdb,scaf63.pdb,15.197056
scaf106.pdb,scaf64.pdb,20.388693
scaf106.pdb,scaf65.pdb,18.014305
scaf106.pdb,scaf66.pdb,1.5731755
scaf106.pdb,scaf67.pdb,16.752018
scaf106.pdb,scaf68.pdb,2.8467717
scaf106.pdb,scaf7.pdb,2.8311236
scaf106.pdb,scaf70.pdb,18.689774
scaf106.pdb,scaf71.pdb,2.3941386
scaf106.pdb,scaf72.pdb,22.930702
scaf106.pdb,scaf74.pdb,18.749971
scaf106.pdb,scaf75.pdb,16.55898
scaf106.pdb,scaf76.pdb,20.949821
scaf106.pdb,scaf77.pdb,2.673556
scaf106.pdb,scaf78.pdb,13.443765
scaf106.pdb,scaf79.pdb,20.658096
scaf106.pdb,scaf8.pdb,17.273743
scaf106.pdb,scaf81.pdb,16.147976
scaf106.pdb,scaf82.pdb,17.786922
scaf106.pdb,scaf83.pdb,15.301279
scaf106.pdb,scaf84.pdb,14.129103
scaf106.pdb,scaf85.pdb,20.851873
scaf106.pdb,scaf86.pdb,19.39063
scaf106.pdb,scaf88.pdb,13.077184
scaf106.pdb,scaf89.pdb,19.545605
scaf106.pdb,scaf9.pdb,16.427399
scaf106.pdb,scaf90.pdb,22.08303
scaf106.pdb,scaf91.pdb,18.414808
scaf106.pdb,scaf92.pdb,17.547667
scaf106.pdb,scaf93.pdb,4.836757
scaf106.pdb,scaf94.pdb,21.26635
scaf106.pdb,scaf95.pdb,24.307835
scaf106.pdb,scaf96.pdb,15.763267
scaf106.pdb,scaf97.pdb,20.765366
scaf106.pdb,scaf98.pdb,16.455814
scaf106.pdb,scaf99.pdb,20.322327
scaf107.pdb,scaf109.pdb,16.23638
scaf107.pdb,scaf11.pdb,18.886007
scaf107.pdb,scaf110.pdb,10.108296
scaf107.pdb,scaf111.pdb,8.737609
scaf107.pdb,scaf112.pdb,19.864748
scaf107.pdb,scaf113.pdb,18.74902
scaf107.pdb,scaf114.pdb,15.902694
scaf107.pdb,scaf115.pdb,15.9377985
scaf107.pdb,scaf117.pdb,19.289944
scaf107.pdb,scaf118.pdb,17.99397
scaf107.pdb,scaf119.pdb,16.142054
scaf107.pdb,scaf120.pdb,13.656037
scaf107.pdb,scaf121.pdb,15.921481
scaf107.pdb,scaf122.pdb,20.427906
scaf107.pdb,scaf123.pdb,17.066553
scaf107.pdb,scaf125.pdb,13.210277
scaf107.pdb,scaf126.pdb,20.27697
scaf107.pdb,scaf127.pdb,14.37755
scaf107.pdb,scaf128.pdb,16.274931
scaf107.pdb,scaf13.pdb,21.459488
scaf107.pdb,scaf130.pdb,22.613577
scaf107.pdb,scaf131.pdb,20.76989
scaf107.pdb,scaf133.pdb,21.881414
scaf107.pdb,scaf134.pdb,16.67859
scaf107.pdb,scaf135.pdb,14.944817
scaf107.pdb,scaf136.pdb,14.655819
scaf107.pdb,scaf137.pdb,19.864359
scaf107.pdb,scaf138.pdb,19.109903
scaf107.pdb,scaf139.pdb,8.795812
scaf107.pdb,scaf14.pdb,13.504073
scaf107.pdb,scaf140.pdb,23.495564
scaf107.pdb,scaf141.pdb,13.847997
scaf107.pdb,scaf143.pdb,21.064148
scaf107.pdb,scaf144.pdb,21.272118
scaf107.pdb,scaf145.pdb,13.406021
scaf107.pdb,scaf147.pdb,20.869179
scaf107.pdb,scaf148.pdb,19.149626
scaf107.pdb,scaf149.pdb,15.351503
scaf107.pdb,scaf15.pdb,26.046005
scaf107.pdb,scaf151.pdb,14.059977
scaf107.pdb,scaf153.pdb,16.607466
scaf107.pdb,scaf154.pdb,21.034695
scaf107.pdb,scaf155.pdb,20.272182
scaf107.pdb,scaf156.pdb,14.003136
scaf107.pdb,scaf158.pdb,19.372435
scaf107.pdb,scaf16.pdb,16.6967
scaf107.pdb,scaf162.pdb,18.11774
scaf107.pdb,scaf163.pdb,21.016544
scaf107.pdb,scaf164.pdb,18.676212
scaf107.pdb,scaf166.pdb,20.709904
scaf107.pdb,scaf167.pdb,16.410992
scaf107.pdb,scaf168.pdb,20.44461
scaf107.pdb,scaf169.pdb,14.897631
scaf107.pdb,scaf17.pdb,17.572021
scaf107.pdb,scaf170.pdb,19.940735
scaf107.pdb,scaf171.pdb,13.552911
scaf107.pdb,scaf172.pdb,16.234001
scaf107.pdb,scaf173.pdb,14.613292
scaf107.pdb,scaf174.pdb,19.72092
scaf107.pdb,scaf175.pdb,18.649828
scaf107.pdb,scaf176.pdb,21.154467
scaf107.pdb,scaf177.pdb,20.458776
scaf107.pdb,scaf179.pdb,16.171253
scaf107.pdb,scaf18.pdb,23.184652
scaf107.pdb,scaf19.pdb,15.54174
scaf107.pdb,scaf20.pdb,11.562076
scaf107.pdb,scaf21.pdb,20.048512
scaf107.pdb,scaf22.pdb,19.875437
scaf107.pdb,scaf23.pdb,19.94356
scaf107.pdb,scaf24.pdb,21.18019
scaf107.pdb,scaf26.pdb,20.57968
scaf107.pdb,scaf27.pdb,16.942598
scaf107.pdb,scaf28.pdb,13.780204
scaf107.pdb,scaf29.pdb,21.404566
scaf107.pdb,scaf3.pdb,22.064594
scaf107.pdb,scaf30.pdb,19.205038
scaf107.pdb,scaf31.pdb,20.79905
scaf107.pdb,scaf32.pdb,20.676437
scaf107.pdb,scaf33.pdb,20.587301
scaf107.pdb,scaf34.pdb,19.460077
scaf107.pdb,scaf35.pdb,19.417168
scaf107.pdb,scaf37.pdb,15.904437
scaf107.pdb,scaf38.pdb,14.385251
scaf107.pdb,scaf4.pdb,21.555809
scaf107.pdb,scaf40.pdb,16.755844
scaf107.pdb,scaf42.pdb,20.86046
scaf107.pdb,scaf44.pdb,22.85469
scaf107.pdb,scaf45.pdb,10.146699
scaf107.pdb,scaf47.pdb,15.356368
scaf107.pdb,scaf48.pdb,21.026516
scaf107.pdb,scaf49.pdb,17.721668
scaf107.pdb,scaf5.pdb,18.092287
scaf107.pdb,scaf50.pdb,18.857332
scaf107.pdb,scaf51.pdb,15.510493
scaf107.pdb,scaf52.pdb,18.476105
scaf107.pdb,scaf53.pdb,15.138279
scaf107.pdb,scaf54.pdb,17.945316
scaf107.pdb,scaf55.pdb,21.752544
scaf107.pdb,scaf56.pdb,21.051588
scaf107.pdb,scaf57.pdb,19.244856
scaf107.pdb,scaf58.pdb,18.200788
scaf107.pdb,scaf59.pdb,20.004898
scaf107.pdb,scaf6.pdb,22.599009
scaf107.pdb,scaf60.pdb,21.923658
scaf107.pdb,scaf61.pdb,19.547829
scaf107.pdb,scaf62.pdb,8.747513
scaf107.pdb,scaf63.pdb,22.437035
scaf107.pdb,scaf64.pdb,18.88949
scaf107.pdb,scaf65.pdb,15.485258
scaf107.pdb,scaf66.pdb,20.975124
scaf107.pdb,scaf67.pdb,16.370743
scaf107.pdb,scaf68.pdb,20.832111
scaf107.pdb,scaf7.pdb,21.221037
scaf107.pdb,scaf70.pdb,17.425272
scaf107.pdb,scaf71.pdb,21.228209
scaf107.pdb,scaf72.pdb,14.724919
scaf107.pdb,scaf74.pdb,19.287474
scaf107.pdb,scaf75.pdb,21.64463
scaf107.pdb,scaf76.pdb,13.840733
scaf107.pdb,scaf77.pdb,20.80722
scaf107.pdb,scaf78.pdb,20.040543
scaf107.pdb,scaf79.pdb,14.654741
scaf107.pdb,scaf8.pdb,15.014381
scaf107.pdb,scaf81.pdb,18.233973
scaf107.pdb,scaf82.pdb,19.336735
scaf107.pdb,scaf83.pdb,21.679024
scaf107.pdb,scaf84.pdb,21.21949
scaf107.pdb,scaf85.pdb,22.58753
scaf107.pdb,scaf86.pdb,16.17551
scaf107.pdb,scaf88.pdb,20.283407
scaf107.pdb,scaf89.pdb,15.657433
scaf107.pdb,scaf9.pdb,20.218693
scaf107.pdb,scaf90.pdb,14.2964115
scaf107.pdb,scaf91.pdb,17.553638
scaf107.pdb,scaf92.pdb,22.271545
scaf107.pdb,scaf93.pdb,19.558914
scaf107.pdb,scaf94.pdb,18.283161
scaf107.pdb,scaf95.pdb,15.371353
scaf107.pdb,scaf96.pdb,17.84047
scaf107.pdb,scaf97.pdb,20.538841
scaf107.pdb,scaf98.pdb,21.508993
scaf107.pdb,scaf99.pdb,11.973026
scaf109.pdb,scaf11.pdb,20.798609
scaf109.pdb,scaf110.pdb,17.170866
scaf109.pdb,scaf111.pdb,17.155449
scaf109.pdb,scaf112.pdb,22.285345
scaf109.pdb,scaf113.pdb,18.953735
scaf109.pdb,scaf114.pdb,2.2805889
scaf109.pdb,scaf115.pdb,19.92435
scaf109.pdb,scaf117.pdb,20.114843
scaf109.pdb,scaf118.pdb,18.142593
scaf109.pdb,scaf119.pdb,18.913198
scaf109.pdb,scaf120.pdb,20.220413
scaf109.pdb,scaf121.pdb,13.379425
scaf109.pdb,scaf122.pdb,14.803983
scaf109.pdb,scaf123.pdb,15.332413
scaf109.pdb,scaf125.pdb,16.529284
scaf109.pdb,scaf126.pdb,21.24072
scaf109.pdb,scaf127.pdb,16.766768
scaf109.pdb,scaf128.pdb,19.569891
scaf109.pdb,scaf13.pdb,18.059431
scaf109.pdb,scaf130.pdb,17.051336
scaf109.pdb,scaf131.pdb,20.154259
scaf109.pdb,scaf133.pdb,16.921698
scaf109.pdb,scaf134.pdb,20.063301
scaf109.pdb,scaf135.pdb,20.893354
scaf109.pdb,scaf136.pdb,19.941772
scaf109.pdb,scaf137.pdb,15.902326
scaf109.pdb,scaf138.pdb,14.629267
scaf109.pdb,scaf139.pdb,16.689173
scaf109.pdb,scaf14.pdb,24.091187
scaf109.pdb,scaf140.pdb,18.638155
scaf109.pdb,scaf141.pdb,18.58329
scaf109.pdb,scaf143.pdb,16.845015
scaf109.pdb,scaf144.pdb,20.428488
scaf109.pdb,scaf145.pdb,17.26865
scaf109.pdb,scaf147.pdb,16.80875
scaf109.pdb,scaf148.pdb,20.08751
scaf109.pdb,scaf149.pdb,19.257538
scaf109.pdb,scaf15.pdb,23.493032
scaf109.pdb,scaf151.pdb,23.940147
scaf109.pdb,scaf153.pdb,20.459381
scaf109.pdb,scaf154.pdb,16.696943
scaf109.pdb,scaf155.pdb,15.698187
scaf109.pdb,scaf156.pdb,24.0499
scaf109.pdb,scaf158.pdb,18.618982
scaf109.pdb,scaf16.pdb,19.905512
scaf109.pdb,scaf162.pdb,16.402657
scaf109.pdb,scaf163.pdb,19.463339
scaf109.pdb,scaf164.pdb,18.614037
scaf109.pdb,scaf166.pdb,17.293913
scaf109.pdb,scaf167.pdb,20.679213
scaf109.pdb,scaf168.pdb,18.870245
scaf109.pdb,scaf169.pdb,20.77008
scaf109.pdb,scaf17.pdb,14.847279
scaf109.pdb,scaf170.pdb,19.31879
scaf109.pdb,scaf171.pdb,23.956032
scaf109.pdb,scaf172.pdb,20.067333
scaf109.pdb,scaf173.pdb,24.147314
scaf109.pdb,scaf174.pdb,13.844995
scaf109.pdb,scaf175.pdb,18.601164
scaf109.pdb,scaf176.pdb,12.92446
scaf109.pdb,scaf177.pdb,17.6485
scaf109.pdb,scaf179.pdb,21.908318
scaf109.pdb,scaf18.pdb,19.342653
scaf109.pdb,scaf19.pdb,25.048452
scaf109.pdb,scaf20.pdb,17.041967
scaf109.pdb,scaf21.pdb,15.612172
scaf109.pdb,scaf22.pdb,17.39651
scaf109.pdb,scaf23.pdb,21.800474
scaf109.pdb,scaf24.pdb,17.130075
scaf109.pdb,scaf26.pdb,20.240671
scaf109.pdb,scaf27.pdb,19.805334
scaf109.pdb,scaf28.pdb,24.237494
scaf109.pdb,scaf29.pdb,15.0967045
scaf109.pdb,scaf3.pdb,16.865921
scaf109.pdb,scaf30.pdb,21.982347
scaf109.pdb,scaf31.pdb,16.762424
scaf109.pdb,scaf32.pdb,16.471687
scaf109.pdb,scaf33.pdb,19.073524
scaf109.pdb,scaf34.pdb,15.90206
scaf109.pdb,scaf35.pdb,19.569887
scaf109.pdb,scaf37.pdb,19.680628
scaf109.pdb,scaf38.pdb,20.700722
scaf109.pdb,scaf4.pdb,16.506525
scaf109.pdb,scaf40.pdb,21.523926
scaf109.pdb,scaf42.pdb,18.300842
scaf109.pdb,scaf44.pdb,17.18256
scaf109.pdb,scaf45.pdb,17.549541
scaf109.pdb,scaf47.pdb,19.43747
scaf109.pdb,scaf48.pdb,15.778123
scaf109.pdb,scaf49.pdb,22.204369
scaf109.pdb,scaf5.pdb,24.547901
scaf109.pdb,scaf50.pdb,19.78391
scaf109.pdb,scaf51.pdb,18.521908
scaf109.pdb,scaf52.pdb,21.225246
scaf109.pdb,scaf53.pdb,19.090202
scaf109.pdb,scaf54.pdb,17.849548
scaf109.pdb,scaf55.pdb,16.579983
scaf109.pdb,scaf56.pdb,16.897272
scaf109.pdb,scaf57.pdb,19.703499
scaf109.pdb,scaf58.pdb,18.146645
scaf109.pdb,scaf59.pdb,19.646332
scaf109.pdb,scaf6.pdb,19.284601
scaf109.pdb,scaf60.pdb,16.825283
scaf109.pdb,scaf61.pdb,18.905748
scaf109.pdb,scaf62.pdb,16.837885
scaf109.pdb,scaf63.pdb,16.73441
scaf109.pdb,scaf64.pdb,18.826815
scaf109.pdb,scaf65.pdb,19.59515
scaf109.pdb,scaf66.pdb,16.501856
scaf109.pdb,scaf67.pdb,17.921192
scaf109.pdb,scaf68.pdb,16.91221
scaf109.pdb,scaf7.pdb,17.118038
scaf109.pdb,scaf70.pdb,15.174018
scaf109.pdb,scaf71.pdb,17.04628
scaf109.pdb,scaf72.pdb,21.028872
scaf109.pdb,scaf74.pdb,20.761316
scaf109.pdb,scaf75.pdb,20.545828
scaf109.pdb,scaf76.pdb,22.475544
scaf109.pdb,scaf77.pdb,16.986393
scaf109.pdb,scaf78.pdb,17.820723
scaf109.pdb,scaf79.pdb,19.079447
scaf109.pdb,scaf8.pdb,18.436047
scaf109.pdb,scaf81.pdb,17.250027
scaf109.pdb,scaf82.pdb,20.531725
scaf109.pdb,scaf83.pdb,20.569357
scaf109.pdb,scaf84.pdb,18.430182
scaf109.pdb,scaf85.pdb,18.323748
scaf109.pdb,scaf86.pdb,19.853037
scaf109.pdb,scaf88.pdb,15.417174
scaf109.pdb,scaf89.pdb,20.302612
scaf109.pdb,scaf9.pdb,15.6719475
scaf109.pdb,scaf90.pdb,20.715471
scaf109.pdb,scaf91.pdb,22.228428
scaf109.pdb,scaf92.pdb,17.997423
scaf109.pdb,scaf93.pdb,15.528985
scaf109.pdb,scaf94.pdb,24.462376
scaf109.pdb,scaf95.pdb,18.884619
scaf109.pdb,scaf96.pdb,17.58126
scaf109.pdb,scaf97.pdb,20.213697
scaf109.pdb,scaf98.pdb,20.482672
scaf109.pdb,scaf99.pdb,19.865803
scaf11.pdb,scaf110.pdb,17.272444
scaf11.pdb,scaf111.pdb,16.47238
scaf11.pdb,scaf112.pdb,26.992666
scaf11.pdb,scaf113.pdb,19.77868
scaf11.pdb,scaf114.pdb,20.457317
scaf11.pdb,scaf115.pdb,9.968898
scaf11.pdb,scaf117.pdb,25.467129
scaf11.pdb,scaf118.pdb,23.623941
scaf11.pdb,scaf119.pdb,14.273458
scaf11.pdb,scaf120.pdb,23.530893
scaf11.pdb,scaf121.pdb,19.995176
scaf11.pdb,scaf122.pdb,23.139818
scaf11.pdb,scaf123.pdb,21.267876
scaf11.pdb,scaf125.pdb,20.487679
scaf11.pdb,scaf126.pdb,21.283485
scaf11.pdb,scaf127.pdb,20.973684
scaf11.pdb,scaf128.pdb,10.400809
scaf11.pdb,scaf13.pdb,21.551317
scaf11.pdb,scaf130.pdb,22.851603
scaf11.pdb,scaf131.pdb,20.865082
scaf11.pdb,scaf133.pdb,23.781885
scaf11.pdb,scaf134.pdb,10.022629
scaf11.pdb,scaf135.pdb,13.563552
scaf11.pdb,scaf136.pdb,14.871165
scaf11.pdb,scaf137.pdb,23.03379
scaf11.pdb,scaf138.pdb,20.779633
scaf11.pdb,scaf139.pdb,17.062628
scaf11.pdb,scaf14.pdb,19.551712
scaf11.pdb,scaf140.pdb,21.57129
scaf11.pdb,scaf141.pdb,11.983893
scaf11.pdb,scaf143.pdb,18.05384
scaf11.pdb,scaf144.pdb,13.8711
scaf11.pdb,scaf145.pdb,16.939363
scaf11.pdb,scaf147.pdb,27.793385
scaf11.pdb,scaf148.pdb,25.944368
scaf11.pdb,scaf149.pdb,13.007081
scaf11.pdb,scaf15.pdb,26.046337
scaf11.pdb,scaf151.pdb,18.586843
scaf11.pdb,scaf153.pdb,9.932733
scaf11.pdb,scaf154.pdb,17.90112
scaf11.pdb,scaf155.pdb,24.468864
scaf11.pdb,scaf156.pdb,19.01455
scaf11.pdb,scaf158.pdb,10.731476
scaf11.pdb,scaf16.pdb,10.54069
scaf11.pdb,scaf162.pdb,25.230516
scaf11.pdb,scaf163.pdb,16.725512
scaf11.pdb,scaf164.pdb,18.787909
scaf11.pdb,scaf166.pdb,26.240273
scaf11.pdb,scaf167.pdb,15.001224
scaf11.pdb,scaf168.pdb,25.106823
scaf11.pdb,scaf169.pdb,22.290293
scaf11.pdb,scaf17.pdb,18.336327
scaf11.pdb,scaf170.pdb,16.560686
scaf11.pdb,scaf171.pdb,18.745487
scaf11.pdb,scaf172.pdb,7.0067525
scaf11.pdb,scaf173.pdb,18.699583
scaf11.pdb,scaf174.pdb,19.50792
scaf11.pdb,scaf175.pdb,25.84925
scaf11.pdb,scaf176.pdb,17.314777
scaf11.pdb,scaf177.pdb,22.840294
scaf11.pdb,scaf179.pdb,16.159145
scaf11.pdb,scaf18.pdb,25.036423
scaf11.pdb,scaf19.pdb,18.692783
scaf11.pdb,scaf20.pdb,23.439142
scaf11.pdb,scaf21.pdb,16.78908
scaf11.pdb,scaf22.pdb,23.194492
scaf11.pdb,scaf23.pdb,18.721916
scaf11.pdb,scaf24.pdb,18.154007
scaf11.pdb,scaf26.pdb,24.982061
scaf11.pdb,scaf27.pdb,10.495868
scaf11.pdb,scaf28.pdb,19.533371
scaf11.pdb,scaf29.pdb,15.738884
scaf11.pdb,scaf3.pdb,23.991474
scaf11.pdb,scaf30.pdb,23.364258
scaf11.pdb,scaf31.pdb,18.230663
scaf11.pdb,scaf32.pdb,22.947771
scaf11.pdb,scaf33.pdb,25.13504
scaf11.pdb,scaf34.pdb,23.475428
scaf11.pdb,scaf35.pdb,23.93819
scaf11.pdb,scaf37.pdb,21.219769
scaf11.pdb,scaf38.pdb,22.56863
scaf11.pdb,scaf4.pdb,21.45162
scaf11.pdb,scaf40.pdb,12.32078
scaf11.pdb,scaf42.pdb,21.397003
scaf11.pdb,scaf44.pdb,15.342689
scaf11.pdb,scaf45.pdb,17.412195
scaf11.pdb,scaf47.pdb,15.982304
scaf11.pdb,scaf48.pdb,22.078865
scaf11.pdb,scaf49.pdb,12.161026
scaf11.pdb,scaf5.pdb,24.890774
scaf11.pdb,scaf50.pdb,20.994183
scaf11.pdb,scaf51.pdb,12.052628
scaf11.pdb,scaf52.pdb,11.108014
scaf11.pdb,scaf53.pdb,11.412678
scaf11.pdb,scaf54.pdb,20.732655
scaf11.pdb,scaf55.pdb,21.283228
scaf11.pdb,scaf56.pdb,18.214687
scaf11.pdb,scaf57.pdb,10.888773
scaf11.pdb,scaf58.pdb,23.643763
scaf11.pdb,scaf59.pdb,16.937325
scaf11.pdb,scaf6.pdb,20.03045
scaf11.pdb,scaf60.pdb,23.56411
scaf11.pdb,scaf61.pdb,12.425858
scaf11.pdb,scaf62.pdb,17.131334
scaf11.pdb,scaf63.pdb,22.688375
scaf11.pdb,scaf64.pdb,24.481382
scaf11.pdb,scaf65.pdb,20.783998
scaf11.pdb,scaf66.pdb,17.874905
scaf11.pdb,scaf67.pdb,9.025455
scaf11.pdb,scaf68.pdb,18.392286
scaf11.pdb,scaf7.pdb,18.13653
scaf11.pdb,scaf70.pdb,21.18842
scaf11.pdb,scaf71.pdb,17.878366
scaf11.pdb,scaf72.pdb,22.646025
scaf11.pdb,scaf74.pdb,11.240487
scaf11.pdb,scaf75.pdb,14.262188
scaf11.pdb,scaf76.pdb,21.86748
scaf11.pdb,scaf77.pdb,18.193338
scaf11.pdb,scaf78.pdb,17.510433
scaf11.pdb,scaf79.pdb,23.45646
scaf11.pdb,scaf8.pdb,12.248358
scaf11.pdb,scaf81.pdb,16.45743
scaf11.pdb,scaf82.pdb,14.833072
scaf11.pdb,scaf83.pdb,18.490301
scaf11.pdb,scaf84.pdb,24.001554
scaf11.pdb,scaf85.pdb,26.504993
scaf11.pdb,scaf86.pdb,10.072841
scaf11.pdb,scaf88.pdb,21.03452
scaf11.pdb,scaf89.pdb,10.186113
scaf11.pdb,scaf9.pdb,24.435284
scaf11.pdb,scaf90.pdb,18.799923
scaf11.pdb,scaf91.pdb,12.250484
scaf11.pdb,scaf92.pdb,24.693125
scaf11.pdb,scaf93.pdb,19.231874
scaf11.pdb,scaf94.pdb,20.596983
scaf11.pdb,scaf95.pdb,25.683168
scaf11.pdb,scaf96.pdb,15.869484
scaf11.pdb,scaf97.pdb,25.106836
scaf11.pdb,scaf98.pdb,14.162273
scaf11.pdb,scaf99.pdb,18.078085
scaf110.pdb,scaf111.pdb,8.050018
scaf110.pdb,scaf112.pdb,20.59203
scaf110.pdb,scaf113.pdb,17.181213
scaf110.pdb,scaf114.pdb,16.972898
scaf110.pdb,scaf115.pdb,14.033907
scaf110.pdb,scaf117.pdb,18.659935
scaf110.pdb,scaf118.pdb,18.867546
scaf110.pdb,scaf119.pdb,16.003141
scaf110.pdb,scaf120.pdb,10.49113
scaf110.pdb,scaf121.pdb,14.897519
scaf110.pdb,scaf122.pdb,20.638544
scaf110.pdb,scaf123.pdb,20.687128
scaf110.pdb,scaf125.pdb,10.641322
scaf110.pdb,scaf126.pdb,20.864967
scaf110.pdb,scaf127.pdb,13.872005
scaf110.pdb,scaf128.pdb,13.797936
scaf110.pdb,scaf13.pdb,21.665709
scaf110.pdb,scaf130.pdb,19.20868
scaf110.pdb,scaf131.pdb,19.526775
scaf110.pdb,scaf133.pdb,19.285229
scaf110.pdb,scaf134.pdb,14.297687
scaf110.pdb,scaf135.pdb,18.533962
scaf110.pdb,scaf136.pdb,17.712845
scaf110.pdb,scaf137.pdb,19.102034
scaf110.pdb,scaf138.pdb,19.665382
scaf110.pdb,scaf139.pdb,1.8208033
scaf110.pdb,scaf14.pdb,17.236115
scaf110.pdb,scaf140.pdb,25.807182
scaf110.pdb,scaf141.pdb,15.926313
scaf110.pdb,scaf143.pdb,20.86965
scaf110.pdb,scaf144.pdb,17.25865
scaf110.pdb,scaf145.pdb,10.176123
scaf110.pdb,scaf147.pdb,25.218477
scaf110.pdb,scaf148.pdb,19.58162
scaf110.pdb,scaf149.pdb,15.192792
scaf110.pdb,scaf15.pdb,20.012526
scaf110.pdb,scaf151.pdb,17.386292
scaf110.pdb,scaf153.pdb,16.641232
scaf110.pdb,scaf154.pdb,21.07682
scaf110.pdb,scaf155.pdb,19.1041
scaf110.pdb,scaf156.pdb,17.433353
scaf110.pdb,scaf158.pdb,18.750744
scaf110.pdb,scaf16.pdb,14.091124
scaf110.pdb,scaf162.pdb,22.502853
scaf110.pdb,scaf163.pdb,22.855871
scaf110.pdb,scaf164.pdb,18.942616
scaf110.pdb,scaf166.pdb,20.042143
scaf110.pdb,scaf167.pdb,19.524277
scaf110.pdb,scaf168.pdb,17.278963
scaf110.pdb,scaf169.pdb,13.025695
scaf110.pdb,scaf17.pdb,17.650879
scaf110.pdb,scaf170.pdb,16.822422
scaf110.pdb,scaf171.pdb,17.138105
scaf110.pdb,scaf172.pdb,15.045016
scaf110.pdb,scaf173.pdb,18.027908
scaf110.pdb,scaf174.pdb,22.324015
scaf110.pdb,scaf175.pdb,19.277578
scaf110.pdb,scaf176.pdb,19.570894
scaf110.pdb,scaf177.pdb,21.510992
scaf110.pdb,scaf179.pdb,14.145276
scaf110.pdb,scaf18.pdb,26.917147
scaf110.pdb,scaf19.pdb,18.598732
scaf110.pdb,scaf20.pdb,12.649986
scaf110.pdb,scaf21.pdb,19.785995
scaf110.pdb,scaf22.pdb,20.075825
scaf110.pdb,scaf23.pdb,22.01914
scaf110.pdb,scaf24.pdb,20.63679
scaf110.pdb,scaf26.pdb,18.259602
scaf110.pdb,scaf27.pdb,14.099234
scaf110.pdb,scaf28.pdb,17.521914
scaf110.pdb,scaf29.pdb,22.152838
scaf110.pdb,scaf3.pdb,19.18862
scaf110.pdb,scaf30.pdb,18.631664
scaf110.pdb,scaf31.pdb,20.728022
scaf110.pdb,scaf32.pdb,21.396835
scaf110.pdb,scaf33.pdb,21.809639
scaf110.pdb,scaf34.pdb,19.336668
scaf110.pdb,scaf35.pdb,19.638475
scaf110.pdb,scaf37.pdb,19.97333
scaf110.pdb,scaf38.pdb,15.149583
scaf110.pdb,scaf4.pdb,17.722477
scaf110.pdb,scaf40.pdb,16.739544
scaf110.pdb,scaf42.pdb,20.988409
scaf110.pdb,scaf44.pdb,19.226543
scaf110.pdb,scaf45.pdb,2.1329741
scaf110.pdb,scaf47.pdb,18.778368
scaf110.pdb,scaf48.pdb,19.057808
scaf110.pdb,scaf49.pdb,17.087116
scaf110.pdb,scaf5.pdb,20.881805
scaf110.pdb,scaf50.pdb,20.455645
scaf110.pdb,scaf51.pdb,18.25274
scaf110.pdb,scaf52.pdb,16.48332
scaf110.pdb,scaf53.pdb,15.206554
scaf110.pdb,scaf54.pdb,19.492067
scaf110.pdb,scaf55.pdb,17.817705
scaf110.pdb,scaf56.pdb,20.493498
scaf110.pdb,scaf57.pdb,21.652924
scaf110.pdb,scaf58.pdb,18.667715
scaf110.pdb,scaf59.pdb,16.893263
scaf110.pdb,scaf6.pdb,20.563753
scaf110.pdb,scaf60.pdb,19.039198
scaf110.pdb,scaf61.pdb,15.977379
scaf110.pdb,scaf62.pdb,1.6218604
scaf110.pdb,scaf63.pdb,19.619026
scaf110.pdb,scaf64.pdb,20.00612
scaf110.pdb,scaf65.pdb,19.168188
scaf110.pdb,scaf66.pdb,20.966148
scaf110.pdb,scaf67.pdb,18.701126
scaf110.pdb,scaf68.pdb,20.466202
scaf110.pdb,scaf7.pdb,20.473482
scaf110.pdb,scaf70.pdb,22.157887
scaf110.pdb,scaf71.pdb,20.666792
scaf110.pdb,scaf72.pdb,15.028819
scaf110.pdb,scaf74.pdb,15.025454
scaf110.pdb,scaf75.pdb,17.363306
scaf110.pdb,scaf76.pdb,16.649914
scaf110.pdb,scaf77.pdb,20.567959
scaf110.pdb,scaf78.pdb,19.172024
scaf110.pdb,scaf79.pdb,16.038908
scaf110.pdb,scaf8.pdb,15.4055805
scaf110.pdb,scaf81.pdb,20.25664
scaf110.pdb,scaf82.pdb,14.520271
scaf110.pdb,scaf83.pdb,18.944775
scaf110.pdb,scaf84.pdb,20.354036
scaf110.pdb,scaf85.pdb,19.550508
scaf110.pdb,scaf86.pdb,13.914235
scaf110.pdb,scaf88.pdb,20.367012
scaf110.pdb,scaf89.pdb,14.103715
scaf110.pdb,scaf9.pdb,19.12837
scaf110.pdb,scaf90.pdb,9.789698
scaf110.pdb,scaf91.pdb,17.193756
scaf110.pdb,scaf92.pdb,18.630709
scaf110.pdb,scaf93.pdb,20.581846
scaf110.pdb,scaf94.pdb,24.94721
scaf110.pdb,scaf95.pdb,17.193346
scaf110.pdb,scaf96.pdb,20.146654
scaf110.pdb,scaf97.pdb,18.29901
scaf110.pdb,scaf98.pdb,17.288519
scaf110.pdb,scaf99.pdb,13.877377
scaf111.pdb,scaf112.pdb,22.775301
scaf111.pdb,scaf113.pdb,17.116915
scaf111.pdb,scaf114.pdb,16.56952
scaf111.pdb,scaf115.pdb,12.452072
scaf111.pdb,scaf117.pdb,21.239456
scaf111.pdb,scaf118.pdb,20.298456
scaf111.pdb,scaf119.pdb,12.74351
scaf111.pdb,scaf120.pdb,15.118741
scaf111.pdb,scaf121.pdb,16.965843
scaf111.pdb,scaf122.pdb,21.090918
scaf111.pdb,scaf123.pdb,18.924774
scaf111.pdb,scaf125.pdb,13.459573
scaf111.pdb,scaf126.pdb,18.23999
scaf111.pdb,scaf127.pdb,16.043314
scaf111.pdb,scaf128.pdb,12.387759
scaf111.pdb,scaf13.pdb,19.865187
scaf111.pdb,scaf130.pdb,20.578363
scaf111.pdb,scaf131.pdb,19.340929
scaf111.pdb,scaf133.pdb,20.36502
scaf111.pdb,scaf134.pdb,12.876745
scaf111.pdb,scaf135.pdb,14.284583
scaf111.pdb,scaf136.pdb,13.559459
scaf111.pdb,scaf137.pdb,21.05404
scaf111.pdb,scaf138.pdb,20.222946
scaf111.pdb,scaf139.pdb,7.464191
scaf111.pdb,scaf14.pdb,14.285204
scaf111.pdb,scaf140.pdb,23.286987
scaf111.pdb,scaf141.pdb,12.843907
scaf111.pdb,scaf143.pdb,19.86207
scaf111.pdb,scaf144.pdb,17.582355
scaf111.pdb,scaf145.pdb,12.360586
scaf111.pdb,scaf147.pdb,24.69004
scaf111.pdb,scaf148.pdb,21.747023
scaf111.pdb,scaf149.pdb,12.409977
scaf111.pdb,scaf15.pdb,24.215244
scaf111.pdb,scaf151.pdb,14.371752
scaf111.pdb,scaf153.pdb,15.018545
scaf111.pdb,scaf154.pdb,20.15035
scaf111.pdb,scaf155.pdb,20.091017
scaf111.pdb,scaf156.pdb,14.520292
scaf111.pdb,scaf158.pdb,16.70725
scaf111.pdb,scaf16.pdb,12.773613
scaf111.pdb,scaf162.pdb,21.577127
scaf111.pdb,scaf163.pdb,19.371721
scaf111.pdb,scaf164.pdb,15.727266
scaf111.pdb,scaf166.pdb,20.693516
scaf111.pdb,scaf167.pdb,14.905524
scaf111.pdb,scaf168.pdb,20.806915
scaf111.pdb,scaf169.pdb,16.14853
scaf111.pdb,scaf17.pdb,16.78619
scaf111.pdb,scaf170.pdb,18.054903
scaf111.pdb,scaf171.pdb,13.969923
scaf111.pdb,scaf172.pdb,13.449124
scaf111.pdb,scaf173.pdb,15.152038
scaf111.pdb,scaf174.pdb,20.374208
scaf111.pdb,scaf175.pdb,21.570835
scaf111.pdb,scaf176.pdb,20.399412
scaf111.pdb,scaf177.pdb,22.399559
scaf111.pdb,scaf179.pdb,12.424224
scaf111.pdb,scaf18.pdb,24.877047
scaf111.pdb,scaf19.pdb,16.00759
scaf111.pdb,scaf20.pdb,13.446334
scaf111.pdb,scaf21.pdb,18.70418
scaf111.pdb,scaf22.pdb,21.476177
scaf111.pdb,scaf23.pdb,19.629215
scaf111.pdb,scaf24.pdb,19.913103
scaf111.pdb,scaf26.pdb,21.315231
scaf111.pdb,scaf27.pdb,12.89082
scaf111.pdb,scaf28.pdb,14.52734
scaf111.pdb,scaf29.pdb,20.637651
scaf111.pdb,scaf3.pdb,20.502
scaf111.pdb,scaf30.pdb,18.277262
scaf111.pdb,scaf31.pdb,19.68017
scaf111.pdb,scaf32.pdb,21.177622
scaf111.pdb,scaf33.pdb,22.670595
scaf111.pdb,scaf34.pdb,21.005392
scaf111.pdb,scaf35.pdb,21.05374
scaf111.pdb,scaf37.pdb,16.091015
scaf111.pdb,scaf38.pdb,17.022982
scaf111.pdb,scaf4.pdb,19.436918
scaf111.pdb,scaf40.pdb,15.030242
scaf111.pdb,scaf42.pdb,18.824223
scaf111.pdb,scaf44.pdb,19.950663
scaf111.pdb,scaf45.pdb,7.502073
scaf111.pdb,scaf47.pdb,14.769957
scaf111.pdb,scaf48.pdb,19.763195
scaf111.pdb,scaf49.pdb,16.845905
scaf111.pdb,scaf5.pdb,17.69772
scaf111.pdb,scaf50.pdb,18.443777
scaf111.pdb,scaf51.pdb,14.966395
scaf111.pdb,scaf52.pdb,16.723349
scaf111.pdb,scaf53.pdb,12.397522
scaf111.pdb,scaf54.pdb,20.115887
scaf111.pdb,scaf55.pdb,19.490686
scaf111.pdb,scaf56.pdb,19.87089
scaf111.pdb,scaf57.pdb,18.101715
scaf111.pdb,scaf58.pdb,20.23889
scaf111.pdb,scaf59.pdb,18.220093
scaf111.pdb,scaf6.pdb,20.468245
scaf111.pdb,scaf60.pdb,20.368288
scaf111.pdb,scaf61.pdb,15.796898
scaf111.pdb,scaf62.pdb,7.233608
scaf111.pdb,scaf63.pdb,20.67063
scaf111.pdb,scaf64.pdb,21.155546
scaf111.pdb,scaf65.pdb,15.368414
scaf111.pdb,scaf66.pdb,20.08139
scaf111.pdb,scaf67.pdb,15.862165
scaf111.pdb,scaf68.pdb,19.698082
scaf111.pdb,scaf7.pdb,19.855263
scaf111.pdb,scaf70.pdb,21.120714
scaf111.pdb,scaf71.pdb,19.951225
scaf111.pdb,scaf72.pdb,17.135178
scaf111.pdb,scaf74.pdb,15.316061
scaf111.pdb,scaf75.pdb,18.092634
scaf111.pdb,scaf76.pdb,16.466473
scaf111.pdb,scaf77.pdb,19.689323
scaf111.pdb,scaf78.pdb,19.243189
scaf111.pdb,scaf79.pdb,17.0579
scaf111.pdb,scaf8.pdb,12.114568
scaf111.pdb,scaf81.pdb,16.563984
scaf111.pdb,scaf82.pdb,14.489641
scaf111.pdb,scaf83.pdb,19.20696
scaf111.pdb,scaf84.pdb,21.41017
scaf111.pdb,scaf85.pdb,22.838013
scaf111.pdb,scaf86.pdb,12.475916
scaf111.pdb,scaf88.pdb,20.420872
scaf111.pdb,scaf89.pdb,12.692048
scaf111.pdb,scaf9.pdb,20.08107
scaf111.pdb,scaf90.pdb,12.160173
scaf111.pdb,scaf91.pdb,16.760536
scaf111.pdb,scaf92.pdb,20.81707
scaf111.pdb,scaf93.pdb,19.124388
scaf111.pdb,scaf94.pdb,20.191465
scaf111.pdb,scaf95.pdb,18.589884
scaf111.pdb,scaf96.pdb,16.238434
scaf111.pdb,scaf97.pdb,21.201553
scaf111.pdb,scaf98.pdb,17.954943
scaf111.pdb,scaf99.pdb,10.351657
scaf112.pdb,scaf113.pdb,25.416265
scaf112.pdb,scaf114.pdb,22.951584
scaf112.pdb,scaf115.pdb,24.337063
scaf112.pdb,scaf117.pdb,14.904979
scaf112.pdb,scaf118.pdb,18.761995
scaf112.pdb,scaf119.pdb,28.11197
scaf112.pdb,scaf120.pdb,17.32021
scaf112.pdb,scaf121.pdb,23.081585
scaf112.pdb,scaf122.pdb,20.462078
scaf112.pdb,scaf123.pdb,21.608427
scaf112.pdb,scaf125.pdb,17.137304
scaf112.pdb,scaf126.pdb,20.437645
scaf112.pdb,scaf127.pdb,19.667055
scaf112.pdb,scaf128.pdb,24.5291
scaf112.pdb,scaf13.pdb,18.764069
scaf112.pdb,scaf130.pdb,21.8806
scaf112.pdb,scaf131.pdb,19.582321
scaf112.pdb,scaf133.pdb,22.320112
scaf112.pdb,scaf134.pdb,24.532347
scaf112.pdb,scaf135.pdb,24.58786
scaf112.pdb,scaf136.pdb,24.171436
scaf112.pdb,scaf137.pdb,19.46131
scaf112.pdb,scaf138.pdb,19.890095
scaf112.pdb,scaf139.pdb,20.002832
scaf112.pdb,scaf14.pdb,20.641209
scaf112.pdb,scaf140.pdb,25.201824
scaf112.pdb,scaf141.pdb,27.065687
scaf112.pdb,scaf143.pdb,23.651821
scaf112.pdb,scaf144.pdb,26.09852
scaf112.pdb,scaf145.pdb,23.67061
scaf112.pdb,scaf147.pdb,14.880353
scaf112.pdb,scaf148.pdb,14.494501
scaf112.pdb,scaf149.pdb,27.951471
scaf112.pdb,scaf15.pdb,21.784407
scaf112.pdb,scaf151.pdb,20.474699
scaf112.pdb,scaf153.pdb,28.550558
scaf112.pdb,scaf154.pdb,22.896383
scaf112.pdb,scaf155.pdb,22.702785
scaf112.pdb,scaf156.pdb,20.530897
scaf112.pdb,scaf158.pdb,27.681032
scaf112.pdb,scaf16.pdb,24.56474
scaf112.pdb,scaf162.pdb,17.714445
scaf112.pdb,scaf163.pdb,23.409603
scaf112.pdb,scaf164.pdb,24.192825
scaf112.pdb,scaf166.pdb,22.709312
scaf112.pdb,scaf167.pdb,26.282059
scaf112.pdb,scaf168.pdb,16.23257
scaf112.pdb,scaf169.pdb,18.606813
scaf112.pdb,scaf17.pdb,21.552984
scaf112.pdb,scaf170.pdb,22.67438
scaf112.pdb,scaf171.pdb,20.728369
scaf112.pdb,scaf172.pdb,25.75641
scaf112.pdb,scaf173.pdb,20.676302
scaf112.pdb,scaf174.pdb,24.183268
scaf112.pdb,scaf175.pdb,13.296011
scaf112.pdb,scaf176.pdb,23.111277
scaf112.pdb,scaf177.pdb,14.728865
scaf112.pdb,scaf179.pdb,24.822275
scaf112.pdb,scaf18.pdb,21.526743
scaf112.pdb,scaf19.pdb,22.358051
scaf112.pdb,scaf20.pdb,20.372555
scaf112.pdb,scaf21.pdb,18.892576
scaf112.pdb,scaf22.pdb,15.904822
scaf112.pdb,scaf23.pdb,19.059725
scaf112.pdb,scaf24.pdb,23.082127
scaf112.pdb,scaf26.pdb,13.978291
scaf112.pdb,scaf27.pdb,24.714212
scaf112.pdb,scaf28.pdb,20.388453
scaf112.pdb,scaf29.pdb,23.053377
scaf112.pdb,scaf3.pdb,21.241932
scaf112.pdb,scaf30.pdb,19.690582
scaf112.pdb,scaf31.pdb,22.980421
scaf112.pdb,scaf32.pdb,16.987022
scaf112.pdb,scaf33.pdb,15.739739
scaf112.pdb,scaf34.pdb,17.535208
scaf112.pdb,scaf35.pdb,18.83974
scaf112.pdb,scaf37.pdb,22.746136
scaf112.pdb,scaf38.pdb,16.400126
scaf112.pdb,scaf4.pdb,24.851254
scaf112.pdb,scaf40.pdb,25.293312
scaf112.pdb,scaf42.pdb,19.095854
scaf112.pdb,scaf44.pdb,26.726791
scaf112.pdb,scaf45.pdb,21.2467
scaf112.pdb,scaf47.pdb,26.966509
scaf112.pdb,scaf48.pdb,21.439823
scaf112.pdb,scaf49.pdb,24.595688
scaf112.pdb,scaf5.pdb,20.646135
scaf112.pdb,scaf50.pdb,21.329895
scaf112.pdb,scaf51.pdb,28.132488
scaf112.pdb,scaf52.pdb,25.60568
scaf112.pdb,scaf53.pdb,27.543177
scaf112.pdb,scaf54.pdb,20.081741
scaf112.pdb,scaf55.pdb,24.62554
scaf112.pdb,scaf56.pdb,22.96553
scaf112.pdb,scaf57.pdb,26.776102
scaf112.pdb,scaf58.pdb,18.461296
scaf112.pdb,scaf59.pdb,22.58296
scaf112.pdb,scaf6.pdb,26.918922
scaf112.pdb,scaf60.pdb,21.997282
scaf112.pdb,scaf61.pdb,25.007889
scaf112.pdb,scaf62.pdb,20.132927
scaf112.pdb,scaf63.pdb,21.097216
scaf112.pdb,scaf64.pdb,17.532917
scaf112.pdb,scaf65.pdb,22.545706
scaf112.pdb,scaf66.pdb,22.873142
scaf112.pdb,scaf67.pdb,26.887495
scaf112.pdb,scaf68.pdb,22.885723
scaf112.pdb,scaf7.pdb,23.24443
scaf112.pdb,scaf70.pdb,21.245321
scaf112.pdb,scaf71.pdb,23.19793
scaf112.pdb,scaf72.pdb,16.409761
scaf112.pdb,scaf74.pdb,25.595695
scaf112.pdb,scaf75.pdb,26.660751
scaf112.pdb,scaf76.pdb,17.911533
scaf112.pdb,scaf77.pdb,23.093115
scaf112.pdb,scaf78.pdb,26.966885
scaf112.pdb,scaf79.pdb,15.19423
scaf112.pdb,scaf8.pdb,28.019974
scaf112.pdb,scaf81.pdb,29.034576
scaf112.pdb,scaf82.pdb,25.34329
scaf112.pdb,scaf83.pdb,26.108646
scaf112.pdb,scaf84.pdb,19.189634
scaf112.pdb,scaf85.pdb,23.191246
scaf112.pdb,scaf86.pdb,24.323212
scaf112.pdb,scaf88.pdb,21.875183
scaf112.pdb,scaf89.pdb,23.954317
scaf112.pdb,scaf9.pdb,22.525652
scaf112.pdb,scaf90.pdb,19.974733
scaf112.pdb,scaf91.pdb,24.444363
scaf112.pdb,scaf92.pdb,23.255795
scaf112.pdb,scaf93.pdb,21.45528
scaf112.pdb,scaf94.pdb,24.818207
scaf112.pdb,scaf95.pdb,18.052626
scaf112.pdb,scaf96.pdb,28.469694
scaf112.pdb,scaf97.pdb,13.830266
scaf112.pdb,scaf98.pdb,26.622993
scaf112.pdb,scaf99.pdb,21.21479
scaf113.pdb,scaf114.pdb,18.489918
scaf113.pdb,scaf115.pdb,20.593052
scaf113.pdb,scaf117.pdb,20.303291
scaf113.pdb,scaf118.pdb,17.486713
scaf113.pdb,scaf119.pdb,18.52251
scaf113.pdb,scaf120.pdb,21.129305
scaf113.pdb,scaf121.pdb,12.889619
scaf113.pdb,scaf122.pdb,15.995653
scaf113.pdb,scaf123.pdb,15.262815
scaf113.pdb,scaf125.pdb,21.72619
scaf113.pdb,scaf126.pdb,22.370888
scaf113.pdb,scaf127.pdb,19.026981
scaf113.pdb,scaf128.pdb,20.489668
scaf113.pdb,scaf13.pdb,22.545834
scaf113.pdb,scaf130.pdb,14.941325
scaf113.pdb,scaf131.pdb,18.194714
scaf113.pdb,scaf133.pdb,15.214389
scaf113.pdb,scaf134.pdb,20.098629
scaf113.pdb,scaf135.pdb,21.999956
scaf113.pdb,scaf136.pdb,22.323938
scaf113.pdb,scaf137.pdb,18.258009
scaf113.pdb,scaf138.pdb,17.454494
scaf113.pdb,scaf139.pdb,16.861708
scaf113.pdb,scaf14.pdb,22.716696
scaf113.pdb,scaf140.pdb,22.558231
scaf113.pdb,scaf141.pdb,21.62539
scaf113.pdb,scaf143.pdb,16.496115
scaf113.pdb,scaf144.pdb,21.264153
scaf113.pdb,scaf145.pdb,16.887207
scaf113.pdb,scaf147.pdb,23.274086
scaf113.pdb,scaf148.pdb,20.74224
scaf113.pdb,scaf149.pdb,19.609608
scaf113.pdb,scaf15.pdb,26.18107
scaf113.pdb,scaf151.pdb,22.638262
scaf113.pdb,scaf153.pdb,18.438612
scaf113.pdb,scaf154.pdb,17.028734
scaf113.pdb,scaf155.pdb,16.367443
scaf113.pdb,scaf156.pdb,22.182804
scaf113.pdb,scaf158.pdb,16.771872
scaf113.pdb,scaf16.pdb,20.211767
scaf113.pdb,scaf162.pdb,20.48087
scaf113.pdb,scaf163.pdb,19.727673
scaf113.pdb,scaf164.pdb,20.762075
scaf113.pdb,scaf166.pdb,18.183645
scaf113.pdb,scaf167.pdb,19.537758
scaf113.pdb,scaf168.pdb,23.033691
scaf113.pdb,scaf169.pdb,19.127052
scaf113.pdb,scaf17.pdb,12.405927
scaf113.pdb,scaf170.pdb,19.725248
scaf113.pdb,scaf171.pdb,22.641123
scaf113.pdb,scaf172.pdb,20.418924
scaf113.pdb,scaf173.pdb,22.394014
scaf113.pdb,scaf174.pdb,16.690535
scaf113.pdb,scaf175.pdb,20.475107
scaf113.pdb,scaf176.pdb,16.479633
scaf113.pdb,scaf177.pdb,21.525229
scaf113.pdb,scaf179.pdb,21.51152
scaf113.pdb,scaf18.pdb,26.363398
scaf113.pdb,scaf19.pdb,21.875336
scaf113.pdb,scaf20.pdb,15.618321
scaf113.pdb,scaf21.pdb,20.13943
scaf113.pdb,scaf22.pdb,19.1434
scaf113.pdb,scaf23.pdb,20.66366
scaf113.pdb,scaf24.pdb,16.46542
scaf113.pdb,scaf26.pdb,23.26758
scaf113.pdb,scaf27.pdb,20.00037
scaf113.pdb,scaf28.pdb,22.707623
scaf113.pdb,scaf29.pdb,17.507751
scaf113.pdb,scaf3.pdb,15.02603
scaf113.pdb,scaf30.pdb,18.349644
scaf113.pdb,scaf31.pdb,16.589823
scaf113.pdb,scaf32.pdb,18.185966
scaf113.pdb,scaf33.pdb,19.272268
scaf113.pdb,scaf34.pdb,17.114073
scaf113.pdb,scaf35.pdb,17.204851
scaf113.pdb,scaf37.pdb,21.196642
scaf113.pdb,scaf38.pdb,19.866331
scaf113.pdb,scaf4.pdb,15.730801
scaf113.pdb,scaf40.pdb,20.796068
scaf113.pdb,scaf42.pdb,22.253942
scaf113.pdb,scaf44.pdb,15.288138
scaf113.pdb,scaf45.pdb,16.242622
scaf113.pdb,scaf47.pdb,18.262163
scaf113.pdb,scaf48.pdb,15.226988
scaf113.pdb,scaf49.pdb,22.620789
scaf113.pdb,scaf5.pdb,21.500683
scaf113.pdb,scaf50.pdb,19.386106
scaf113.pdb,scaf51.pdb,18.327742
scaf113.pdb,scaf52.pdb,20.835342
scaf113.pdb,scaf53.pdb,18.320957
scaf113.pdb,scaf54.pdb,15.335187
scaf113.pdb,scaf55.pdb,15.713095
scaf113.pdb,scaf56.pdb,16.732853
scaf113.pdb,scaf57.pdb,19.353943
scaf113.pdb,scaf58.pdb,17.328266
scaf113.pdb,scaf59.pdb,19.889921
scaf113.pdb,scaf6.pdb,16.340538
scaf113.pdb,scaf60.pdb,14.755829
scaf113.pdb,scaf61.pdb,20.687899
scaf113.pdb,scaf62.pdb,16.968924
scaf113.pdb,scaf63.pdb,14.966978
scaf113.pdb,scaf64.pdb,17.933558
scaf113.pdb,scaf65.pdb,20.667376
scaf113.pdb,scaf66.pdb,16.88954
scaf113.pdb,scaf67.pdb,20.296318
scaf113.pdb,scaf68.pdb,16.544363
scaf113.pdb,scaf7.pdb,16.317974
scaf113.pdb,scaf70.pdb,18.138258
scaf113.pdb,scaf71.pdb,16.703346
scaf113.pdb,scaf72.pdb,19.80806
scaf113.pdb,scaf74.pdb,19.353119
scaf113.pdb,scaf75.pdb,21.217196
scaf113.pdb,scaf76.pdb,22.01545
scaf113.pdb,scaf77.pdb,16.720194
scaf113.pdb,scaf78.pdb,19.470413
scaf113.pdb,scaf79.pdb,18.588541
scaf113.pdb,scaf8.pdb,19.23067
scaf113.pdb,scaf81.pdb,15.425925
scaf113.pdb,scaf82.pdb,18.690533
scaf113.pdb,scaf83.pdb,17.40346
scaf113.pdb,scaf84.pdb,18.917604
scaf113.pdb,scaf85.pdb,18.226759
scaf113.pdb,scaf86.pdb,20.447977
scaf113.pdb,scaf88.pdb,16.177126
scaf113.pdb,scaf89.pdb,21.120136
scaf113.pdb,scaf9.pdb,16.329433
scaf113.pdb,scaf90.pdb,18.65673
scaf113.pdb,scaf91.pdb,22.731052
scaf113.pdb,scaf92.pdb,15.643079
scaf113.pdb,scaf93.pdb,17.515898
scaf113.pdb,scaf94.pdb,25.543373
scaf113.pdb,scaf95.pdb,25.137285
scaf113.pdb,scaf96.pdb,15.636042
scaf113.pdb,scaf97.pdb,23.754322
scaf113.pdb,scaf98.pdb,21.21502
scaf113.pdb,scaf99.pdb,20.190784
scaf114.pdb,scaf115.pdb,19.504265
scaf114.pdb,scaf117.pdb,20.870716
scaf114.pdb,scaf118.pdb,18.812239
scaf114.pdb,scaf119.pdb,18.241533
scaf114.pdb,scaf120.pdb,20.194016
scaf114.pdb,scaf121.pdb,13.377716
scaf114.pdb,scaf122.pdb,15.427838
scaf114.pdb,scaf123.pdb,15.4300165
scaf114.pdb,scaf125.pdb,16.77275
scaf114.pdb,scaf126.pdb,21.29702
scaf114.pdb,scaf127.pdb,16.861832
scaf114.pdb,scaf128.pdb,19.11201
scaf114.pdb,scaf13.pdb,18.275242
scaf114.pdb,scaf130.pdb,17.232866
scaf114.pdb,scaf131.pdb,20.651464
scaf114.pdb,scaf133.pdb,17.178963
scaf114.pdb,scaf134.pdb,19.612797
scaf114.pdb,scaf135.pdb,20.466097
scaf114.pdb,scaf136.pdb,19.5342
scaf114.pdb,scaf137.pdb,16.63538
scaf114.pdb,scaf138.pdb,15.273586
scaf114.pdb,scaf139.pdb,16.466873
scaf114.pdb,scaf14.pdb,24.074469
scaf114.pdb,scaf140.pdb,19.125067
scaf114.pdb,scaf141.pdb,18.13778
scaf114.pdb,scaf143.pdb,16.86486
scaf114.pdb,scaf144.pdb,19.907953
scaf114.pdb,scaf145.pdb,17.33427
scaf114.pdb,scaf147.pdb,17.567083
scaf114.pdb,scaf148.pdb,20.76512
scaf114.pdb,scaf149.pdb,18.69937
scaf114.pdb,scaf15.pdb,24.316698
scaf114.pdb,scaf151.pdb,23.929798
scaf114.pdb,scaf153.pdb,19.951311
scaf114.pdb,scaf154.pdb,16.905449
scaf114.pdb,scaf155.pdb,16.1768
scaf114.pdb,scaf156.pdb,24.056614
scaf114.pdb,scaf158.pdb,17.858292
scaf114.pdb,scaf16.pdb,19.442244
scaf114.pdb,scaf162.pdb,16.524757
scaf114.pdb,scaf163.pdb,19.518202
scaf114.pdb,scaf164.pdb,18.6845
scaf114.pdb,scaf166.pdb,17.626678
scaf114.pdb,scaf167.pdb,20.063759
scaf114.pdb,scaf168.pdb,19.75014
scaf114.pdb,scaf169.pdb,20.784485
scaf114.pdb,scaf17.pdb,14.355671
scaf114.pdb,scaf170.pdb,19.27032
scaf114.pdb,scaf171.pdb,23.918726
scaf114.pdb,scaf172.pdb,19.687103
scaf114.pdb,scaf173.pdb,24.190355
scaf114.pdb,scaf174.pdb,13.85444
scaf114.pdb,scaf175.pdb,19.372332
scaf114.pdb,scaf176.pdb,13.211563
scaf114.pdb,scaf177.pdb,18.441523
scaf114.pdb,scaf179.pdb,21.319902
scaf114.pdb,scaf18.pdb,19.690235
scaf114.pdb,scaf19.pdb,24.859138
scaf114.pdb,scaf20.pdb,16.63356
scaf114.pdb,scaf21.pdb,16.065859
scaf114.pdb,scaf22.pdb,18.271006
scaf114.pdb,scaf23.pdb,22.019522
scaf114.pdb,scaf24.pdb,17.27184
scaf114.pdb,scaf26.pdb,21.15639
scaf114.pdb,scaf27.pdb,19.327501
scaf114.pdb,scaf28.pdb,24.235228
scaf114.pdb,scaf29.pdb,15.015375
scaf114.pdb,scaf3.pdb,17.144924
scaf114.pdb,scaf30.pdb,22.101137
scaf114.pdb,scaf31.pdb,16.880219
scaf114.pdb,scaf32.pdb,17.020842
scaf114.pdb,scaf33.pdb,19.666424
scaf114.pdb,scaf34.pdb,16.6905
scaf114.pdb,scaf35.pdb,20.152103
scaf114.pdb,scaf37.pdb,19.470486
scaf114.pdb,scaf38.pdb,20.7341
scaf114.pdb,scaf4.pdb,16.7612
scaf114.pdb,scaf40.pdb,21.145746
scaf114.pdb,scaf42.pdb,18.423594
scaf114.pdb,scaf44.pdb,17.084219
scaf114.pdb,scaf45.pdb,17.279934
scaf114.pdb,scaf47.pdb,18.77724
scaf114.pdb,scaf48.pdb,16.010645
scaf114.pdb,scaf49.pdb,22.19649
scaf114.pdb,scaf5.pdb,24.088924
scaf114.pdb,scaf50.pdb,19.820211
scaf114.pdb,scaf51.pdb,17.890251
scaf114.pdb,scaf52.pdb,20.919237
scaf114.pdb,scaf53.pdb,18.493198
scaf114.pdb,scaf54.pdb,17.963404
scaf114.pdb,scaf55.pdb,16.806295
scaf114.pdb,scaf56.pdb,17.10607
scaf114.pdb,scaf57.pdb,19.028706
scaf114.pdb,scaf58.pdb,18.813683
scaf114.pdb,scaf59.pdb,19.642525
scaf114.pdb,scaf6.pdb,19.231827
scaf114.pdb,scaf60.pdb,17.100777
scaf114.pdb,scaf61.pdb,18.35616
scaf114.pdb,scaf62.pdb,16.60465
scaf114.pdb,scaf63.pdb,16.88618
scaf114.pdb,scaf64.pdb,19.410135
scaf114.pdb,scaf65.pdb,19.394697
scaf114.pdb,scaf66.pdb,16.712715
scaf114.pdb,scaf67.pdb,17.341421
scaf114.pdb,scaf68.pdb,17.064867
scaf114.pdb,scaf7.pdb,17.253038
scaf114.pdb,scaf70.pdb,15.314425
scaf114.pdb,scaf71.pdb,17.202412
scaf114.pdb,scaf72.pdb,21.060215
scaf114.pdb,scaf74.pdb,20.377161
scaf114.pdb,scaf75.pdb,20.014772
scaf114.pdb,scaf76.pdb,22.445852
scaf114.pdb,scaf77.pdb,17.124672
scaf114.pdb,scaf78.pdb,18.14658
scaf114.pdb,scaf79.pdb,19.35987
scaf114.pdb,scaf8.pdb,17.806885
scaf114.pdb,scaf81.pdb,16.348087
scaf114.pdb,scaf82.pdb,20.012703
scaf114.pdb,scaf83.pdb,20.500612
scaf114.pdb,scaf84.pdb,19.06518
scaf114.pdb,scaf85.pdb,19.118605
scaf114.pdb,scaf86.pdb,19.414728
scaf114.pdb,scaf88.pdb,15.784183
scaf114.pdb,scaf89.pdb,19.953665
scaf114.pdb,scaf9.pdb,16.140163
scaf114.pdb,scaf90.pdb,20.5994
scaf114.pdb,scaf91.pdb,22.21665
scaf114.pdb,scaf92.pdb,18.46901
scaf114.pdb,scaf93.pdb,15.689578
scaf114.pdb,scaf94.pdb,24.332724
scaf114.pdb,scaf95.pdb,19.526405
scaf114.pdb,scaf96.pdb,16.679688
scaf114.pdb,scaf97.pdb,21.110521
scaf114.pdb,scaf98.pdb,19.948036
scaf114.pdb,scaf99.pdb,19.199224
scaf115.pdb,scaf117.pdb,22.361729
scaf115.pdb,scaf118.pdb,23.270273
scaf115.pdb,scaf119.pdb,14.958448
scaf115.pdb,scaf120.pdb,20.828373
scaf115.pdb,scaf121.pdb,21.107038
scaf115.pdb,scaf122.pdb,22.818102
scaf115.pdb,scaf123.pdb,21.60396
scaf115.pdb,scaf125.pdb,17.163544
scaf115.pdb,scaf126.pdb,17.27034
scaf115.pdb,scaf127.pdb,18.856583
scaf115.pdb,scaf128.pdb,1.7938496
scaf115.pdb,scaf13.pdb,19.108597
scaf115.pdb,scaf130.pdb,23.148869
scaf115.pdb,scaf131.pdb,20.401527
scaf115.pdb,scaf133.pdb,24.099358
scaf115.pdb,scaf134.pdb,1.6329441
scaf115.pdb,scaf135.pdb,12.363339
scaf115.pdb,scaf136.pdb,11.761854
scaf115.pdb,scaf137.pdb,23.356524
scaf115.pdb,scaf138.pdb,21.462276
scaf115.pdb,scaf139.pdb,13.846857
scaf115.pdb,scaf14.pdb,15.903571
scaf115.pdb,scaf140.pdb,22.867884
scaf115.pdb,scaf141.pdb,14.143628
scaf115.pdb,scaf143.pdb,18.945805
scaf115.pdb,scaf144.pdb,13.176957
scaf115.pdb,scaf145.pdb,16.27238
scaf115.pdb,scaf147.pdb,26.092005
scaf115.pdb,scaf148.pdb,22.893745
scaf115.pdb,scaf149.pdb,14.799362
scaf115.pdb,scaf15.pdb,24.421656
scaf115.pdb,scaf151.pdb,15.090365
scaf115.pdb,scaf153.pdb,15.317955
scaf115.pdb,scaf154.pdb,19.257898
scaf115.pdb,scaf155.pdb,24.136658
scaf115.pdb,scaf156.pdb,15.831157
scaf115.pdb,scaf158.pdb,12.412634
scaf115.pdb,scaf16.pdb,2.3368227
scaf115.pdb,scaf162.pdb,22.951452
scaf115.pdb,scaf163.pdb,15.649844
scaf115.pdb,scaf164.pdb,16.172005
scaf115.pdb,scaf166.pdb,25.425085
scaf115.pdb,scaf167.pdb,15.729346
scaf115.pdb,scaf168.pdb,23.23025
scaf115.pdb,scaf169.pdb,20.635677
scaf115.pdb,scaf17.pdb,17.814041
scaf115.pdb,scaf170.pdb,13.669684
scaf115.pdb,scaf171.pdb,15.256045
scaf115.pdb,scaf172.pdb,5.3098135
scaf115.pdb,scaf173.pdb,15.773522
scaf115.pdb,scaf174.pdb,21.209114
scaf115.pdb,scaf175.pdb,23.26206
scaf115.pdb,scaf176.pdb,18.091742
scaf115.pdb,scaf177.pdb,23.137772
scaf115.pdb,scaf179.pdb,13.911819
scaf115.pdb,scaf18.pdb,23.773182
scaf115.pdb,scaf19.pdb,15.190381
scaf115.pdb,scaf20.pdb,19.6186
scaf115.pdb,scaf21.pdb,16.12713
scaf115.pdb,scaf22.pdb,23.814138
scaf115.pdb,scaf23.pdb,19.133938
scaf115.pdb,scaf24.pdb,19.409616
scaf115.pdb,scaf26.pdb,22.89626
scaf115.pdb,scaf27.pdb,2.4285192
scaf115.pdb,scaf28.pdb,15.950966
scaf115.pdb,scaf29.pdb,17.261486
scaf115.pdb,scaf3.pdb,24.015083
scaf115.pdb,scaf30.pdb,21.106747
scaf115.pdb,scaf31.pdb,19.195965
scaf115.pdb,scaf32.pdb,21.383007
scaf115.pdb,scaf33.pdb,22.883251
scaf115.pdb,scaf34.pdb,22.735172
scaf115.pdb,scaf35.pdb,23.556196
scaf115.pdb,scaf37.pdb,19.301874
scaf115.pdb,scaf38.pdb,20.851814
scaf115.pdb,scaf4.pdb,22.835627
scaf115.pdb,scaf40.pdb,13.724006
scaf115.pdb,scaf42.pdb,18.517971
scaf115.pdb,scaf44.pdb,18.01145
scaf115.pdb,scaf45.pdb,14.287771
scaf115.pdb,scaf47.pdb,18.203596
scaf115.pdb,scaf48.pdb,22.184538
scaf115.pdb,scaf49.pdb,15.088336
scaf115.pdb,scaf5.pdb,21.74139
scaf115.pdb,scaf50.pdb,18.637371
scaf115.pdb,scaf51.pdb,15.710254
scaf115.pdb,scaf52.pdb,15.049399
scaf115.pdb,scaf53.pdb,13.990081
scaf115.pdb,scaf54.pdb,21.781313
scaf115.pdb,scaf55.pdb,22.577124
scaf115.pdb,scaf56.pdb,19.787905
scaf115.pdb,scaf57.pdb,13.18145
scaf115.pdb,scaf58.pdb,23.26485
scaf115.pdb,scaf59.pdb,14.005171
scaf115.pdb,scaf6.pdb,21.383137
scaf115.pdb,scaf60.pdb,24.058002
scaf115.pdb,scaf61.pdb,10.959673
scaf115.pdb,scaf62.pdb,13.9760895
scaf115.pdb,scaf63.pdb,22.894934
scaf115.pdb,scaf64.pdb,23.707085
scaf115.pdb,scaf65.pdb,18.737268
scaf115.pdb,scaf66.pdb,19.226183
scaf115.pdb,scaf67.pdb,12.0542345
scaf115.pdb,scaf68.pdb,19.624308
scaf115.pdb,scaf7.pdb,19.456244
scaf115.pdb,scaf70.pdb,22.724693
scaf115.pdb,scaf71.pdb,19.244339
scaf115.pdb,scaf72.pdb,21.023746
scaf115.pdb,scaf74.pdb,7.224426
scaf115.pdb,scaf75.pdb,14.198348
scaf115.pdb,scaf76.pdb,19.027836
scaf115.pdb,scaf77.pdb,19.511003
scaf115.pdb,scaf78.pdb,19.690584
scaf115.pdb,scaf79.pdb,21.004778
scaf115.pdb,scaf8.pdb,14.596981
scaf115.pdb,scaf81.pdb,19.33236
scaf115.pdb,scaf82.pdb,13.134703
scaf115.pdb,scaf83.pdb,16.412266
scaf115.pdb,scaf84.pdb,22.486065
scaf115.pdb,scaf85.pdb,26.142904
scaf115.pdb,scaf86.pdb,1.1785858
scaf115.pdb,scaf88.pdb,21.702389
scaf115.pdb,scaf89.pdb,2.0452561
scaf115.pdb,scaf9.pdb,24.06688
scaf115.pdb,scaf90.pdb,13.712143
scaf115.pdb,scaf91.pdb,15.017732
scaf115.pdb,scaf92.pdb,25.236778
scaf115.pdb,scaf93.pdb,19.389732
scaf115.pdb,scaf94.pdb,19.552912
scaf115.pdb,scaf95.pdb,23.316746
scaf115.pdb,scaf96.pdb,18.738115
scaf115.pdb,scaf97.pdb,22.577396
scaf115.pdb,scaf98.pdb,14.095666
scaf115.pdb,scaf99.pdb,13.30594
scaf117.pdb,scaf118.pdb,14.488192
scaf117.pdb,scaf119.pdb,25.552193
scaf117.pdb,scaf120.pdb,16.288496
scaf117.pdb,scaf121.pdb,16.572414
scaf117.pdb,scaf122.pdb,15.714745
scaf117.pdb,scaf123.pdb,16.270771
scaf117.pdb,scaf125.pdb,15.547962
scaf117.pdb,scaf126.pdb,20.40686
scaf117.pdb,scaf127.pdb,17.062403
scaf117.pdb,scaf128.pdb,22.683939
scaf117.pdb,scaf13.pdb,20.295433
scaf117.pdb,scaf130.pdb,21.024704
scaf117.pdb,scaf131.pdb,17.254694
scaf117.pdb,scaf133.pdb,20.530312
scaf117.pdb,scaf134.pdb,22.420588
scaf117.pdb,scaf135.pdb,23.664127
scaf117.pdb,scaf136.pdb,22.968208
scaf117.pdb,scaf137.pdb,16.519587
scaf117.pdb,scaf138.pdb,17.609015
scaf117.pdb,scaf139.pdb,18.432323
scaf117.pdb,scaf14.pdb,18.536255
scaf117.pdb,scaf140.pdb,23.349522
scaf117.pdb,scaf141.pdb,26.657188
scaf117.pdb,scaf143.pdb,21.27975
scaf117.pdb,scaf144.pdb,23.847895
scaf117.pdb,scaf145.pdb,18.253452
scaf117.pdb,scaf147.pdb,14.093786
scaf117.pdb,scaf148.pdb,4.855489
scaf117.pdb,scaf149.pdb,26.899796
scaf117.pdb,scaf15.pdb,16.439362
scaf117.pdb,scaf151.pdb,18.716984
scaf117.pdb,scaf153.pdb,27.341347
scaf117.pdb,scaf154.pdb,20.55671
scaf117.pdb,scaf155.pdb,19.122822
scaf117.pdb,scaf156.pdb,18.559038
scaf117.pdb,scaf158.pdb,25.992525
scaf117.pdb,scaf16.pdb,22.492218
scaf117.pdb,scaf162.pdb,16.354977
scaf117.pdb,scaf163.pdb,22.575668
scaf117.pdb,scaf164.pdb,21.379242
scaf117.pdb,scaf166.pdb,17.294292
scaf117.pdb,scaf167.pdb,26.823845
scaf117.pdb,scaf168.pdb,12.015515
scaf117.pdb,scaf169.pdb,17.469177
scaf117.pdb,scaf17.pdb,20.887953
scaf117.pdb,scaf170.pdb,19.394531
scaf117.pdb,scaf171.pdb,18.900574
scaf117.pdb,scaf172.pdb,23.645546
scaf117.pdb,scaf173.pdb,18.680508
scaf117.pdb,scaf174.pdb,21.013336
scaf117.pdb,scaf175.pdb,5.321933
scaf117.pdb,scaf176.pdb,20.030241
scaf117.pdb,scaf177.pdb,18.464285
scaf117.pdb,scaf179.pdb,24.099627
scaf117.pdb,scaf18.pdb,23.971579
scaf117.pdb,scaf19.pdb,19.778605
scaf117.pdb,scaf20.pdb,14.914644
scaf117.pdb,scaf21.pdb,18.65723
scaf117.pdb,scaf22.pdb,15.628799
scaf117.pdb,scaf23.pdb,21.470898
scaf117.pdb,scaf24.pdb,20.88647
scaf117.pdb,scaf26.pdb,10.759598
scaf117.pdb,scaf27.pdb,22.606432
scaf117.pdb,scaf28.pdb,18.537594
scaf117.pdb,scaf29.pdb,22.376957
scaf117.pdb,scaf3.pdb,20.050947
scaf117.pdb,scaf30.pdb,14.834724
scaf117.pdb,scaf31.pdb,20.899656
scaf117.pdb,scaf32.pdb,15.535612
scaf117.pdb,scaf33.pdb,11.592648
scaf117.pdb,scaf34.pdb,13.769792
scaf117.pdb,scaf35.pdb,14.92996
scaf117.pdb,scaf37.pdb,22.92768
scaf117.pdb,scaf38.pdb,18.166775
scaf117.pdb,scaf4.pdb,22.286377
scaf117.pdb,scaf40.pdb,23.959846
scaf117.pdb,scaf42.pdb,20.305525
scaf117.pdb,scaf44.pdb,23.519312
scaf117.pdb,scaf45.pdb,19.051376
scaf117.pdb,scaf47.pdb,26.147915
scaf117.pdb,scaf48.pdb,20.327864
scaf117.pdb,scaf49.pdb,22.831554
scaf117.pdb,scaf5.pdb,23.554964
scaf117.pdb,scaf50.pdb,18.654676
scaf117.pdb,scaf51.pdb,25.850275
scaf117.pdb,scaf52.pdb,25.134186
scaf117.pdb,scaf53.pdb,26.615225
scaf117.pdb,scaf54.pdb,15.78765
scaf117.pdb,scaf55.pdb,22.309076
scaf117.pdb,scaf56.pdb,20.628931
scaf117.pdb,scaf57.pdb,26.356045
scaf117.pdb,scaf58.pdb,14.455991
scaf117.pdb,scaf59.pdb,19.13963
scaf117.pdb,scaf6.pdb,22.478333
scaf117.pdb,scaf60.pdb,20.313053
scaf117.pdb,scaf61.pdb,23.404732
scaf117.pdb,scaf62.pdb,18.560553
scaf117.pdb,scaf63.pdb,20.828867
scaf117.pdb,scaf64.pdb,15.079426
scaf117.pdb,scaf65.pdb,22.471529
scaf117.pdb,scaf66.pdb,20.442797
scaf117.pdb,scaf67.pdb,26.501596
scaf117.pdb,scaf68.pdb,20.642483
scaf117.pdb,scaf7.pdb,20.91266
scaf117.pdb,scaf70.pdb,19.87345
scaf117.pdb,scaf71.pdb,20.976341
scaf117.pdb,scaf72.pdb,17.971983
scaf117.pdb,scaf74.pdb,21.545029
scaf117.pdb,scaf75.pdb,24.31028
scaf117.pdb,scaf76.pdb,15.222102
scaf117.pdb,scaf77.pdb,20.90337
scaf117.pdb,scaf78.pdb,22.173267
scaf117.pdb,scaf79.pdb,13.170531
scaf117.pdb,scaf8.pdb,26.239084
scaf117.pdb,scaf81.pdb,25.720812
scaf117.pdb,scaf82.pdb,23.594807
scaf117.pdb,scaf83.pdb,21.091766
scaf117.pdb,scaf84.pdb,15.696546
scaf117.pdb,scaf85.pdb,13.103062
scaf117.pdb,scaf86.pdb,22.461927
scaf117.pdb,scaf88.pdb,18.867617
scaf117.pdb,scaf89.pdb,22.096115
scaf117.pdb,scaf9.pdb,19.07037
scaf117.pdb,scaf90.pdb,16.939438
scaf117.pdb,scaf91.pdb,22.847612
scaf117.pdb,scaf92.pdb,19.571785
scaf117.pdb,scaf93.pdb,20.228235
scaf117.pdb,scaf94.pdb,24.173235
scaf117.pdb,scaf95.pdb,14.132326
scaf117.pdb,scaf96.pdb,25.70397
scaf117.pdb,scaf97.pdb,11.522014
scaf117.pdb,scaf98.pdb,24.29471
scaf117.pdb,scaf99.pdb,19.727093
scaf118.pdb,scaf119.pdb,23.73807
scaf118.pdb,scaf120.pdb,20.234468
scaf118.pdb,scaf121.pdb,16.317463
scaf118.pdb,scaf122.pdb,15.193704
scaf118.pdb,scaf123.pdb,15.5639925
scaf118.pdb,scaf125.pdb,16.549824
scaf118.pdb,scaf126.pdb,19.788002
scaf118.pdb,scaf127.pdb,15.553924
scaf118.pdb,scaf128.pdb,23.28292
scaf118.pdb,scaf13.pdb,21.48628
scaf118.pdb,scaf130.pdb,14.917819
scaf118.pdb,scaf131.pdb,16.041365
scaf118.pdb,scaf133.pdb,13.578824
scaf118.pdb,scaf134.pdb,23.547815
scaf118.pdb,scaf135.pdb,25.65615
scaf118.pdb,scaf136.pdb,25.805477
scaf118.pdb,scaf137.pdb,14.655198
scaf118.pdb,scaf138.pdb,11.527579
scaf118.pdb,scaf139.pdb,18.301338
scaf118.pdb,scaf14.pdb,19.90316
scaf118.pdb,scaf140.pdb,19.532463
scaf118.pdb,scaf141.pdb,23.412012
scaf118.pdb,scaf143.pdb,20.48302
scaf118.pdb,scaf144.pdb,24.856356
scaf118.pdb,scaf145.pdb,15.833918
scaf118.pdb,scaf147.pdb,17.04467
scaf118.pdb,scaf148.pdb,15.61148
scaf118.pdb,scaf149.pdb,23.440226
scaf118.pdb,scaf15.pdb,23.038492
scaf118.pdb,scaf151.pdb,20.200806
scaf118.pdb,scaf153.pdb,22.792057
scaf118.pdb,scaf154.pdb,20.195627
scaf118.pdb,scaf155.pdb,11.480636
scaf118.pdb,scaf156.pdb,20.101265
scaf118.pdb,scaf158.pdb,22.974098
scaf118.pdb,scaf16.pdb,23.453966
scaf118.pdb,scaf162.pdb,17.574852
scaf118.pdb,scaf163.pdb,20.070656
scaf118.pdb,scaf164.pdb,21.004274
scaf118.pdb,scaf166.pdb,14.163758
scaf118.pdb,scaf167.pdb,23.493275
scaf118.pdb,scaf168.pdb,15.821292
scaf118.pdb,scaf169.pdb,18.067099
scaf118.pdb,scaf17.pdb,17.403397
scaf118.pdb,scaf170.pdb,19.237911
scaf118.pdb,scaf171.pdb,20.526148
scaf118.pdb,scaf172.pdb,23.078732
scaf118.pdb,scaf173.pdb,19.835821
scaf118.pdb,scaf174.pdb,16.923756
scaf118.pdb,scaf175.pdb,14.112251
scaf118.pdb,scaf176.pdb,16.98349
scaf118.pdb,scaf177.pdb,16.962812
scaf118.pdb,scaf179.pdb,25.46284
scaf118.pdb,scaf18.pdb,23.26996
scaf118.pdb,scaf19.pdb,22.850681
scaf118.pdb,scaf20.pdb,16.677391
scaf118.pdb,scaf21.pdb,18.08473
scaf118.pdb,scaf22.pdb,11.86573
scaf118.pdb,scaf23.pdb,17.037613
scaf118.pdb,scaf24.pdb,20.40207
scaf118.pdb,scaf26.pdb,15.990091
scaf118.pdb,scaf27.pdb,23.549032
scaf118.pdb,scaf28.pdb,19.967775
scaf118.pdb,scaf29.pdb,19.009165
scaf118.pdb,scaf3.pdb,13.619703
scaf118.pdb,scaf30.pdb,16.047737
scaf118.pdb,scaf31.pdb,20.268423
scaf118.pdb,scaf32.pdb,15.064488
scaf118.pdb,scaf33.pdb,10.998403
scaf118.pdb,scaf34.pdb,9.371533
scaf118.pdb,scaf35.pdb,3.4945126
scaf118.pdb,scaf37.pdb,21.72634
scaf118.pdb,scaf38.pdb,18.999105
scaf118.pdb,scaf4.pdb,14.8277025
scaf118.pdb,scaf40.pdb,25.564848
scaf118.pdb,scaf42.pdb,21.674809
scaf118.pdb,scaf44.pdb,20.62505
scaf118.pdb,scaf45.pdb,19.364721
scaf118.pdb,scaf47.pdb,23.661371
scaf118.pdb,scaf48.pdb,13.545825
scaf118.pdb,scaf49.pdb,25.36218
scaf118.pdb,scaf5.pdb,23.90057
scaf118.pdb,scaf50.pdb,17.871336
scaf118.pdb,scaf51.pdb,23.858639
scaf118.pdb,scaf52.pdb,25.294205
scaf118.pdb,scaf53.pdb,23.126427
scaf118.pdb,scaf54.pdb,14.534026
scaf118.pdb,scaf55.pdb,15.012397
scaf118.pdb,scaf56.pdb,20.149853
scaf118.pdb,scaf57.pdb,23.181181
scaf118.pdb,scaf58.pdb,1.160747
scaf118.pdb,scaf59.pdb,18.814827
scaf118.pdb,scaf6.pdb,18.13934
scaf118.pdb,scaf60.pdb,13.664037
scaf118.pdb,scaf61.pdb,23.865414
scaf118.pdb,scaf62.pdb,18.50008
scaf118.pdb,scaf63.pdb,14.993492
scaf118.pdb,scaf64.pdb,3.9679255
scaf118.pdb,scaf65.pdb,21.350466
scaf118.pdb,scaf66.pdb,20.053825
scaf118.pdb,scaf67.pdb,23.212751
scaf118.pdb,scaf68.pdb,20.2765
scaf118.pdb,scaf7.pdb,20.410273
scaf118.pdb,scaf70.pdb,17.09322
scaf118.pdb,scaf71.pdb,20.330948
scaf118.pdb,scaf72.pdb,19.019493
scaf118.pdb,scaf74.pdb,24.025803
scaf118.pdb,scaf75.pdb,24.872879
scaf118.pdb,scaf76.pdb,21.901688
scaf118.pdb,scaf77.pdb,20.414589
scaf118.pdb,scaf78.pdb,18.013166
scaf118.pdb,scaf79.pdb,15.861689
scaf118.pdb,scaf8.pdb,22.816488
scaf118.pdb,scaf81.pdb,22.039177
scaf118.pdb,scaf82.pdb,25.460728
scaf118.pdb,scaf83.pdb,18.968472
scaf118.pdb,scaf84.pdb,12.627362
scaf118.pdb,scaf85.pdb,16.468632
scaf118.pdb,scaf86.pdb,23.410692
scaf118.pdb,scaf88.pdb,12.64033
scaf118.pdb,scaf89.pdb,23.196924
scaf118.pdb,scaf9.pdb,11.43436
scaf118.pdb,scaf90.pdb,18.04206
scaf118.pdb,scaf91.pdb,25.261822
scaf118.pdb,scaf92.pdb,13.13997
scaf118.pdb,scaf93.pdb,20.18237
scaf118.pdb,scaf94.pdb,23.577738
scaf118.pdb,scaf95.pdb,17.274048
scaf118.pdb,scaf96.pdb,22.226551
scaf118.pdb,scaf97.pdb,17.250795
scaf118.pdb,scaf98.pdb,24.82293
scaf118.pdb,scaf99.pdb,22.983795
scaf119.pdb,scaf120.pdb,24.081831
scaf119.pdb,scaf121.pdb,19.971924
scaf119.pdb,scaf122.pdb,21.790565
scaf119.pdb,scaf123.pdb,20.443174
scaf119.pdb,scaf125.pdb,20.64421
scaf119.pdb,scaf126.pdb,18.89394
scaf119.pdb,scaf127.pdb,19.328423
scaf119.pdb,scaf128.pdb,15.033798
scaf119.pdb,scaf13.pdb,18.148714
scaf119.pdb,scaf130.pdb,20.59256
scaf119.pdb,scaf131.pdb,18.253317
scaf119.pdb,scaf133.pdb,20.428314
scaf119.pdb,scaf134.pdb,14.744381
scaf119.pdb,scaf135.pdb,15.159249
scaf119.pdb,scaf136.pdb,15.338734
scaf119.pdb,scaf137.pdb,22.899693
scaf119.pdb,scaf138.pdb,19.882017
scaf119.pdb,scaf139.pdb,15.879891
scaf119.pdb,scaf14.pdb,18.414114
scaf119.pdb,scaf140.pdb,18.882223
scaf119.pdb,scaf141.pdb,9.442237
scaf119.pdb,scaf143.pdb,15.926971
scaf119.pdb,scaf144.pdb,15.730305
scaf119.pdb,scaf145.pdb,19.611704
scaf119.pdb,scaf147.pdb,27.039268
scaf119.pdb,scaf148.pdb,26.213577
scaf119.pdb,scaf149.pdb,4.75397
scaf119.pdb,scaf15.pdb,26.219633
scaf119.pdb,scaf151.pdb,18.091074
scaf119.pdb,scaf153.pdb,13.922879
scaf119.pdb,scaf154.pdb,16.25547
scaf119.pdb,scaf155.pdb,21.208838
scaf119.pdb,scaf156.pdb,18.122004
scaf119.pdb,scaf158.pdb,12.442795
scaf119.pdb,scaf16.pdb,14.9981785
scaf119.pdb,scaf162.pdb,24.261656
scaf119.pdb,scaf163.pdb,17.220907
scaf119.pdb,scaf164.pdb,14.416584
scaf119.pdb,scaf166.pdb,21.517345
scaf119.pdb,scaf167.pdb,9.173459
scaf119.pdb,scaf168.pdb,24.813904
scaf119.pdb,scaf169.pdb,23.415031
scaf119.pdb,scaf17.pdb,17.23016
scaf119.pdb,scaf170.pdb,17.827175
scaf119.pdb,scaf171.pdb,17.936707
scaf119.pdb,scaf172.pdb,13.3528185
scaf119.pdb,scaf173.pdb,18.248161
scaf119.pdb,scaf174.pdb,18.738377
scaf119.pdb,scaf175.pdb,25.880478
scaf119.pdb,scaf176.pdb,19.048813
scaf119.pdb,scaf177.pdb,22.833748
scaf119.pdb,scaf179.pdb,13.124951
scaf119.pdb,scaf18.pdb,23.196749
scaf119.pdb,scaf19.pdb,21.292526
scaf119.pdb,scaf20.pdb,19.901152
scaf119.pdb,scaf21.pdb,18.137383
scaf119.pdb,scaf22.pdb,23.070345
scaf119.pdb,scaf23.pdb,18.530254
scaf119.pdb,scaf24.pdb,15.99561
scaf119.pdb,scaf26.pdb,25.207891
scaf119.pdb,scaf27.pdb,14.938952
scaf119.pdb,scaf28.pdb,18.608103
scaf119.pdb,scaf29.pdb,18.176348
scaf119.pdb,scaf3.pdb,20.982918
scaf119.pdb,scaf30.pdb,21.44035
scaf119.pdb,scaf31.pdb,15.610611
scaf119.pdb,scaf32.pdb,22.011164
scaf119.pdb,scaf33.pdb,25.942776
scaf119.pdb,scaf34.pdb,24.162077
scaf119.pdb,scaf35.pdb,24.13786
scaf119.pdb,scaf37.pdb,16.913988
scaf119.pdb,scaf38.pdb,23.58516
scaf119.pdb,scaf4.pdb,18.81522
scaf119.pdb,scaf40.pdb,13.257787
scaf119.pdb,scaf42.pdb,17.570992
scaf119.pdb,scaf44.pdb,16.143682
scaf119.pdb,scaf45.pdb,15.137746
scaf119.pdb,scaf47.pdb,11.187859
scaf119.pdb,scaf48.pdb,19.204235
scaf119.pdb,scaf49.pdb,15.750569
scaf119.pdb,scaf5.pdb,22.053638
scaf119.pdb,scaf50.pdb,16.910017
scaf119.pdb,scaf51.pdb,13.011602
scaf119.pdb,scaf52.pdb,13.226855
scaf119.pdb,scaf53.pdb,5.759041
scaf119.pdb,scaf54.pdb,23.231974
scaf119.pdb,scaf55.pdb,18.787884
scaf119.pdb,scaf56.pdb,15.981023
scaf119.pdb,scaf57.pdb,14.519061
scaf119.pdb,scaf58.pdb,23.73587
scaf119.pdb,scaf59.pdb,18.129316
scaf119.pdb,scaf6.pdb,16.679419
scaf119.pdb,scaf60.pdb,20.547148
scaf119.pdb,scaf61.pdb,14.14618
scaf119.pdb,scaf62.pdb,15.50619
scaf119.pdb,scaf63.pdb,20.506899
scaf119.pdb,scaf64.pdb,24.419922
scaf119.pdb,scaf65.pdb,16.539677
scaf119.pdb,scaf66.pdb,16.226429
scaf119.pdb,scaf67.pdb,12.78601
scaf119.pdb,scaf68.pdb,15.952089
scaf119.pdb,scaf7.pdb,16.08716
scaf119.pdb,scaf70.pdb,21.992977
scaf119.pdb,scaf71.pdb,16.151192
scaf119.pdb,scaf72.pdb,23.76733
scaf119.pdb,scaf74.pdb,15.812578
scaf119.pdb,scaf75.pdb,15.597408
scaf119.pdb,scaf76.pdb,22.340172
scaf119.pdb,scaf77.pdb,15.9982
scaf119.pdb,scaf78.pdb,15.345664
scaf119.pdb,scaf79.pdb,22.614342
scaf119.pdb,scaf8.pdb,6.2691283
scaf119.pdb,scaf81.pdb,14.962858
scaf119.pdb,scaf82.pdb,13.96128
scaf119.pdb,scaf83.pdb,15.971497
scaf119.pdb,scaf84.pdb,21.664492
scaf119.pdb,scaf85.pdb,26.312069
scaf119.pdb,scaf86.pdb,15.036166
scaf119.pdb,scaf88.pdb,19.103361
scaf119.pdb,scaf89.pdb,15.662236
scaf119.pdb,scaf9.pdb,21.17649
scaf119.pdb,scaf90.pdb,19.257984
scaf119.pdb,scaf91.pdb,15.591934
scaf119.pdb,scaf92.pdb,21.508823
scaf119.pdb,scaf93.pdb,15.7069235
scaf119.pdb,scaf94.pdb,19.809645
scaf119.pdb,scaf95.pdb,23.657064
scaf119.pdb,scaf96.pdb,14.2321415
scaf119.pdb,scaf97.pdb,25.183722
scaf119.pdb,scaf98.pdb,15.45217
scaf119.pdb,scaf99.pdb,16.162542
scaf120.pdb,scaf121.pdb,17.954264
scaf120.pdb,scaf122.pdb,21.127977
scaf120.pdb,scaf123.pdb,21.060884
scaf120.pdb,scaf125.pdb,12.522155
scaf120.pdb,scaf126.pdb,23.202555
scaf120.pdb,scaf127.pdb,17.47906
scaf120.pdb,scaf128.pdb,20.939507
scaf120.pdb,scaf13.pdb,24.12801
scaf120.pdb,scaf130.pdb,22.197872
scaf120.pdb,scaf131.pdb,22.184967
scaf120.pdb,scaf133.pdb,22.607672
scaf120.pdb,scaf134.pdb,21.019949
scaf120.pdb,scaf135.pdb,22.43664
scaf120.pdb,scaf136.pdb,21.364048
scaf120.pdb,scaf137.pdb,19.467485
scaf120.pdb,scaf138.pdb,22.507498
scaf120.pdb,scaf139.pdb,10.128107
scaf120.pdb,scaf14.pdb,19.60127
scaf120.pdb,scaf140.pdb,28.305923
scaf120.pdb,scaf141.pdb,23.896086
scaf120.pdb,scaf143.pdb,24.305138
scaf120.pdb,scaf144.pdb,22.024797
scaf120.pdb,scaf145.pdb,17.218681
scaf120.pdb,scaf147.pdb,20.428526
scaf120.pdb,scaf148.pdb,17.265806
scaf120.pdb,scaf149.pdb,24.01273
scaf120.pdb,scaf15.pdb,18.335844
scaf120.pdb,scaf151.pdb,19.473783
scaf120.pdb,scaf153.pdb,24.891102
scaf120.pdb,scaf154.pdb,24.05775
scaf120.pdb,scaf155.pdb,22.66409
scaf120.pdb,scaf156.pdb,19.42725
scaf120.pdb,scaf158.pdb,25.122396
scaf120.pdb,scaf16.pdb,21.066898
scaf120.pdb,scaf162.pdb,19.251911
scaf120.pdb,scaf163.pdb,26.332561
scaf120.pdb,scaf164.pdb,24.219208
scaf120.pdb,scaf166.pdb,22.831327
scaf120.pdb,scaf167.pdb,25.186544
scaf120.pdb,scaf168.pdb,14.594755
scaf120.pdb,scaf169.pdb,11.304751
scaf120.pdb,scaf17.pdb,20.507355
scaf120.pdb,scaf170.pdb,21.788599
scaf120.pdb,scaf171.pdb,19.431854
scaf120.pdb,scaf172.pdb,21.99304
scaf120.pdb,scaf173.pdb,20.027346
scaf120.pdb,scaf174.pdb,25.270472
scaf120.pdb,scaf175.pdb,16.540049
scaf120.pdb,scaf176.pdb,23.64555
scaf120.pdb,scaf177.pdb,19.581213
scaf120.pdb,scaf179.pdb,19.70725
scaf120.pdb,scaf18.pdb,27.621906
scaf120.pdb,scaf19.pdb,21.860367
scaf120.pdb,scaf20.pdb,14.954662
scaf120.pdb,scaf21.pdb,22.610806
scaf120.pdb,scaf22.pdb,18.805313
scaf120.pdb,scaf23.pdb,24.55017
scaf120.pdb,scaf24.pdb,24.04703
scaf120.pdb,scaf26.pdb,14.714768
scaf120.pdb,scaf27.pdb,21.077007
scaf120.pdb,scaf28.pdb,19.61886
scaf120.pdb,scaf29.pdb,24.969206
scaf120.pdb,scaf3.pdb,21.786398
scaf120.pdb,scaf30.pdb,19.596613
scaf120.pdb,scaf31.pdb,24.014687
scaf120.pdb,scaf32.pdb,22.344189
scaf120.pdb,scaf33.pdb,20.207026
scaf120.pdb,scaf34.pdb,19.218016
scaf120.pdb,scaf35.pdb,20.659779
scaf120.pdb,scaf37.pdb,23.204548
scaf120.pdb,scaf38.pdb,12.488847
scaf120.pdb,scaf4.pdb,24.287912
scaf120.pdb,scaf40.pdb,21.206068
scaf120.pdb,scaf42.pdb,23.484098
scaf120.pdb,scaf44.pdb,25.816418
scaf120.pdb,scaf45.pdb,10.9770355
scaf120.pdb,scaf47.pdb,23.899565
scaf120.pdb,scaf48.pdb,22.828737
scaf120.pdb,scaf49.pdb,20.017818
scaf120.pdb,scaf5.pdb,23.808598
scaf120.pdb,scaf50.pdb,22.974955
scaf120.pdb,scaf51.pdb,24.966099
scaf120.pdb,scaf52.pdb,22.11644
scaf120.pdb,scaf53.pdb,23.834724
scaf120.pdb,scaf54.pdb,18.568834
scaf120.pdb,scaf55.pdb,24.179924
scaf120.pdb,scaf56.pdb,23.86581
scaf120.pdb,scaf57.pdb,25.871868
scaf120.pdb,scaf58.pdb,19.975302
scaf120.pdb,scaf59.pdb,21.964579
scaf120.pdb,scaf6.pdb,26.443813
scaf120.pdb,scaf60.pdb,22.342604
scaf120.pdb,scaf61.pdb,21.020447
scaf120.pdb,scaf62.pdb,10.269518
scaf120.pdb,scaf63.pdb,22.043053
scaf120.pdb,scaf64.pdb,20.536093
scaf120.pdb,scaf65.pdb,22.71273
scaf120.pdb,scaf66.pdb,23.970928
scaf120.pdb,scaf67.pdb,24.28785
scaf120.pdb,scaf68.pdb,23.827211
scaf120.pdb,scaf7.pdb,24.041582
scaf120.pdb,scaf70.pdb,21.249567
scaf120.pdb,scaf71.pdb,24.182507
scaf120.pdb,scaf72.pdb,12.137386
scaf120.pdb,scaf74.pdb,20.701462
scaf120.pdb,scaf75.pdb,22.336021
scaf120.pdb,scaf76.pdb,17.323828
scaf120.pdb,scaf77.pdb,24.009949
scaf120.pdb,scaf78.pdb,26.065573
scaf120.pdb,scaf79.pdb,15.432943
scaf120.pdb,scaf8.pdb,24.225164
scaf120.pdb,scaf81.pdb,26.20211
scaf120.pdb,scaf82.pdb,19.50542
scaf120.pdb,scaf83.pdb,24.964226
scaf120.pdb,scaf84.pdb,22.127184
scaf120.pdb,scaf85.pdb,18.756147
scaf120.pdb,scaf86.pdb,20.704721
scaf120.pdb,scaf88.pdb,23.650375
scaf120.pdb,scaf89.pdb,20.517454
scaf120.pdb,scaf9.pdb,22.583364
scaf120.pdb,scaf90.pdb,15.5048895
scaf120.pdb,scaf91.pdb,19.966724
scaf120.pdb,scaf92.pdb,22.272942
scaf120.pdb,scaf93.pdb,23.217924
scaf120.pdb,scaf94.pdb,26.219357
scaf120.pdb,scaf95.pdb,16.596954
scaf120.pdb,scaf96.pdb,25.83844
scaf120.pdb,scaf97.pdb,14.552688
scaf120.pdb,scaf98.pdb,22.32243
scaf120.pdb,scaf99.pdb,19.094555
scaf121.pdb,scaf122.pdb,13.10407
scaf121.pdb,scaf123.pdb,13.111829
scaf121.pdb,scaf125.pdb,17.831718
scaf121.pdb,scaf126.pdb,23.077316
scaf121.pdb,scaf127.pdb,15.128013
scaf121.pdb,scaf128.pdb,21.176426
scaf121.pdb,scaf13.pdb,21.287804
scaf121.pdb,scaf130.pdb,17.397532
scaf121.pdb,scaf131.pdb,18.60585
scaf121.pdb,scaf133.pdb,16.876587
scaf121.pdb,scaf134.pdb,20.94683
scaf121.pdb,scaf135.pdb,22.096472
scaf121.pdb,scaf136.pdb,21.936733
scaf121.pdb,scaf137.pdb,14.07688
scaf121.pdb,scaf138.pdb,14.593237
scaf121.pdb,scaf139.pdb,14.725595
scaf121.pdb,scaf14.pdb,23.122252
scaf121.pdb,scaf140.pdb,21.230442
scaf121.pdb,scaf141.pdb,21.033197
scaf121.pdb,scaf143.pdb,17.350805
scaf121.pdb,scaf144.pdb,18.967646
scaf121.pdb,scaf145.pdb,14.146322
scaf121.pdb,scaf147.pdb,18.902058
scaf121.pdb,scaf148.pdb,17.67163
scaf121.pdb,scaf149.pdb,20.09004
scaf121.pdb,scaf15.pdb,22.021744
scaf121.pdb,scaf151.pdb,23.08902
scaf121.pdb,scaf153.pdb,20.286453
scaf121.pdb,scaf154.pdb,17.157469
scaf121.pdb,scaf155.pdb,16.62151
scaf121.pdb,scaf156.pdb,22.889875
scaf121.pdb,scaf158.pdb,19.00987
scaf121.pdb,scaf16.pdb,21.035583
scaf121.pdb,scaf162.pdb,18.27226
scaf121.pdb,scaf163.pdb,22.122776
scaf121.pdb,scaf164.pdb,21.420813
scaf121.pdb,scaf166.pdb,15.363805
scaf121.pdb,scaf167.pdb,21.90309
scaf121.pdb,scaf168.pdb,18.137472
scaf121.pdb,scaf169.pdb,18.10999
scaf121.pdb,scaf17.pdb,15.516882
scaf121.pdb,scaf170.pdb,18.06888
scaf121.pdb,scaf171.pdb,23.086056
scaf121.pdb,scaf172.pdb,20.634018
scaf121.pdb,scaf173.pdb,23.10479
scaf121.pdb,scaf174.pdb,13.918273
scaf121.pdb,scaf175.pdb,16.302895
scaf121.pdb,scaf176.pdb,14.908345
scaf121.pdb,scaf177.pdb,18.855415
scaf121.pdb,scaf179.pdb,21.340355
scaf121.pdb,scaf18.pdb,23.99118
scaf121.pdb,scaf19.pdb,23.390491
scaf121.pdb,scaf20.pdb,14.557963
scaf121.pdb,scaf21.pdb,18.513268
scaf121.pdb,scaf22.pdb,16.824635
scaf121.pdb,scaf23.pdb,23.487305
scaf121.pdb,scaf24.pdb,17.310503
scaf121.pdb,scaf26.pdb,19.17808
scaf121.pdb,scaf27.pdb,20.967007
scaf121.pdb,scaf28.pdb,23.247023
scaf121.pdb,scaf29.pdb,17.685236
scaf121.pdb,scaf3.pdb,17.204157
scaf121.pdb,scaf30.pdb,19.159939
scaf121.pdb,scaf31.pdb,17.398634
scaf121.pdb,scaf32.pdb,16.331804
scaf121.pdb,scaf33.pdb,17.966036
scaf121.pdb,scaf34.pdb,14.736419
scaf121.pdb,scaf35.pdb,17.229412
scaf121.pdb,scaf37.pdb,21.933397
scaf121.pdb,scaf38.pdb,19.446922
scaf121.pdb,scaf4.pdb,16.75345
scaf121.pdb,scaf40.pdb,20.201027
scaf121.pdb,scaf42.pdb,21.383343
scaf121.pdb,scaf44.pdb,16.725296
scaf121.pdb,scaf45.pdb,14.894622
scaf121.pdb,scaf47.pdb,18.849915
scaf121.pdb,scaf48.pdb,16.98846
scaf121.pdb,scaf49.pdb,20.365608
scaf121.pdb,scaf5.pdb,24.012836
scaf121.pdb,scaf50.pdb,19.864637
scaf121.pdb,scaf51.pdb,17.469381
scaf121.pdb,scaf52.pdb,19.630161
scaf121.pdb,scaf53.pdb,19.622286
scaf121.pdb,scaf54.pdb,13.418392
scaf121.pdb,scaf55.pdb,16.851694
scaf121.pdb,scaf56.pdb,17.070028
scaf121.pdb,scaf57.pdb,20.966942
scaf121.pdb,scaf58.pdb,16.376238
scaf121.pdb,scaf59.pdb,18.093933
scaf121.pdb,scaf6.pdb,16.897953
scaf121.pdb,scaf60.pdb,16.744144
scaf121.pdb,scaf61.pdb,18.533285
scaf121.pdb,scaf62.pdb,14.8011465
scaf121.pdb,scaf63.pdb,17.550188
scaf121.pdb,scaf64.pdb,17.677368
scaf121.pdb,scaf65.pdb,21.624271
scaf121.pdb,scaf66.pdb,16.955942
scaf121.pdb,scaf67.pdb,20.340208
scaf121.pdb,scaf68.pdb,17.153112
scaf121.pdb,scaf7.pdb,17.127064
scaf121.pdb,scaf70.pdb,14.139879
scaf121.pdb,scaf71.pdb,17.337152
scaf121.pdb,scaf72.pdb,19.302732
scaf121.pdb,scaf74.pdb,19.514812
scaf121.pdb,scaf75.pdb,18.663792
scaf121.pdb,scaf76.pdb,18.568975
scaf121.pdb,scaf77.pdb,17.312508
scaf121.pdb,scaf78.pdb,18.144695
scaf121.pdb,scaf79.pdb,17.580215
scaf121.pdb,scaf8.pdb,19.133791
scaf121.pdb,scaf81.pdb,15.60138
scaf121.pdb,scaf82.pdb,20.165613
scaf121.pdb,scaf83.pdb,18.99597
scaf121.pdb,scaf84.pdb,16.697765
scaf121.pdb,scaf85.pdb,13.690321
scaf121.pdb,scaf86.pdb,21.07348
scaf121.pdb,scaf88.pdb,14.932832
scaf121.pdb,scaf89.pdb,21.367529
scaf121.pdb,scaf9.pdb,16.60235
scaf121.pdb,scaf90.pdb,18.45239
scaf121.pdb,scaf91.pdb,20.52803
scaf121.pdb,scaf92.pdb,16.467205
scaf121.pdb,scaf93.pdb,17.578585
scaf121.pdb,scaf94.pdb,25.345299
scaf121.pdb,scaf95.pdb,18.535555
scaf121.pdb,scaf96.pdb,15.884695
scaf121.pdb,scaf97.pdb,19.74164
scaf121.pdb,scaf98.pdb,18.653353
scaf121.pdb,scaf99.pdb,19.045809
scaf122.pdb,scaf123.pdb,14.892599
scaf122.pdb,scaf125.pdb,20.243763
scaf122.pdb,scaf126.pdb,20.842585
scaf122.pdb,scaf127.pdb,16.181927
scaf122.pdb,scaf128.pdb,22.821968
scaf122.pdb,scaf13.pdb,18.331978
scaf122.pdb,scaf130.pdb,13.127035
scaf122.pdb,scaf131.pdb,12.320343
scaf122.pdb,scaf133.pdb,12.383825
scaf122.pdb,scaf134.pdb,22.768337
scaf122.pdb,scaf135.pdb,22.665035
scaf122.pdb,scaf136.pdb,21.514757
scaf122.pdb,scaf137.pdb,10.01153
scaf122.pdb,scaf138.pdb,10.9095955
scaf122.pdb,scaf139.pdb,20.212955
scaf122.pdb,scaf14.pdb,23.048038
scaf122.pdb,scaf140.pdb,15.543105
scaf122.pdb,scaf141.pdb,23.82553
scaf122.pdb,scaf143.pdb,12.237921
scaf122.pdb,scaf144.pdb,21.779928
scaf122.pdb,scaf145.pdb,18.938093
scaf122.pdb,scaf147.pdb,15.037123
scaf122.pdb,scaf148.pdb,16.218353
scaf122.pdb,scaf149.pdb,22.890984
scaf122.pdb,scaf15.pdb,22.098255
scaf122.pdb,scaf151.pdb,22.929651
scaf122.pdb,scaf153.pdb,24.241142
scaf122.pdb,scaf154.pdb,11.248901
scaf122.pdb,scaf155.pdb,11.279882
scaf122.pdb,scaf156.pdb,22.50633
scaf122.pdb,scaf158.pdb,20.201345
scaf122.pdb,scaf16.pdb,22.943172
scaf122.pdb,scaf162.pdb,14.17917
scaf122.pdb,scaf163.pdb,21.286093
scaf122.pdb,scaf164.pdb,18.989403
scaf122.pdb,scaf166.pdb,13.183435
scaf122.pdb,scaf167.pdb,21.930809
scaf122.pdb,scaf168.pdb,17.392029
scaf122.pdb,scaf169.pdb,21.342993
scaf122.pdb,scaf17.pdb,15.655739
scaf122.pdb,scaf170.pdb,20.242785
scaf122.pdb,scaf171.pdb,22.980291
scaf122.pdb,scaf172.pdb,23.030735
scaf122.pdb,scaf173.pdb,22.551914
scaf122.pdb,scaf174.pdb,13.027836
scaf122.pdb,scaf175.pdb,14.995329
scaf122.pdb,scaf176.pdb,12.9047
scaf122.pdb,scaf177.pdb,11.742226
scaf122.pdb,scaf179.pdb,26.282366
scaf122.pdb,scaf18.pdb,15.126685
scaf122.pdb,scaf19.pdb,23.582382
scaf122.pdb,scaf20.pdb,19.376379
scaf122.pdb,scaf21.pdb,12.827758
scaf122.pdb,scaf22.pdb,11.188984
scaf122.pdb,scaf23.pdb,17.135992
scaf122.pdb,scaf24.pdb,11.561852
scaf122.pdb,scaf26.pdb,17.811962
scaf122.pdb,scaf27.pdb,22.831718
scaf122.pdb,scaf28.pdb,22.99815
scaf122.pdb,scaf29.pdb,14.38639
scaf122.pdb,scaf3.pdb,12.4744215
scaf122.pdb,scaf30.pdb,17.989826
scaf122.pdb,scaf31.pdb,11.638423
scaf122.pdb,scaf32.pdb,7.581542
scaf122.pdb,scaf33.pdb,13.815229
scaf122.pdb,scaf34.pdb,11.81085
scaf122.pdb,scaf35.pdb,15.897745
scaf122.pdb,scaf37.pdb,19.846588
scaf122.pdb,scaf38.pdb,21.52968
scaf122.pdb,scaf4.pdb,14.1429
scaf122.pdb,scaf40.pdb,21.314909
scaf122.pdb,scaf42.pdb,18.86272
scaf122.pdb,scaf44.pdb,15.93548
scaf122.pdb,scaf45.pdb,20.732992
scaf122.pdb,scaf47.pdb,20.478409
scaf122.pdb,scaf48.pdb,12.648185
scaf122.pdb,scaf49.pdb,23.101484
scaf122.pdb,scaf5.pdb,22.92728
scaf122.pdb,scaf50.pdb,15.940947
scaf122.pdb,scaf51.pdb,20.760916
scaf122.pdb,scaf52.pdb,22.286867
scaf122.pdb,scaf53.pdb,22.490263
scaf122.pdb,scaf54.pdb,14.427567
scaf122.pdb,scaf55.pdb,14.305432
scaf122.pdb,scaf56.pdb,11.211006
scaf122.pdb,scaf57.pdb,21.853243
scaf122.pdb,scaf58.pdb,15.050025
scaf122.pdb,scaf59.pdb,20.345888
scaf122.pdb,scaf6.pdb,16.011005
scaf122.pdb,scaf60.pdb,12.233785
scaf122.pdb,scaf61.pdb,20.94426
scaf122.pdb,scaf62.pdb,20.4444
scaf122.pdb,scaf63.pdb,12.941505
scaf122.pdb,scaf64.pdb,16.188128
scaf122.pdb,scaf65.pdb,19.720148
scaf122.pdb,scaf66.pdb,11.0752325
scaf122.pdb,scaf67.pdb,21.864483
scaf122.pdb,scaf68.pdb,11.350641
scaf122.pdb,scaf7.pdb,11.522705
scaf122.pdb,scaf70.pdb,16.843622
scaf122.pdb,scaf71.pdb,11.645211
scaf122.pdb,scaf72.pdb,21.511751
scaf122.pdb,scaf74.pdb,22.550385
scaf122.pdb,scaf75.pdb,21.648151
scaf122.pdb,scaf76.pdb,21.033106
scaf122.pdb,scaf77.pdb,11.549992
scaf122.pdb,scaf78.pdb,16.292969
scaf122.pdb,scaf79.pdb,17.911432
scaf122.pdb,scaf8.pdb,22.501642
scaf122.pdb,scaf81.pdb,18.879847
scaf122.pdb,scaf82.pdb,22.024387
scaf122.pdb,scaf83.pdb,17.90513
scaf122.pdb,scaf84.pdb,10.019033
scaf122.pdb,scaf85.pdb,12.258652
scaf122.pdb,scaf86.pdb,22.82422
scaf122.pdb,scaf88.pdb,11.1481
scaf122.pdb,scaf89.pdb,22.962023
scaf122.pdb,scaf9.pdb,11.250317
scaf122.pdb,scaf90.pdb,22.35058
scaf122.pdb,scaf91.pdb,23.170132
scaf122.pdb,scaf92.pdb,13.282302
scaf122.pdb,scaf93.pdb,10.960223
scaf122.pdb,scaf94.pdb,23.631784
scaf122.pdb,scaf95.pdb,20.638556
scaf122.pdb,scaf96.pdb,18.936745
scaf122.pdb,scaf97.pdb,18.319527
scaf122.pdb,scaf98.pdb,21.568048
scaf122.pdb,scaf99.pdb,22.947687
scaf123.pdb,scaf125.pdb,19.786287
scaf123.pdb,scaf126.pdb,18.96222
scaf123.pdb,scaf127.pdb,20.008596
scaf123.pdb,scaf128.pdb,21.91048
scaf123.pdb,scaf13.pdb,19.628933
scaf123.pdb,scaf130.pdb,19.915579
scaf123.pdb,scaf131.pdb,18.6925
scaf123.pdb,scaf133.pdb,18.957134
scaf123.pdb,scaf134.pdb,21.518332
scaf123.pdb,scaf135.pdb,20.38215
scaf123.pdb,scaf136.pdb,20.736975
scaf123.pdb,scaf137.pdb,17.232176
scaf123.pdb,scaf138.pdb,15.581063
scaf123.pdb,scaf139.pdb,20.02237
scaf123.pdb,scaf14.pdb,19.132812
scaf123.pdb,scaf140.pdb,18.387506
scaf123.pdb,scaf141.pdb,21.195019
scaf123.pdb,scaf143.pdb,18.135529
scaf123.pdb,scaf144.pdb,23.52612
scaf123.pdb,scaf145.pdb,16.616102
scaf123.pdb,scaf147.pdb,16.63459
scaf123.pdb,scaf148.pdb,16.679749
scaf123.pdb,scaf149.pdb,20.875599
scaf123.pdb,scaf15.pdb,25.963448
scaf123.pdb,scaf151.pdb,19.272146
scaf123.pdb,scaf153.pdb,20.942558
scaf123.pdb,scaf154.pdb,17.463552
scaf123.pdb,scaf155.pdb,18.306252
scaf123.pdb,scaf156.pdb,19.163683
scaf123.pdb,scaf158.pdb,19.711382
scaf123.pdb,scaf16.pdb,21.736689
scaf123.pdb,scaf162.pdb,18.047014
scaf123.pdb,scaf163.pdb,17.52477
scaf123.pdb,scaf164.pdb,17.294846
scaf123.pdb,scaf166.pdb,16.428324
scaf123.pdb,scaf167.pdb,20.445951
scaf123.pdb,scaf168.pdb,20.415558
scaf123.pdb,scaf169.pdb,20.433313
scaf123.pdb,scaf17.pdb,16.110443
scaf123.pdb,scaf170.pdb,21.303818
scaf123.pdb,scaf171.pdb,19.42528
scaf123.pdb,scaf172.pdb,21.266468
scaf123.pdb,scaf173.pdb,19.303486
scaf123.pdb,scaf174.pdb,12.818966
scaf123.pdb,scaf175.pdb,15.322861
scaf123.pdb,scaf176.pdb,17.33349
scaf123.pdb,scaf177.pdb,18.29084
scaf123.pdb,scaf179.pdb,23.39721
scaf123.pdb,scaf18.pdb,21.56776
scaf123.pdb,scaf19.pdb,20.330528
scaf123.pdb,scaf20.pdb,14.39935
scaf123.pdb,scaf21.pdb,18.494877
scaf123.pdb,scaf22.pdb,17.659292
scaf123.pdb,scaf23.pdb,19.349403
scaf123.pdb,scaf24.pdb,17.901695
scaf123.pdb,scaf26.pdb,20.269987
scaf123.pdb,scaf27.pdb,21.739555
scaf123.pdb,scaf28.pdb,19.176575
scaf123.pdb,scaf29.pdb,16.980326
scaf123.pdb,scaf3.pdb,19.211843
scaf123.pdb,scaf30.pdb,15.470798
scaf123.pdb,scaf31.pdb,17.792248
scaf123.pdb,scaf32.pdb,16.443731
scaf123.pdb,scaf33.pdb,16.000656
scaf123.pdb,scaf34.pdb,15.078676
scaf123.pdb,scaf35.pdb,16.395653
scaf123.pdb,scaf37.pdb,16.34767
scaf123.pdb,scaf38.pdb,19.887777
scaf123.pdb,scaf4.pdb,19.957508
scaf123.pdb,scaf40.pdb,20.7528
scaf123.pdb,scaf42.pdb,19.424942
scaf123.pdb,scaf44.pdb,19.223616
scaf123.pdb,scaf45.pdb,20.275482
scaf123.pdb,scaf47.pdb,18.542221
scaf123.pdb,scaf48.pdb,18.906828
scaf123.pdb,scaf49.pdb,21.740011
scaf123.pdb,scaf5.pdb,21.00037
scaf123.pdb,scaf50.pdb,18.012007
scaf123.pdb,scaf51.pdb,17.718416
scaf123.pdb,scaf52.pdb,22.140114
scaf123.pdb,scaf53.pdb,20.285173
scaf123.pdb,scaf54.pdb,14.928742
scaf123.pdb,scaf55.pdb,20.02369
scaf123.pdb,scaf56.pdb,17.783476
scaf123.pdb,scaf57.pdb,19.509413
scaf123.pdb,scaf58.pdb,15.882507
scaf123.pdb,scaf59.pdb,21.284286
scaf123.pdb,scaf6.pdb,18.897263
scaf123.pdb,scaf60.pdb,19.1234
scaf123.pdb,scaf61.pdb,22.23581
scaf123.pdb,scaf62.pdb,20.01683
scaf123.pdb,scaf63.pdb,19.590757
scaf123.pdb,scaf64.pdb,16.190422
scaf123.pdb,scaf65.pdb,16.075045
scaf123.pdb,scaf66.pdb,17.30471
scaf123.pdb,scaf67.pdb,19.935417
scaf123.pdb,scaf68.pdb,17.68456
scaf123.pdb,scaf7.pdb,17.918268
scaf123.pdb,scaf70.pdb,16.99902
scaf123.pdb,scaf71.pdb,17.924091
scaf123.pdb,scaf72.pdb,20.08393
scaf123.pdb,scaf74.pdb,21.53808
scaf123.pdb,scaf75.pdb,23.383076
scaf123.pdb,scaf76.pdb,18.326174
scaf123.pdb,scaf77.pdb,17.775942
scaf123.pdb,scaf78.pdb,18.879204
scaf123.pdb,scaf79.pdb,17.04134
scaf123.pdb,scaf8.pdb,20.038998
scaf123.pdb,scaf81.pdb,16.061981
scaf123.pdb,scaf82.pdb,22.60782
scaf123.pdb,scaf83.pdb,20.178974
scaf123.pdb,scaf84.pdb,17.91395
scaf123.pdb,scaf85.pdb,17.86367
scaf123.pdb,scaf86.pdb,21.755465
scaf123.pdb,scaf88.pdb,15.807306
scaf123.pdb,scaf89.pdb,21.741594
scaf123.pdb,scaf9.pdb,18.234821
scaf123.pdb,scaf90.pdb,19.88828
scaf123.pdb,scaf91.pdb,21.733137
scaf123.pdb,scaf92.pdb,19.80464
scaf123.pdb,scaf93.pdb,17.187138
scaf123.pdb,scaf94.pdb,21.589006
scaf123.pdb,scaf95.pdb,18.846191
scaf123.pdb,scaf96.pdb,16.109758
scaf123.pdb,scaf97.pdb,20.62675
scaf123.pdb,scaf98.pdb,23.352922
scaf123.pdb,scaf99.pdb,18.694586
scaf125.pdb,scaf126.pdb,19.39524
scaf125.pdb,scaf127.pdb,14.572183
scaf125.pdb,scaf128.pdb,17.185675
scaf125.pdb,scaf13.pdb,20.554384
scaf125.pdb,scaf130.pdb,19.429932
scaf125.pdb,scaf131.pdb,20.072779
scaf125.pdb,scaf133.pdb,19.791578
scaf125.pdb,scaf134.pdb,17.640915
scaf125.pdb,scaf135.pdb,21.534412
scaf125.pdb,scaf136.pdb,21.010357
scaf125.pdb,scaf137.pdb,18.667416
scaf125.pdb,scaf138.pdb,18.79127
scaf125.pdb,scaf139.pdb,10.311602
scaf125.pdb,scaf14.pdb,17.078129
scaf125.pdb,scaf140.pdb,25.235302
scaf125.pdb,scaf141.pdb,19.891903
scaf125.pdb,scaf143.pdb,21.781775
scaf125.pdb,scaf144.pdb,20.731041
scaf125.pdb,scaf145.pdb,13.80171
scaf125.pdb,scaf147.pdb,18.178596
scaf125.pdb,scaf148.pdb,16.397074
scaf125.pdb,scaf149.pdb,21.500336
scaf125.pdb,scaf15.pdb,15.014547
scaf125.pdb,scaf151.pdb,16.830091
scaf125.pdb,scaf153.pdb,21.328676
scaf125.pdb,scaf154.pdb,21.63932
scaf125.pdb,scaf155.pdb,19.094746
scaf125.pdb,scaf156.pdb,17.24878
scaf125.pdb,scaf158.pdb,22.580116
scaf125.pdb,scaf16.pdb,17.55364
scaf125.pdb,scaf162.pdb,17.451893
scaf125.pdb,scaf163.pdb,21.356005
scaf125.pdb,scaf164.pdb,19.735605
scaf125.pdb,scaf166.pdb,19.643967
scaf125.pdb,scaf167.pdb,23.549187
scaf125.pdb,scaf168.pdb,11.247177
scaf125.pdb,scaf169.pdb,11.562859
scaf125.pdb,scaf17.pdb,20.70437
scaf125.pdb,scaf170.pdb,16.895855
scaf125.pdb,scaf171.pdb,16.881372
scaf125.pdb,scaf172.pdb,18.337725
scaf125.pdb,scaf173.pdb,17.299093
scaf125.pdb,scaf174.pdb,22.135115
scaf125.pdb,scaf175.pdb,15.966292
scaf125.pdb,scaf176.pdb,20.286478
scaf125.pdb,scaf177.pdb,20.056839
scaf125.pdb,scaf179.pdb,17.427376
scaf125.pdb,scaf18.pdb,27.406706
scaf125.pdb,scaf19.pdb,21.504314
scaf125.pdb,scaf20.pdb,15.564013
scaf125.pdb,scaf21.pdb,18.26927
scaf125.pdb,scaf22.pdb,15.9998255
scaf125.pdb,scaf23.pdb,21.789122
scaf125.pdb,scaf24.pdb,21.852951
scaf125.pdb,scaf26.pdb,11.784725
scaf125.pdb,scaf27.pdb,17.62994
scaf125.pdb,scaf28.pdb,17.262543
scaf125.pdb,scaf29.pdb,21.739208
scaf125.pdb,scaf3.pdb,19.24226
scaf125.pdb,scaf30.pdb,19.290035
scaf125.pdb,scaf31.pdb,21.676079
scaf125.pdb,scaf32.pdb,18.877405
scaf125.pdb,scaf33.pdb,17.656452
scaf125.pdb,scaf34.pdb,16.029222
scaf125.pdb,scaf35.pdb,16.781702
scaf125.pdb,scaf37.pdb,21.141588
scaf125.pdb,scaf38.pdb,12.984389
scaf125.pdb,scaf4.pdb,20.072826
scaf125.pdb,scaf40.pdb,21.364107
scaf125.pdb,scaf42.pdb,20.110388
scaf125.pdb,scaf44.pdb,22.476807
scaf125.pdb,scaf45.pdb,11.953298
scaf125.pdb,scaf47.pdb,23.130102
scaf125.pdb,scaf48.pdb,19.25161
scaf125.pdb,scaf49.pdb,19.136024
scaf125.pdb,scaf5.pdb,23.90947
scaf125.pdb,scaf50.pdb,20.57347
scaf125.pdb,scaf51.pdb,22.242447
scaf125.pdb,scaf52.pdb,19.952805
scaf125.pdb,scaf53.pdb,21.285265
scaf125.pdb,scaf54.pdb,18.688047
scaf125.pdb,scaf55.pdb,19.992931
scaf125.pdb,scaf56.pdb,21.495163
scaf125.pdb,scaf57.pdb,22.302036
scaf125.pdb,scaf58.pdb,16.300505
scaf125.pdb,scaf59.pdb,16.916195
scaf125.pdb,scaf6.pdb,22.726633
scaf125.pdb,scaf60.pdb,19.357868
scaf125.pdb,scaf61.pdb,20.128483
scaf125.pdb,scaf62.pdb,10.537573
scaf125.pdb,scaf63.pdb,19.339798
scaf125.pdb,scaf64.pdb,16.77262
scaf125.pdb,scaf65.pdb,20.67121
scaf125.pdb,scaf66.pdb,21.533329
scaf125.pdb,scaf67.pdb,21.313974
scaf125.pdb,scaf68.pdb,21.699625
scaf125.pdb,scaf7.pdb,21.88507
scaf125.pdb,scaf70.pdb,19.03346
scaf125.pdb,scaf71.pdb,21.831095
scaf125.pdb,scaf72.pdb,12.67495
scaf125.pdb,scaf74.pdb,17.631214
scaf125.pdb,scaf75.pdb,21.43033
scaf125.pdb,scaf76.pdb,19.394707
scaf125.pdb,scaf77.pdb,21.779325
scaf125.pdb,scaf78.pdb,20.984528
scaf125.pdb,scaf79.pdb,14.479625
scaf125.pdb,scaf8.pdb,20.806076
scaf125.pdb,scaf81.pdb,23.283585
scaf125.pdb,scaf82.pdb,19.450191
scaf125.pdb,scaf83.pdb,22.052628
scaf125.pdb,scaf84.pdb,18.97577
scaf125.pdb,scaf85.pdb,19.556463
scaf125.pdb,scaf86.pdb,17.244385
scaf125.pdb,scaf88.pdb,19.899412
scaf125.pdb,scaf89.pdb,16.883322
scaf125.pdb,scaf9.pdb,19.045547
scaf125.pdb,scaf90.pdb,12.726026
scaf125.pdb,scaf91.pdb,19.055761
scaf125.pdb,scaf92.pdb,19.502342
scaf125.pdb,scaf93.pdb,21.531096
scaf125.pdb,scaf94.pdb,23.302643
scaf125.pdb,scaf95.pdb,13.9821
scaf125.pdb,scaf96.pdb,23.44466
scaf125.pdb,scaf97.pdb,11.355861
scaf125.pdb,scaf98.pdb,21.392471
scaf125.pdb,scaf99.pdb,18.885092
scaf126.pdb,scaf127.pdb,22.974712
scaf126.pdb,scaf128.pdb,17.151745
scaf126.pdb,scaf13.pdb,13.420382
scaf126.pdb,scaf130.pdb,20.84439
scaf126.pdb,scaf131.pdb,17.351738
scaf126.pdb,scaf133.pdb,20.583078
scaf126.pdb,scaf134.pdb,17.269274
scaf126.pdb,scaf135.pdb,19.571232
scaf126.pdb,scaf136.pdb,19.36675
scaf126.pdb,scaf137.pdb,23.55328
scaf126.pdb,scaf138.pdb,17.89511
scaf126.pdb,scaf139.pdb,20.670855
scaf126.pdb,scaf14.pdb,17.849497
scaf126.pdb,scaf140.pdb,18.074123
scaf126.pdb,scaf141.pdb,20.856535
scaf126.pdb,scaf143.pdb,18.2616
scaf126.pdb,scaf144.pdb,21.878511
scaf126.pdb,scaf145.pdb,19.829575
scaf126.pdb,scaf147.pdb,20.850292
scaf126.pdb,scaf148.pdb,20.27489
scaf126.pdb,scaf149.pdb,20.613882
scaf126.pdb,scaf15.pdb,25.429777
scaf126.pdb,scaf151.pdb,17.65142
scaf126.pdb,scaf153.pdb,23.590597
scaf126.pdb,scaf154.pdb,18.03047
scaf126.pdb,scaf155.pdb,20.040108
scaf126.pdb,scaf156.pdb,18.156082
scaf126.pdb,scaf158.pdb,19.80152
scaf126.pdb,scaf16.pdb,17.119793
scaf126.pdb,scaf162.pdb,22.135878
scaf126.pdb,scaf163.pdb,17.353977
scaf126.pdb,scaf164.pdb,11.9841175
scaf126.pdb,scaf166.pdb,19.737326
scaf126.pdb,scaf167.pdb,19.58038
scaf126.pdb,scaf168.pdb,21.953245
scaf126.pdb,scaf169.pdb,22.91116
scaf126.pdb,scaf17.pdb,21.750479
scaf126.pdb,scaf170.pdb,20.280613
scaf126.pdb,scaf171.pdb,17.787748
scaf126.pdb,scaf172.pdb,18.539658
scaf126.pdb,scaf173.pdb,18.080364
scaf126.pdb,scaf174.pdb,19.567654
scaf126.pdb,scaf175.pdb,19.561953
scaf126.pdb,scaf176.pdb,19.690586
scaf126.pdb,scaf177.pdb,21.119675
scaf126.pdb,scaf179.pdb,20.753418
scaf126.pdb,scaf18.pdb,22.416273
scaf126.pdb,scaf19.pdb,18.979803
scaf126.pdb,scaf20.pdb,20.039108
scaf126.pdb,scaf21.pdb,13.667519
scaf126.pdb,scaf22.pdb,20.051674
scaf126.pdb,scaf23.pdb,15.194013
scaf126.pdb,scaf24.pdb,18.275038
scaf126.pdb,scaf26.pdb,21.339777
scaf126.pdb,scaf27.pdb,17.19631
scaf126.pdb,scaf28.pdb,17.8068
scaf126.pdb,scaf29.pdb,18.501328
scaf126.pdb,scaf3.pdb,20.509418
scaf126.pdb,scaf30.pdb,13.727447
scaf126.pdb,scaf31.pdb,18.130438
scaf126.pdb,scaf32.pdb,18.004494
scaf126.pdb,scaf33.pdb,18.267792
scaf126.pdb,scaf34.pdb,18.005915
scaf126.pdb,scaf35.pdb,19.922886
scaf126.pdb,scaf37.pdb,14.425128
scaf126.pdb,scaf38.pdb,22.49736
scaf126.pdb,scaf4.pdb,21.883911
scaf126.pdb,scaf40.pdb,20.824816
scaf126.pdb,scaf42.pdb,12.58283
scaf126.pdb,scaf44.pdb,19.670788
scaf126.pdb,scaf45.pdb,20.995897
scaf126.pdb,scaf47.pdb,21.654104
scaf126.pdb,scaf48.pdb,20.202156
scaf126.pdb,scaf49.pdb,22.375116
scaf126.pdb,scaf5.pdb,18.272142
scaf126.pdb,scaf50.pdb,13.644904
scaf126.pdb,scaf51.pdb,21.247828
scaf126.pdb,scaf52.pdb,21.184727
scaf126.pdb,scaf53.pdb,20.382555
scaf126.pdb,scaf54.pdb,23.241388
scaf126.pdb,scaf55.pdb,21.798489
scaf126.pdb,scaf56.pdb,18.485472
scaf126.pdb,scaf57.pdb,19.744686
scaf126.pdb,scaf58.pdb,19.783478
scaf126.pdb,scaf59.pdb,19.995955
scaf126.pdb,scaf6.pdb,19.180883
scaf126.pdb,scaf60.pdb,20.817596
scaf126.pdb,scaf61.pdb,20.127342
scaf126.pdb,scaf62.pdb,20.657795
scaf126.pdb,scaf63.pdb,20.428947
scaf126.pdb,scaf64.pdb,19.612059
scaf126.pdb,scaf65.pdb,14.112851
scaf126.pdb,scaf66.pdb,18.005514
scaf126.pdb,scaf67.pdb,20.465048
scaf126.pdb,scaf68.pdb,18.24131
scaf126.pdb,scaf7.pdb,18.367838
scaf126.pdb,scaf70.pdb,24.9318
scaf126.pdb,scaf71.pdb,18.02807
scaf126.pdb,scaf72.pdb,22.636292
scaf126.pdb,scaf74.pdb,17.98481
scaf126.pdb,scaf75.pdb,22.133905
scaf126.pdb,scaf76.pdb,21.315966
scaf126.pdb,scaf77.pdb,18.236204
scaf126.pdb,scaf78.pdb,18.249947
scaf126.pdb,scaf79.pdb,18.904118
scaf126.pdb,scaf8.pdb,20.159622
scaf126.pdb,scaf81.pdb,21.244879
scaf126.pdb,scaf82.pdb,20.873495
scaf126.pdb,scaf83.pdb,17.143698
scaf126.pdb,scaf84.pdb,19.973982
scaf126.pdb,scaf85.pdb,24.728909
scaf126.pdb,scaf86.pdb,17.319061
scaf126.pdb,scaf88.pdb,17.508999
scaf126.pdb,scaf89.pdb,17.647306
scaf126.pdb,scaf9.pdb,19.914484
scaf126.pdb,scaf90.pdb,16.57471
scaf126.pdb,scaf91.pdb,22.151127
scaf126.pdb,scaf92.pdb,21.971363
scaf126.pdb,scaf93.pdb,17.389915
scaf126.pdb,scaf94.pdb,20.173496
scaf126.pdb,scaf95.pdb,21.980093
scaf126.pdb,scaf96.pdb,20.985823
scaf126.pdb,scaf97.pdb,21.211443
scaf126.pdb,scaf98.pdb,22.05116
scaf126.pdb,scaf99.pdb,17.612549
scaf127.pdb,scaf128.pdb,18.991919
scaf127.pdb,scaf13.pdb,20.092884
scaf127.pdb,scaf130.pdb,16.807808
scaf127.pdb,scaf131.pdb,17.172577
scaf127.pdb,scaf133.pdb,16.507221
scaf127.pdb,scaf134.pdb,19.096844
scaf127.pdb,scaf135.pdb,20.158222
scaf127.pdb,scaf136.pdb,19.524296
scaf127.pdb,scaf137.pdb,15.051161
scaf127.pdb,scaf138.pdb,15.843476
scaf127.pdb,scaf139.pdb,13.468302
scaf127.pdb,scaf14.pdb,18.310066
scaf127.pdb,scaf140.pdb,22.68556
scaf127.pdb,scaf141.pdb,19.771616
scaf127.pdb,scaf143.pdb,18.854721
scaf127.pdb,scaf144.pdb,20.176683
scaf127.pdb,scaf145.pdb,15.928025
scaf127.pdb,scaf147.pdb,19.002348
scaf127.pdb,scaf148.pdb,17.940943
scaf127.pdb,scaf149.pdb,19.563515
scaf127.pdb,scaf15.pdb,20.965956
scaf127.pdb,scaf151.pdb,18.439177
scaf127.pdb,scaf153.pdb,21.401115
scaf127.pdb,scaf154.pdb,18.650267
scaf127.pdb,scaf155.pdb,15.782909
scaf127.pdb,scaf156.pdb,18.158987
scaf127.pdb,scaf158.pdb,20.470459
scaf127.pdb,scaf16.pdb,19.167196
scaf127.pdb,scaf162.pdb,15.779546
scaf127.pdb,scaf163.pdb,23.28336
scaf127.pdb,scaf164.pdb,21.915436
scaf127.pdb,scaf166.pdb,16.970188
scaf127.pdb,scaf167.pdb,19.858686
scaf127.pdb,scaf168.pdb,15.503333
scaf127.pdb,scaf169.pdb,15.765481
scaf127.pdb,scaf17.pdb,16.006762
scaf127.pdb,scaf170.pdb,16.007082
scaf127.pdb,scaf171.pdb,18.336235
scaf127.pdb,scaf172.pdb,19.20539
scaf127.pdb,scaf173.pdb,18.390669
scaf127.pdb,scaf174.pdb,19.23386
scaf127.pdb,scaf175.pdb,17.123392
scaf127.pdb,scaf176.pdb,17.849138
scaf127.pdb,scaf177.pdb,14.7826
scaf127.pdb,scaf179.pdb,20.166317
scaf127.pdb,scaf18.pdb,19.754545
scaf127.pdb,scaf19.pdb,20.333677
scaf127.pdb,scaf20.pdb,16.397161
scaf127.pdb,scaf21.pdb,18.824553
scaf127.pdb,scaf22.pdb,13.714447
scaf127.pdb,scaf23.pdb,20.336142
scaf127.pdb,scaf24.pdb,18.627468
scaf127.pdb,scaf26.pdb,16.041355
scaf127.pdb,scaf27.pdb,19.238066
scaf127.pdb,scaf28.pdb,18.428476
scaf127.pdb,scaf29.pdb,19.35004
scaf127.pdb,scaf3.pdb,16.359144
scaf127.pdb,scaf30.pdb,20.734932
scaf127.pdb,scaf31.pdb,18.456917
scaf127.pdb,scaf32.pdb,16.639214
scaf127.pdb,scaf33.pdb,18.002459
scaf127.pdb,scaf34.pdb,16.165228
scaf127.pdb,scaf35.pdb,15.927188
scaf127.pdb,scaf37.pdb,22.513758
scaf127.pdb,scaf38.pdb,17.306835
scaf127.pdb,scaf4.pdb,17.14744
scaf127.pdb,scaf40.pdb,19.33966
scaf127.pdb,scaf42.pdb,20.543497
scaf127.pdb,scaf44.pdb,20.899307
scaf127.pdb,scaf45.pdb,14.311743
scaf127.pdb,scaf47.pdb,19.387749
scaf127.pdb,scaf48.pdb,15.841027
scaf127.pdb,scaf49.pdb,20.269138
scaf127.pdb,scaf5.pdb,22.978968
scaf127.pdb,scaf50.pdb,18.990261
scaf127.pdb,scaf51.pdb,20.867987
scaf127.pdb,scaf52.pdb,20.674383
scaf127.pdb,scaf53.pdb,19.94114
scaf127.pdb,scaf54.pdb,16.611511
scaf127.pdb,scaf55.pdb,17.15012
scaf127.pdb,scaf56.pdb,18.55883
scaf127.pdb,scaf57.pdb,21.640755
scaf127.pdb,scaf58.pdb,15.331086
scaf127.pdb,scaf59.pdb,15.956051
scaf127.pdb,scaf6.pdb,20.472355
scaf127.pdb,scaf60.pdb,16.448774
scaf127.pdb,scaf61.pdb,19.446905
scaf127.pdb,scaf62.pdb,13.613811
scaf127.pdb,scaf63.pdb,16.74528
scaf127.pdb,scaf64.pdb,16.043364
scaf127.pdb,scaf65.pdb,22.233828
scaf127.pdb,scaf66.pdb,18.564508
scaf127.pdb,scaf67.pdb,20.230955
scaf127.pdb,scaf68.pdb,18.46377
scaf127.pdb,scaf7.pdb,18.682722
scaf127.pdb,scaf70.pdb,16.021873
scaf127.pdb,scaf71.pdb,18.784002
scaf127.pdb,scaf72.pdb,17.152597
scaf127.pdb,scaf74.pdb,19.711784
scaf127.pdb,scaf75.pdb,20.542652
scaf127.pdb,scaf76.pdb,18.463848
scaf127.pdb,scaf77.pdb,18.643738
scaf127.pdb,scaf78.pdb,20.220503
scaf127.pdb,scaf79.pdb,17.175907
scaf127.pdb,scaf8.pdb,19.844103
scaf127.pdb,scaf81.pdb,21.429466
scaf127.pdb,scaf82.pdb,19.302961
scaf127.pdb,scaf83.pdb,19.17877
scaf127.pdb,scaf84.pdb,13.687284
scaf127.pdb,scaf85.pdb,18.169209
scaf127.pdb,scaf86.pdb,18.929688
scaf127.pdb,scaf88.pdb,17.220795
scaf127.pdb,scaf89.pdb,18.661596
scaf127.pdb,scaf9.pdb,15.709981
scaf127.pdb,scaf90.pdb,17.929207
scaf127.pdb,scaf91.pdb,20.181814
scaf127.pdb,scaf92.pdb,17.076036
scaf127.pdb,scaf93.pdb,17.66196
scaf127.pdb,scaf94.pdb,21.98222
scaf127.pdb,scaf95.pdb,15.548701
scaf127.pdb,scaf96.pdb,21.109257
scaf127.pdb,scaf97.pdb,16.303936
scaf127.pdb,scaf98.pdb,20.475914
scaf127.pdb,scaf99.pdb,19.500383
scaf128.pdb,scaf13.pdb,19.11239
scaf128.pdb,scaf130.pdb,22.613558
scaf128.pdb,scaf131.pdb,20.609156
scaf128.pdb,scaf133.pdb,23.636381
scaf128.pdb,scaf134.pdb,2.2198608
scaf128.pdb,scaf135.pdb,13.238318
scaf128.pdb,scaf136.pdb,12.5417185
scaf128.pdb,scaf137.pdb,23.482986
scaf128.pdb,scaf138.pdb,21.356977
scaf128.pdb,scaf139.pdb,13.672369
scaf128.pdb,scaf14.pdb,16.82817
scaf128.pdb,scaf140.pdb,22.93842
scaf128.pdb,scaf141.pdb,14.447466
scaf128.pdb,scaf143.pdb,18.94677
scaf128.pdb,scaf144.pdb,13.230004
scaf128.pdb,scaf145.pdb,16.34876
scaf128.pdb,scaf147.pdb,26.382456
scaf128.pdb,scaf148.pdb,23.164055
scaf128.pdb,scaf149.pdb,14.94913
scaf128.pdb,scaf15.pdb,24.465954
scaf128.pdb,scaf151.pdb,16.048475
scaf128.pdb,scaf153.pdb,15.4501505
scaf128.pdb,scaf154.pdb,19.406967
scaf128.pdb,scaf155.pdb,23.820667
scaf128.pdb,scaf156.pdb,16.773314
scaf128.pdb,scaf158.pdb,12.337611
scaf128.pdb,scaf16.pdb,1.8442068
scaf128.pdb,scaf162.pdb,23.136774
scaf128.pdb,scaf163.pdb,15.7731495
scaf128.pdb,scaf164.pdb,16.105463
scaf128.pdb,scaf166.pdb,25.272034
scaf128.pdb,scaf167.pdb,15.975969
scaf128.pdb,scaf168.pdb,23.377464
scaf128.pdb,scaf169.pdb,20.83226
scaf128.pdb,scaf17.pdb,17.613478
scaf128.pdb,scaf170.pdb,13.768664
scaf128.pdb,scaf171.pdb,16.200718
scaf128.pdb,scaf172.pdb,6.010768
scaf128.pdb,scaf173.pdb,16.70301
scaf128.pdb,scaf174.pdb,21.257019
scaf128.pdb,scaf175.pdb,23.500694
scaf128.pdb,scaf176.pdb,17.708052
scaf128.pdb,scaf177.pdb,23.39926
scaf128.pdb,scaf179.pdb,14.109124
scaf128.pdb,scaf18.pdb,24.002222
scaf128.pdb,scaf19.pdb,16.028616
scaf128.pdb,scaf20.pdb,19.666346
scaf128.pdb,scaf21.pdb,16.02802
scaf128.pdb,scaf22.pdb,23.96185
scaf128.pdb,scaf23.pdb,19.403435
scaf128.pdb,scaf24.pdb,19.497532
scaf128.pdb,scaf26.pdb,23.164244
scaf128.pdb,scaf27.pdb,1.6811373
scaf128.pdb,scaf28.pdb,16.878424
scaf128.pdb,scaf29.pdb,17.116663
scaf128.pdb,scaf3.pdb,23.525171
scaf128.pdb,scaf30.pdb,21.13698
scaf128.pdb,scaf31.pdb,19.280712
scaf128.pdb,scaf32.pdb,21.378843
scaf128.pdb,scaf33.pdb,22.920723
scaf128.pdb,scaf34.pdb,22.646053
scaf128.pdb,scaf35.pdb,23.505125
scaf128.pdb,scaf37.pdb,19.474352
scaf128.pdb,scaf38.pdb,21.121044
scaf128.pdb,scaf4.pdb,22.33191
scaf128.pdb,scaf40.pdb,14.593599
scaf128.pdb,scaf42.pdb,18.525944
scaf128.pdb,scaf44.pdb,17.548653
scaf128.pdb,scaf45.pdb,14.114582
scaf128.pdb,scaf47.pdb,18.644617
scaf128.pdb,scaf48.pdb,21.718529
scaf128.pdb,scaf49.pdb,16.053055
scaf128.pdb,scaf5.pdb,21.891611
scaf128.pdb,scaf50.pdb,18.632736
scaf128.pdb,scaf51.pdb,16.153158
scaf128.pdb,scaf52.pdb,15.560061
scaf128.pdb,scaf53.pdb,14.059454
scaf128.pdb,scaf54.pdb,21.960676
scaf128.pdb,scaf55.pdb,22.053497
scaf128.pdb,scaf56.pdb,19.898607
scaf128.pdb,scaf57.pdb,13.437447
scaf128.pdb,scaf58.pdb,23.237638
scaf128.pdb,scaf59.pdb,14.120836
scaf128.pdb,scaf6.pdb,21.135958
scaf128.pdb,scaf60.pdb,23.608604
scaf128.pdb,scaf61.pdb,10.992492
scaf128.pdb,scaf62.pdb,13.826053
scaf128.pdb,scaf63.pdb,22.371622
scaf128.pdb,scaf64.pdb,23.63297
scaf128.pdb,scaf65.pdb,18.90283
scaf128.pdb,scaf66.pdb,19.366543
scaf128.pdb,scaf67.pdb,12.434818
scaf128.pdb,scaf68.pdb,19.71816
scaf128.pdb,scaf7.pdb,19.52239
scaf128.pdb,scaf70.pdb,23.080856
scaf128.pdb,scaf71.pdb,19.319048
scaf128.pdb,scaf72.pdb,21.296583
scaf128.pdb,scaf74.pdb,7.233225
scaf128.pdb,scaf75.pdb,14.206166
scaf128.pdb,scaf76.pdb,19.817244
scaf128.pdb,scaf77.pdb,19.610388
scaf128.pdb,scaf78.pdb,19.70042
scaf128.pdb,scaf79.pdb,21.142874
scaf128.pdb,scaf8.pdb,14.70119
scaf128.pdb,scaf81.pdb,19.33729
scaf128.pdb,scaf82.pdb,13.157972
scaf128.pdb,scaf83.pdb,16.21997
scaf128.pdb,scaf84.pdb,22.550797
scaf128.pdb,scaf85.pdb,26.190289
scaf128.pdb,scaf86.pdb,1.306946
scaf128.pdb,scaf88.pdb,21.499472
scaf128.pdb,scaf89.pdb,3.2128491
scaf128.pdb,scaf9.pdb,23.750412
scaf128.pdb,scaf90.pdb,13.605706
scaf128.pdb,scaf91.pdb,15.997526
scaf128.pdb,scaf92.pdb,24.847795
scaf128.pdb,scaf93.pdb,19.510025
scaf128.pdb,scaf94.pdb,20.317999
scaf128.pdb,scaf95.pdb,23.613094
scaf128.pdb,scaf96.pdb,18.780643
scaf128.pdb,scaf97.pdb,22.860415
scaf128.pdb,scaf98.pdb,14.107457
scaf128.pdb,scaf99.pdb,13.609547
scaf13.pdb,scaf130.pdb,20.387302
scaf13.pdb,scaf131.pdb,14.929975
scaf13.pdb,scaf133.pdb,20.420227
scaf13.pdb,scaf134.pdb,18.923098
scaf13.pdb,scaf135.pdb,18.758095
scaf13.pdb,scaf136.pdb,18.478775
scaf13.pdb,scaf137.pdb,19.759468
scaf13.pdb,scaf138.pdb,17.62993
scaf13.pdb,scaf139.pdb,21.535835
scaf13.pdb,scaf14.pdb,20.023533
scaf13.pdb,scaf140.pdb,17.826677
scaf13.pdb,scaf141.pdb,19.978434
scaf13.pdb,scaf143.pdb,15.24645
scaf13.pdb,scaf144.pdb,19.891994
scaf13.pdb,scaf145.pdb,21.667677
scaf13.pdb,scaf147.pdb,18.68837
scaf13.pdb,scaf148.pdb,20.010735
scaf13.pdb,scaf149.pdb,19.703157
scaf13.pdb,scaf15.pdb,25.061142
scaf13.pdb,scaf151.pdb,19.783484
scaf13.pdb,scaf153.pdb,22.72062
scaf13.pdb,scaf154.pdb,14.850496
scaf13.pdb,scaf155.pdb,20.676052
scaf13.pdb,scaf156.pdb,20.023468
scaf13.pdb,scaf158.pdb,19.406694
scaf13.pdb,scaf16.pdb,18.976686
scaf13.pdb,scaf162.pdb,21.275074
scaf13.pdb,scaf163.pdb,17.106728
scaf13.pdb,scaf164.pdb,12.1645565
scaf13.pdb,scaf166.pdb,19.663792
scaf13.pdb,scaf167.pdb,19.228525
scaf13.pdb,scaf168.pdb,21.679634
scaf13.pdb,scaf169.pdb,23.638538
scaf13.pdb,scaf17.pdb,19.685286
scaf13.pdb,scaf170.pdb,18.211142
scaf13.pdb,scaf171.pdb,19.98177
scaf13.pdb,scaf172.pdb,19.757254
scaf13.pdb,scaf173.pdb,20.109993
scaf13.pdb,scaf174.pdb,17.44067
scaf13.pdb,scaf175.pdb,19.315386
scaf13.pdb,scaf176.pdb,16.529497
scaf13.pdb,scaf177.pdb,18.735535
scaf13.pdb,scaf179.pdb,19.14713
scaf13.pdb,scaf18.pdb,19.297298
scaf13.pdb,scaf19.pdb,21.680164
scaf13.pdb,scaf20.pdb,20.58952
scaf13.pdb,scaf21.pdb,11.114647
scaf13.pdb,scaf22.pdb,19.411825
scaf13.pdb,scaf23.pdb,16.288334
scaf13.pdb,scaf24.pdb,14.941712
scaf13.pdb,scaf26.pdb,20.86619
scaf13.pdb,scaf27.pdb,18.976215
scaf13.pdb,scaf28.pdb,20.052284
scaf13.pdb,scaf29.pdb,16.4565
scaf13.pdb,scaf3.pdb,20.204046
scaf13.pdb,scaf30.pdb,17.27006
scaf13.pdb,scaf31.pdb,14.758546
scaf13.pdb,scaf32.pdb,15.624811
scaf13.pdb,scaf33.pdb,20.74291
scaf13.pdb,scaf34.pdb,20.027514
scaf13.pdb,scaf35.pdb,21.66543
scaf13.pdb,scaf37.pdb,16.181229
scaf13.pdb,scaf38.pdb,22.750786
scaf13.pdb,scaf4.pdb,21.433102
scaf13.pdb,scaf40.pdb,18.658846
scaf13.pdb,scaf42.pdb,3.8049142
scaf13.pdb,scaf44.pdb,18.119307
scaf13.pdb,scaf45.pdb,21.815199
scaf13.pdb,scaf47.pdb,18.841791
scaf13.pdb,scaf48.pdb,20.487345
scaf13.pdb,scaf49.pdb,20.623396
scaf13.pdb,scaf5.pdb,18.061634
scaf13.pdb,scaf50.pdb,14.086463
scaf13.pdb,scaf51.pdb,20.142117
scaf13.pdb,scaf52.pdb,18.763157
scaf13.pdb,scaf53.pdb,19.775404
scaf13.pdb,scaf54.pdb,22.351534
scaf13.pdb,scaf55.pdb,21.432108
scaf13.pdb,scaf56.pdb,15.118264
scaf13.pdb,scaf57.pdb,20.177958
scaf13.pdb,scaf58.pdb,21.424604
scaf13.pdb,scaf59.pdb,18.20719
scaf13.pdb,scaf6.pdb,19.352491
scaf13.pdb,scaf60.pdb,20.35328
scaf13.pdb,scaf61.pdb,18.451868
scaf13.pdb,scaf62.pdb,21.526436
scaf13.pdb,scaf63.pdb,19.906586
scaf13.pdb,scaf64.pdb,21.229553
scaf13.pdb,scaf65.pdb,15.872552
scaf13.pdb,scaf66.pdb,14.803877
scaf13.pdb,scaf67.pdb,20.199703
scaf13.pdb,scaf68.pdb,14.625373
scaf13.pdb,scaf7.pdb,15.064338
scaf13.pdb,scaf70.pdb,22.462782
scaf13.pdb,scaf71.pdb,14.948319
scaf13.pdb,scaf72.pdb,22.99627
scaf13.pdb,scaf74.pdb,19.26228
scaf13.pdb,scaf75.pdb,19.899515
scaf13.pdb,scaf76.pdb,19.390467
scaf13.pdb,scaf77.pdb,14.787295
scaf13.pdb,scaf78.pdb,18.540833
scaf13.pdb,scaf79.pdb,19.764206
scaf13.pdb,scaf8.pdb,19.463633
scaf13.pdb,scaf81.pdb,20.991629
scaf13.pdb,scaf82.pdb,18.345825
scaf13.pdb,scaf83.pdb,16.981318
scaf13.pdb,scaf84.pdb,18.668005
scaf13.pdb,scaf85.pdb,24.306137
scaf13.pdb,scaf86.pdb,19.089273
scaf13.pdb,scaf88.pdb,17.784544
scaf13.pdb,scaf89.pdb,19.481894
scaf13.pdb,scaf9.pdb,20.567707
scaf13.pdb,scaf90.pdb,20.404366
scaf13.pdb,scaf91.pdb,20.471466
scaf13.pdb,scaf92.pdb,21.980885
scaf13.pdb,scaf93.pdb,13.383014
scaf13.pdb,scaf94.pdb,21.53247
scaf13.pdb,scaf95.pdb,21.127224
scaf13.pdb,scaf96.pdb,20.813677
scaf13.pdb,scaf97.pdb,20.626915
scaf13.pdb,scaf98.pdb,19.832983
scaf13.pdb,scaf99.pdb,16.401003
scaf130.pdb,scaf131.pdb,15.244513
scaf130.pdb,scaf133.pdb,5.188774
scaf130.pdb,scaf134.pdb,22.995195
scaf130.pdb,scaf135.pdb,26.531
scaf130.pdb,scaf136.pdb,25.703506
scaf130.pdb,scaf137.pdb,14.802407
scaf130.pdb,scaf138.pdb,13.895162
scaf130.pdb,scaf139.pdb,19.170042
scaf130.pdb,scaf14.pdb,25.39437
scaf130.pdb,scaf140.pdb,19.833626
scaf130.pdb,scaf141.pdb,23.216948
scaf130.pdb,scaf143.pdb,14.920196
scaf130.pdb,scaf144.pdb,23.742596
scaf130.pdb,scaf145.pdb,19.032164
scaf130.pdb,scaf147.pdb,21.84782
scaf130.pdb,scaf148.pdb,22.11278
scaf130.pdb,scaf149.pdb,21.284344
scaf130.pdb,scaf15.pdb,23.69771
scaf130.pdb,scaf151.pdb,25.246021
scaf130.pdb,scaf153.pdb,22.394064
scaf130.pdb,scaf154.pdb,15.636505
scaf130.pdb,scaf155.pdb,9.666342
scaf130.pdb,scaf156.pdb,24.969872
scaf130.pdb,scaf158.pdb,19.668028
scaf130.pdb,scaf16.pdb,22.885338
scaf130.pdb,scaf162.pdb,20.00667
scaf130.pdb,scaf163.pdb,21.548449
scaf130.pdb,scaf164.pdb,20.50547
scaf130.pdb,scaf166.pdb,15.751087
scaf130.pdb,scaf167.pdb,21.667059
scaf130.pdb,scaf168.pdb,18.870672
scaf130.pdb,scaf169.pdb,20.40324
scaf130.pdb,scaf17.pdb,15.759078
scaf130.pdb,scaf170.pdb,20.85173
scaf130.pdb,scaf171.pdb,25.281656
scaf130.pdb,scaf172.pdb,23.291443
scaf130.pdb,scaf173.pdb,25.019064
scaf130.pdb,scaf174.pdb,17.439575
scaf130.pdb,scaf175.pdb,20.209143
scaf130.pdb,scaf176.pdb,14.792574
scaf130.pdb,scaf177.pdb,17.117598
scaf130.pdb,scaf179.pdb,24.26803
scaf130.pdb,scaf18.pdb,23.731895
scaf130.pdb,scaf19.pdb,27.628542
scaf130.pdb,scaf20.pdb,20.631084
scaf130.pdb,scaf21.pdb,16.635391
scaf130.pdb,scaf22.pdb,13.320785
scaf130.pdb,scaf23.pdb,19.360266
scaf130.pdb,scaf24.pdb,14.942548
scaf130.pdb,scaf26.pdb,19.450686
scaf130.pdb,scaf27.pdb,22.666792
scaf130.pdb,scaf28.pdb,25.4313
scaf130.pdb,scaf29.pdb,16.390675
scaf130.pdb,scaf3.pdb,3.1465297
scaf130.pdb,scaf30.pdb,18.998928
scaf130.pdb,scaf31.pdb,14.849487
scaf130.pdb,scaf32.pdb,13.398891
scaf130.pdb,scaf33.pdb,17.570179
scaf130.pdb,scaf34.pdb,14.895399
scaf130.pdb,scaf35.pdb,14.29142
scaf130.pdb,scaf37.pdb,22.609251
scaf130.pdb,scaf38.pdb,21.083204
scaf130.pdb,scaf4.pdb,6.8923163
scaf130.pdb,scaf40.pdb,24.219685
scaf130.pdb,scaf42.pdb,20.444365
scaf130.pdb,scaf44.pdb,14.435215
scaf130.pdb,scaf45.pdb,19.410328
scaf130.pdb,scaf47.pdb,21.529991
scaf130.pdb,scaf48.pdb,5.808201
scaf130.pdb,scaf49.pdb,25.974281
scaf130.pdb,scaf5.pdb,22.419514
scaf130.pdb,scaf50.pdb,17.800114
scaf130.pdb,scaf51.pdb,22.826237
scaf130.pdb,scaf52.pdb,22.647902
scaf130.pdb,scaf53.pdb,20.925879
scaf130.pdb,scaf54.pdb,19.026726
scaf130.pdb,scaf55.pdb,6.495358
scaf130.pdb,scaf56.pdb,14.857288
scaf130.pdb,scaf57.pdb,22.29287
scaf130.pdb,scaf58.pdb,14.301153
scaf130.pdb,scaf59.pdb,20.797459
scaf130.pdb,scaf6.pdb,14.018334
scaf130.pdb,scaf60.pdb,3.4212906
scaf130.pdb,scaf61.pdb,22.55094
scaf130.pdb,scaf62.pdb,19.372528
scaf130.pdb,scaf63.pdb,2.2998865
scaf130.pdb,scaf64.pdb,14.627818
scaf130.pdb,scaf65.pdb,22.203823
scaf130.pdb,scaf66.pdb,15.521256
scaf130.pdb,scaf67.pdb,22.282925
scaf130.pdb,scaf68.pdb,14.956747
scaf130.pdb,scaf7.pdb,14.849917
scaf130.pdb,scaf70.pdb,20.082066
scaf130.pdb,scaf71.pdb,15.143327
scaf130.pdb,scaf72.pdb,20.948137
scaf130.pdb,scaf74.pdb,22.809002
scaf130.pdb,scaf75.pdb,23.168932
scaf130.pdb,scaf76.pdb,26.309961
scaf130.pdb,scaf77.pdb,15.258545
scaf130.pdb,scaf78.pdb,17.773783
scaf130.pdb,scaf79.pdb,19.477903
scaf130.pdb,scaf8.pdb,21.120232
scaf130.pdb,scaf81.pdb,19.699896
scaf130.pdb,scaf82.pdb,21.260218
scaf130.pdb,scaf83.pdb,17.224487
scaf130.pdb,scaf84.pdb,11.782128
scaf130.pdb,scaf85.pdb,18.492134
scaf130.pdb,scaf86.pdb,22.996222
scaf130.pdb,scaf88.pdb,11.9491825
scaf130.pdb,scaf89.pdb,23.608833
scaf130.pdb,scaf9.pdb,9.592605
scaf130.pdb,scaf90.pdb,20.973322
scaf130.pdb,scaf91.pdb,25.97956
scaf130.pdb,scaf92.pdb,7.9096093
scaf130.pdb,scaf93.pdb,15.902184
scaf130.pdb,scaf94.pdb,27.61964
scaf130.pdb,scaf95.pdb,24.499912
scaf130.pdb,scaf96.pdb,19.860254
scaf130.pdb,scaf97.pdb,20.598614
scaf130.pdb,scaf98.pdb,23.133247
scaf130.pdb,scaf99.pdb,24.555271
scaf131.pdb,scaf133.pdb,14.215392
scaf131.pdb,scaf134.pdb,20.393776
scaf131.pdb,scaf135.pdb,21.371447
scaf131.pdb,scaf136.pdb,20.157452
scaf131.pdb,scaf137.pdb,13.203487
scaf131.pdb,scaf138.pdb,13.983882
scaf131.pdb,scaf139.pdb,19.325737
scaf131.pdb,scaf14.pdb,16.952108
scaf131.pdb,scaf140.pdb,14.953132
scaf131.pdb,scaf141.pdb,21.516573
scaf131.pdb,scaf143.pdb,13.502692
scaf131.pdb,scaf144.pdb,20.829052
scaf131.pdb,scaf145.pdb,19.000515
scaf131.pdb,scaf147.pdb,21.705551
scaf131.pdb,scaf148.pdb,18.303131
scaf131.pdb,scaf149.pdb,19.477169
scaf131.pdb,scaf15.pdb,22.726627
scaf131.pdb,scaf151.pdb,16.928404
scaf131.pdb,scaf153.pdb,21.553762
scaf131.pdb,scaf154.pdb,11.883635
scaf131.pdb,scaf155.pdb,14.033932
scaf131.pdb,scaf156.pdb,16.783468
scaf131.pdb,scaf158.pdb,18.691378
scaf131.pdb,scaf16.pdb,20.792578
scaf131.pdb,scaf162.pdb,20.806412
scaf131.pdb,scaf163.pdb,17.525045
scaf131.pdb,scaf164.pdb,15.7414
scaf131.pdb,scaf166.pdb,15.717714
scaf131.pdb,scaf167.pdb,19.186888
scaf131.pdb,scaf168.pdb,18.56463
scaf131.pdb,scaf169.pdb,21.718763
scaf131.pdb,scaf17.pdb,17.133104
scaf131.pdb,scaf170.pdb,17.423512
scaf131.pdb,scaf171.pdb,17.18838
scaf131.pdb,scaf172.pdb,20.28927
scaf131.pdb,scaf173.pdb,16.91983
scaf131.pdb,scaf174.pdb,17.445787
scaf131.pdb,scaf175.pdb,18.136343
scaf131.pdb,scaf176.pdb,15.868902
scaf131.pdb,scaf177.pdb,14.7374525
scaf131.pdb,scaf179.pdb,24.054083
scaf131.pdb,scaf18.pdb,16.559458
scaf131.pdb,scaf19.pdb,20.465754
scaf131.pdb,scaf20.pdb,20.959715
scaf131.pdb,scaf21.pdb,13.005739
scaf131.pdb,scaf22.pdb,13.766694
scaf131.pdb,scaf23.pdb,11.778295
scaf131.pdb,scaf24.pdb,11.599928
scaf131.pdb,scaf26.pdb,17.90049
scaf131.pdb,scaf27.pdb,20.728292
scaf131.pdb,scaf28.pdb,16.957514
scaf131.pdb,scaf29.pdb,16.44104
scaf131.pdb,scaf3.pdb,14.982143
scaf131.pdb,scaf30.pdb,14.129454
scaf131.pdb,scaf31.pdb,12.105202
scaf131.pdb,scaf32.pdb,11.634336
scaf131.pdb,scaf33.pdb,16.888905
scaf131.pdb,scaf34.pdb,16.32772
scaf131.pdb,scaf35.pdb,16.518019
scaf131.pdb,scaf37.pdb,17.487396
scaf131.pdb,scaf38.pdb,22.063099
scaf131.pdb,scaf4.pdb,13.274876
scaf131.pdb,scaf40.pdb,18.47804
scaf131.pdb,scaf42.pdb,15.243012
scaf131.pdb,scaf44.pdb,14.826164
scaf131.pdb,scaf45.pdb,19.260675
scaf131.pdb,scaf47.pdb,19.161747
scaf131.pdb,scaf48.pdb,14.194544
scaf131.pdb,scaf49.pdb,20.833971
scaf131.pdb,scaf5.pdb,17.75606
scaf131.pdb,scaf50.pdb,14.463184
scaf131.pdb,scaf51.pdb,20.662985
scaf131.pdb,scaf52.pdb,19.911575
scaf131.pdb,scaf53.pdb,19.56331
scaf131.pdb,scaf54.pdb,19.5242
scaf131.pdb,scaf55.pdb,13.609363
scaf131.pdb,scaf56.pdb,11.087281
scaf131.pdb,scaf57.pdb,20.902962
scaf131.pdb,scaf58.pdb,16.067596
scaf131.pdb,scaf59.pdb,17.209734
scaf131.pdb,scaf6.pdb,13.947811
scaf131.pdb,scaf60.pdb,14.30612
scaf131.pdb,scaf61.pdb,20.021627
scaf131.pdb,scaf62.pdb,19.359285
scaf131.pdb,scaf63.pdb,15.494375
scaf131.pdb,scaf64.pdb,17.402782
scaf131.pdb,scaf65.pdb,17.062063
scaf131.pdb,scaf66.pdb,11.78175
scaf131.pdb,scaf67.pdb,20.843122
scaf131.pdb,scaf68.pdb,11.48555
scaf131.pdb,scaf7.pdb,11.642732
scaf131.pdb,scaf70.pdb,22.870983
scaf131.pdb,scaf71.pdb,11.740068
scaf131.pdb,scaf72.pdb,22.0593
scaf131.pdb,scaf74.pdb,20.698278
scaf131.pdb,scaf75.pdb,20.815292
scaf131.pdb,scaf76.pdb,19.64673
scaf131.pdb,scaf77.pdb,11.735657
scaf131.pdb,scaf78.pdb,10.9826
scaf131.pdb,scaf79.pdb,18.031681
scaf131.pdb,scaf8.pdb,19.73462
scaf131.pdb,scaf81.pdb,20.477121
scaf131.pdb,scaf82.pdb,19.32199
scaf131.pdb,scaf83.pdb,13.517827
scaf131.pdb,scaf84.pdb,10.68618
scaf131.pdb,scaf85.pdb,17.741743
scaf131.pdb,scaf86.pdb,20.569353
scaf131.pdb,scaf88.pdb,13.3251705
scaf131.pdb,scaf89.pdb,20.443533
scaf131.pdb,scaf9.pdb,14.092302
scaf131.pdb,scaf90.pdb,19.584974
scaf131.pdb,scaf91.pdb,20.819645
scaf131.pdb,scaf92.pdb,14.625453
scaf131.pdb,scaf93.pdb,12.23708
scaf131.pdb,scaf94.pdb,22.878428
scaf131.pdb,scaf95.pdb,22.17211
scaf131.pdb,scaf96.pdb,20.339565
scaf131.pdb,scaf97.pdb,18.431778
scaf131.pdb,scaf98.pdb,20.69011
scaf131.pdb,scaf99.pdb,20.518845
scaf133.pdb,scaf134.pdb,23.9913
scaf133.pdb,scaf135.pdb,26.967508
scaf133.pdb,scaf136.pdb,26.25005
scaf133.pdb,scaf137.pdb,14.285026
scaf133.pdb,scaf138.pdb,13.014005
scaf133.pdb,scaf139.pdb,19.253607
scaf133.pdb,scaf14.pdb,24.823227
scaf133.pdb,scaf140.pdb,18.84676
scaf133.pdb,scaf141.pdb,23.24617
scaf133.pdb,scaf143.pdb,15.593016
scaf133.pdb,scaf144.pdb,24.055773
scaf133.pdb,scaf145.pdb,19.387968
scaf133.pdb,scaf147.pdb,21.472845
scaf133.pdb,scaf148.pdb,21.816107
scaf133.pdb,scaf149.pdb,21.094622
scaf133.pdb,scaf15.pdb,24.079767
scaf133.pdb,scaf151.pdb,24.813686
scaf133.pdb,scaf153.pdb,22.950844
scaf133.pdb,scaf154.pdb,16.060266
scaf133.pdb,scaf155.pdb,7.728647
scaf133.pdb,scaf156.pdb,24.525906
scaf133.pdb,scaf158.pdb,20.393969
scaf133.pdb,scaf16.pdb,23.913826
scaf133.pdb,scaf162.pdb,20.313044
scaf133.pdb,scaf163.pdb,21.953829
scaf133.pdb,scaf164.pdb,19.798895
scaf133.pdb,scaf166.pdb,13.889755
scaf133.pdb,scaf167.pdb,21.84171
scaf133.pdb,scaf168.pdb,18.738144
scaf133.pdb,scaf169.pdb,20.595291
scaf133.pdb,scaf17.pdb,16.083511
scaf133.pdb,scaf170.pdb,21.137535
scaf133.pdb,scaf171.pdb,24.861002
scaf133.pdb,scaf172.pdb,23.952084
scaf133.pdb,scaf173.pdb,24.568407
scaf133.pdb,scaf174.pdb,16.751514
scaf133.pdb,scaf175.pdb,19.627792
scaf133.pdb,scaf176.pdb,15.4658
scaf133.pdb,scaf177.pdb,17.004131
scaf133.pdb,scaf179.pdb,24.667463
scaf133.pdb,scaf18.pdb,23.411644
scaf133.pdb,scaf19.pdb,27.906576
scaf133.pdb,scaf20.pdb,19.613153
scaf133.pdb,scaf21.pdb,17.181097
scaf133.pdb,scaf22.pdb,12.666473
scaf133.pdb,scaf23.pdb,19.098864
scaf133.pdb,scaf24.pdb,15.432123
scaf133.pdb,scaf26.pdb,19.530464
scaf133.pdb,scaf27.pdb,23.717834
scaf133.pdb,scaf28.pdb,24.88124
scaf133.pdb,scaf29.pdb,17.301561
scaf133.pdb,scaf3.pdb,4.163524
scaf133.pdb,scaf30.pdb,17.941301
scaf133.pdb,scaf31.pdb,15.3131695
scaf133.pdb,scaf32.pdb,13.238247
scaf133.pdb,scaf33.pdb,16.854229
scaf133.pdb,scaf34.pdb,13.845953
scaf133.pdb,scaf35.pdb,13.365741
scaf133.pdb,scaf37.pdb,21.832336
scaf133.pdb,scaf38.pdb,21.585201
scaf133.pdb,scaf4.pdb,6.923639
scaf133.pdb,scaf40.pdb,24.781631
scaf133.pdb,scaf42.pdb,20.396444
scaf133.pdb,scaf44.pdb,15.282027
scaf133.pdb,scaf45.pdb,19.326136
scaf133.pdb,scaf47.pdb,21.450726
scaf133.pdb,scaf48.pdb,6.222018
scaf133.pdb,scaf49.pdb,26.447548
scaf133.pdb,scaf5.pdb,22.625586
scaf133.pdb,scaf50.pdb,16.842669
scaf133.pdb,scaf51.pdb,23.039421
scaf133.pdb,scaf52.pdb,23.462212
scaf133.pdb,scaf53.pdb,21.06319
scaf133.pdb,scaf54.pdb,18.80988
scaf133.pdb,scaf55.pdb,6.8895144
scaf133.pdb,scaf56.pdb,15.221943
scaf133.pdb,scaf57.pdb,23.031443
scaf133.pdb,scaf58.pdb,13.070634
scaf133.pdb,scaf59.pdb,20.942719
scaf133.pdb,scaf6.pdb,13.120432
scaf133.pdb,scaf60.pdb,4.193976
scaf133.pdb,scaf61.pdb,22.84499
scaf133.pdb,scaf62.pdb,19.363293
scaf133.pdb,scaf63.pdb,6.159737
scaf133.pdb,scaf64.pdb,13.797732
scaf133.pdb,scaf65.pdb,21.392372
scaf133.pdb,scaf66.pdb,15.924888
scaf133.pdb,scaf67.pdb,22.839497
scaf133.pdb,scaf68.pdb,15.3819895
scaf133.pdb,scaf7.pdb,15.366939
scaf133.pdb,scaf70.pdb,20.41507
scaf133.pdb,scaf71.pdb,15.681087
scaf133.pdb,scaf72.pdb,21.5046
scaf133.pdb,scaf74.pdb,23.73695
scaf133.pdb,scaf75.pdb,23.468716
scaf133.pdb,scaf76.pdb,26.263483
scaf133.pdb,scaf77.pdb,15.740822
scaf133.pdb,scaf78.pdb,16.73289
scaf133.pdb,scaf79.pdb,19.517578
scaf133.pdb,scaf8.pdb,21.023052
scaf133.pdb,scaf81.pdb,19.927162
scaf133.pdb,scaf82.pdb,22.244122
scaf133.pdb,scaf83.pdb,16.94436
scaf133.pdb,scaf84.pdb,10.261566
scaf133.pdb,scaf85.pdb,17.654217
scaf133.pdb,scaf86.pdb,24.014874
scaf133.pdb,scaf88.pdb,10.634915
scaf133.pdb,scaf89.pdb,24.536325
scaf133.pdb,scaf9.pdb,7.6820273
scaf133.pdb,scaf90.pdb,21.060446
scaf133.pdb,scaf91.pdb,26.41487
scaf133.pdb,scaf92.pdb,6.648352
scaf133.pdb,scaf93.pdb,16.150002
scaf133.pdb,scaf94.pdb,27.477875
scaf133.pdb,scaf95.pdb,23.724348
scaf133.pdb,scaf96.pdb,20.156816
scaf133.pdb,scaf97.pdb,20.70332
scaf133.pdb,scaf98.pdb,23.425144
scaf133.pdb,scaf99.pdb,24.756992
scaf134.pdb,scaf135.pdb,12.570877
scaf134.pdb,scaf136.pdb,12.205347
scaf134.pdb,scaf137.pdb,23.4042
scaf134.pdb,scaf138.pdb,21.49347
scaf134.pdb,scaf139.pdb,14.225571
scaf134.pdb,scaf14.pdb,16.370432
scaf134.pdb,scaf140.pdb,22.847198
scaf134.pdb,scaf141.pdb,14.52175
scaf134.pdb,scaf143.pdb,18.73487
scaf134.pdb,scaf144.pdb,12.584363
scaf134.pdb,scaf145.pdb,16.638542
scaf134.pdb,scaf147.pdb,26.437319
scaf134.pdb,scaf148.pdb,22.906939
scaf134.pdb,scaf149.pdb,14.820807
scaf134.pdb,scaf15.pdb,24.375399
scaf134.pdb,scaf151.pdb,15.551775
scaf134.pdb,scaf153.pdb,15.444292
scaf134.pdb,scaf154.pdb,19.047272
scaf134.pdb,scaf155.pdb,24.197289
scaf134.pdb,scaf156.pdb,16.24482
scaf134.pdb,scaf158.pdb,12.061784
scaf134.pdb,scaf16.pdb,1.6502509
scaf134.pdb,scaf162.pdb,23.232958
scaf134.pdb,scaf163.pdb,15.65147
scaf134.pdb,scaf164.pdb,16.321928
scaf134.pdb,scaf166.pdb,25.280563
scaf134.pdb,scaf167.pdb,15.623896
scaf134.pdb,scaf168.pdb,23.406393
scaf134.pdb,scaf169.pdb,20.92797
scaf134.pdb,scaf17.pdb,17.45327
scaf134.pdb,scaf170.pdb,13.389983
scaf134.pdb,scaf171.pdb,15.743918
scaf134.pdb,scaf172.pdb,5.902096
scaf134.pdb,scaf173.pdb,16.224983
scaf134.pdb,scaf174.pdb,21.120594
scaf134.pdb,scaf175.pdb,23.363333
scaf134.pdb,scaf176.pdb,17.913218
scaf134.pdb,scaf177.pdb,23.227709
scaf134.pdb,scaf179.pdb,13.98529
scaf134.pdb,scaf18.pdb,23.969849
scaf134.pdb,scaf19.pdb,15.221501
scaf134.pdb,scaf20.pdb,19.552511
scaf134.pdb,scaf21.pdb,16.333529
scaf134.pdb,scaf22.pdb,23.974085
scaf134.pdb,scaf23.pdb,19.323063
scaf134.pdb,scaf24.pdb,19.104494
scaf134.pdb,scaf26.pdb,23.076061
scaf134.pdb,scaf27.pdb,1.6145906
scaf134.pdb,scaf28.pdb,16.406055
scaf134.pdb,scaf29.pdb,17.115086
scaf134.pdb,scaf3.pdb,23.887428
scaf134.pdb,scaf30.pdb,20.983246
scaf134.pdb,scaf31.pdb,18.96317
scaf134.pdb,scaf32.pdb,21.525246
scaf134.pdb,scaf33.pdb,23.036037
scaf134.pdb,scaf34.pdb,22.858852
scaf134.pdb,scaf35.pdb,23.739027
scaf134.pdb,scaf37.pdb,19.78955
scaf134.pdb,scaf38.pdb,21.198038
scaf134.pdb,scaf4.pdb,22.71239
scaf134.pdb,scaf40.pdb,13.574572
scaf134.pdb,scaf42.pdb,18.310345
scaf134.pdb,scaf44.pdb,17.45896
scaf134.pdb,scaf45.pdb,14.419597
scaf134.pdb,scaf47.pdb,18.297188
scaf134.pdb,scaf48.pdb,22.036188
scaf134.pdb,scaf49.pdb,15.222655
scaf134.pdb,scaf5.pdb,21.725008
scaf134.pdb,scaf50.pdb,18.606646
scaf134.pdb,scaf51.pdb,15.735
scaf134.pdb,scaf52.pdb,14.8956995
scaf134.pdb,scaf53.pdb,13.950597
scaf134.pdb,scaf54.pdb,21.754084
scaf134.pdb,scaf55.pdb,22.434534
scaf134.pdb,scaf56.pdb,19.556868
scaf134.pdb,scaf57.pdb,13.184454
scaf134.pdb,scaf58.pdb,23.517857
scaf134.pdb,scaf59.pdb,13.74807
scaf134.pdb,scaf6.pdb,21.07452
scaf134.pdb,scaf60.pdb,23.915152
scaf134.pdb,scaf61.pdb,10.466086
scaf134.pdb,scaf62.pdb,14.3119335
scaf134.pdb,scaf63.pdb,22.70158
scaf134.pdb,scaf64.pdb,23.932388
scaf134.pdb,scaf65.pdb,19.191067
scaf134.pdb,scaf66.pdb,19.0124
scaf134.pdb,scaf67.pdb,12.472655
scaf134.pdb,scaf68.pdb,19.348757
scaf134.pdb,scaf7.pdb,19.128883
scaf134.pdb,scaf70.pdb,22.983782
scaf134.pdb,scaf71.pdb,18.948612
scaf134.pdb,scaf72.pdb,21.336287
scaf134.pdb,scaf74.pdb,6.5145082
scaf134.pdb,scaf75.pdb,13.544064
scaf134.pdb,scaf76.pdb,18.909998
scaf134.pdb,scaf77.pdb,19.242622
scaf134.pdb,scaf78.pdb,19.676907
scaf134.pdb,scaf79.pdb,21.23541
scaf134.pdb,scaf8.pdb,14.66329
scaf134.pdb,scaf81.pdb,19.057682
scaf134.pdb,scaf82.pdb,12.686646
scaf134.pdb,scaf83.pdb,16.197062
scaf134.pdb,scaf84.pdb,22.44933
scaf134.pdb,scaf85.pdb,26.0452
scaf134.pdb,scaf86.pdb,1.5613575
scaf134.pdb,scaf88.pdb,21.645697
scaf134.pdb,scaf89.pdb,3.161153
scaf134.pdb,scaf9.pdb,24.127731
scaf134.pdb,scaf90.pdb,13.795258
scaf134.pdb,scaf91.pdb,15.19694
scaf134.pdb,scaf92.pdb,25.099789
scaf134.pdb,scaf93.pdb,19.224245
scaf134.pdb,scaf94.pdb,20.181341
scaf134.pdb,scaf95.pdb,23.695623
scaf134.pdb,scaf96.pdb,18.46992
scaf134.pdb,scaf97.pdb,22.790077
scaf134.pdb,scaf98.pdb,13.458245
scaf134.pdb,scaf99.pdb,13.100726
scaf135.pdb,scaf136.pdb,7.355972
scaf135.pdb,scaf137.pdb,24.041819
scaf135.pdb,scaf138.pdb,22.755632
scaf135.pdb,scaf139.pdb,17.767784
scaf135.pdb,scaf14.pdb,14.477423
scaf135.pdb,scaf140.pdb,21.48845
scaf135.pdb,scaf141.pdb,13.662119
scaf135.pdb,scaf143.pdb,18.903084
scaf135.pdb,scaf144.pdb,17.675203
scaf135.pdb,scaf145.pdb,20.377539
scaf135.pdb,scaf147.pdb,24.68577
scaf135.pdb,scaf148.pdb,23.346626
scaf135.pdb,scaf149.pdb,14.92651
scaf135.pdb,scaf15.pdb,28.511524
scaf135.pdb,scaf151.pdb,13.77432
scaf135.pdb,scaf153.pdb,15.924639
scaf135.pdb,scaf154.pdb,18.860193
scaf135.pdb,scaf155.pdb,27.264889
scaf135.pdb,scaf156.pdb,13.758917
scaf135.pdb,scaf158.pdb,15.583087
scaf135.pdb,scaf16.pdb,12.883324
scaf135.pdb,scaf162.pdb,21.748121
scaf135.pdb,scaf163.pdb,17.305002
scaf135.pdb,scaf164.pdb,15.221506
scaf135.pdb,scaf166.pdb,27.130836
scaf135.pdb,scaf167.pdb,12.330308
scaf135.pdb,scaf168.pdb,26.468147
scaf135.pdb,scaf169.pdb,24.209133
scaf135.pdb,scaf17.pdb,20.13879
scaf135.pdb,scaf170.pdb,18.542456
scaf135.pdb,scaf171.pdb,13.521101
scaf135.pdb,scaf172.pdb,11.796629
scaf135.pdb,scaf173.pdb,13.656845
scaf135.pdb,scaf174.pdb,20.232168
scaf135.pdb,scaf175.pdb,23.71825
scaf135.pdb,scaf176.pdb,20.882263
scaf135.pdb,scaf177.pdb,22.107965
scaf135.pdb,scaf179.pdb,15.065643
scaf135.pdb,scaf18.pdb,21.056065
scaf135.pdb,scaf19.pdb,12.397669
scaf135.pdb,scaf20.pdb,21.622417
scaf135.pdb,scaf21.pdb,17.101864
scaf135.pdb,scaf22.pdb,25.131489
scaf135.pdb,scaf23.pdb,18.236826
scaf135.pdb,scaf24.pdb,19.29536
scaf135.pdb,scaf26.pdb,25.641209
scaf135.pdb,scaf27.pdb,13.231629
scaf135.pdb,scaf28.pdb,14.346627
scaf135.pdb,scaf29.pdb,18.464283
scaf135.pdb,scaf3.pdb,26.932701
scaf135.pdb,scaf30.pdb,22.835735
scaf135.pdb,scaf31.pdb,18.941694
scaf135.pdb,scaf32.pdb,21.38534
scaf135.pdb,scaf33.pdb,25.40433
scaf135.pdb,scaf34.pdb,25.693882
scaf135.pdb,scaf35.pdb,25.96021
scaf135.pdb,scaf37.pdb,14.720787
scaf135.pdb,scaf38.pdb,22.852491
scaf135.pdb,scaf4.pdb,26.368345
scaf135.pdb,scaf40.pdb,11.347859
scaf135.pdb,scaf42.pdb,18.498077
scaf135.pdb,scaf44.pdb,21.565475
scaf135.pdb,scaf45.pdb,18.477898
scaf135.pdb,scaf47.pdb,14.332998
scaf135.pdb,scaf48.pdb,24.957401
scaf135.pdb,scaf49.pdb,12.853782
scaf135.pdb,scaf5.pdb,19.813618
scaf135.pdb,scaf50.pdb,17.417845
scaf135.pdb,scaf51.pdb,12.531918
scaf135.pdb,scaf52.pdb,14.688372
scaf135.pdb,scaf53.pdb,13.604602
scaf135.pdb,scaf54.pdb,21.005217
scaf135.pdb,scaf55.pdb,26.24457
scaf135.pdb,scaf56.pdb,19.517063
scaf135.pdb,scaf57.pdb,14.384119
scaf135.pdb,scaf58.pdb,25.735418
scaf135.pdb,scaf59.pdb,19.013577
scaf135.pdb,scaf6.pdb,23.882896
scaf135.pdb,scaf60.pdb,26.756264
scaf135.pdb,scaf61.pdb,15.845008
scaf135.pdb,scaf62.pdb,17.799864
scaf135.pdb,scaf63.pdb,25.815403
scaf135.pdb,scaf64.pdb,25.836563
scaf135.pdb,scaf65.pdb,14.660424
scaf135.pdb,scaf66.pdb,18.912132
scaf135.pdb,scaf67.pdb,12.69089
scaf135.pdb,scaf68.pdb,19.201214
scaf135.pdb,scaf7.pdb,19.407772
scaf135.pdb,scaf70.pdb,20.705168
scaf135.pdb,scaf71.pdb,19.177095
scaf135.pdb,scaf72.pdb,23.046757
scaf135.pdb,scaf74.pdb,15.078391
scaf135.pdb,scaf75.pdb,18.066872
scaf135.pdb,scaf76.pdb,16.625235
scaf135.pdb,scaf77.pdb,18.99122
scaf135.pdb,scaf78.pdb,22.417973
scaf135.pdb,scaf79.pdb,22.565918
scaf135.pdb,scaf8.pdb,14.707833
scaf135.pdb,scaf81.pdb,18.212818
scaf135.pdb,scaf82.pdb,16.947485
scaf135.pdb,scaf83.pdb,20.613853
scaf135.pdb,scaf84.pdb,24.098143
scaf135.pdb,scaf85.pdb,28.760782
scaf135.pdb,scaf86.pdb,12.50923
scaf135.pdb,scaf88.pdb,23.817987
scaf135.pdb,scaf89.pdb,12.277473
scaf135.pdb,scaf9.pdb,27.143682
scaf135.pdb,scaf90.pdb,20.271935
scaf135.pdb,scaf91.pdb,12.77788
scaf135.pdb,scaf92.pdb,28.231966
scaf135.pdb,scaf93.pdb,18.0774
scaf135.pdb,scaf94.pdb,12.618127
scaf135.pdb,scaf95.pdb,23.333443
scaf135.pdb,scaf96.pdb,16.795036
scaf135.pdb,scaf97.pdb,25.237625
scaf135.pdb,scaf98.pdb,17.89911
scaf135.pdb,scaf99.pdb,13.289261
scaf136.pdb,scaf137.pdb,23.539307
scaf136.pdb,scaf138.pdb,23.341438
scaf136.pdb,scaf139.pdb,16.897738
scaf136.pdb,scaf14.pdb,14.5211525
scaf136.pdb,scaf140.pdb,22.16221
scaf136.pdb,scaf141.pdb,14.950924
scaf136.pdb,scaf143.pdb,17.743927
scaf136.pdb,scaf144.pdb,16.739948
scaf136.pdb,scaf145.pdb,20.395538
scaf136.pdb,scaf147.pdb,23.970709
scaf136.pdb,scaf148.pdb,23.102133
scaf136.pdb,scaf149.pdb,15.319374
scaf136.pdb,scaf15.pdb,28.018034
scaf136.pdb,scaf151.pdb,14.005333
scaf136.pdb,scaf153.pdb,18.034084
scaf136.pdb,scaf154.pdb,17.891634
scaf136.pdb,scaf155.pdb,26.325762
scaf136.pdb,scaf156.pdb,14.362536
scaf136.pdb,scaf158.pdb,15.810584
scaf136.pdb,scaf16.pdb,12.619822
scaf136.pdb,scaf162.pdb,21.652927
scaf136.pdb,scaf163.pdb,17.723198
scaf136.pdb,scaf164.pdb,14.4596
scaf136.pdb,scaf166.pdb,27.175436
scaf136.pdb,scaf167.pdb,14.8102045
scaf136.pdb,scaf168.pdb,25.791553
scaf136.pdb,scaf169.pdb,23.63503
scaf136.pdb,scaf17.pdb,20.204283
scaf136.pdb,scaf170.pdb,19.172241
scaf136.pdb,scaf171.pdb,13.609753
scaf136.pdb,scaf172.pdb,12.240702
scaf136.pdb,scaf173.pdb,14.381987
scaf136.pdb,scaf174.pdb,20.856752
scaf136.pdb,scaf175.pdb,23.052193
scaf136.pdb,scaf176.pdb,20.43676
scaf136.pdb,scaf177.pdb,21.882647
scaf136.pdb,scaf179.pdb,15.108834
scaf136.pdb,scaf18.pdb,19.733902
scaf136.pdb,scaf19.pdb,14.3813715
scaf136.pdb,scaf20.pdb,21.375336
scaf136.pdb,scaf21.pdb,15.714973
scaf136.pdb,scaf22.pdb,24.975204
scaf136.pdb,scaf23.pdb,19.37813
scaf136.pdb,scaf24.pdb,18.446484
scaf136.pdb,scaf26.pdb,24.712692
scaf136.pdb,scaf27.pdb,12.805484
scaf136.pdb,scaf28.pdb,14.571283
scaf136.pdb,scaf29.pdb,18.71387
scaf136.pdb,scaf3.pdb,26.233408
scaf136.pdb,scaf30.pdb,22.574324
scaf136.pdb,scaf31.pdb,17.856949
scaf136.pdb,scaf32.pdb,19.850224
scaf136.pdb,scaf33.pdb,24.77196
scaf136.pdb,scaf34.pdb,25.439154
scaf136.pdb,scaf35.pdb,26.301964
scaf136.pdb,scaf37.pdb,14.779341
scaf136.pdb,scaf38.pdb,22.27526
scaf136.pdb,scaf4.pdb,25.942766
scaf136.pdb,scaf40.pdb,11.966946
scaf136.pdb,scaf42.pdb,18.064726
scaf136.pdb,scaf44.pdb,21.469719
scaf136.pdb,scaf45.pdb,17.680805
scaf136.pdb,scaf47.pdb,14.600374
scaf136.pdb,scaf48.pdb,24.425669
scaf136.pdb,scaf49.pdb,14.173381
scaf136.pdb,scaf5.pdb,19.045341
scaf136.pdb,scaf50.pdb,17.460709
scaf136.pdb,scaf51.pdb,14.559647
scaf136.pdb,scaf52.pdb,15.764655
scaf136.pdb,scaf53.pdb,14.783785
scaf136.pdb,scaf54.pdb,21.738037
scaf136.pdb,scaf55.pdb,25.785831
scaf136.pdb,scaf56.pdb,18.730726
scaf136.pdb,scaf57.pdb,15.186281
scaf136.pdb,scaf58.pdb,25.900036
scaf136.pdb,scaf59.pdb,19.564384
scaf136.pdb,scaf6.pdb,24.028524
scaf136.pdb,scaf60.pdb,26.21116
scaf136.pdb,scaf61.pdb,14.754576
scaf136.pdb,scaf62.pdb,17.072668
scaf136.pdb,scaf63.pdb,25.114176
scaf136.pdb,scaf64.pdb,26.085865
scaf136.pdb,scaf65.pdb,14.684924
scaf136.pdb,scaf66.pdb,17.95524
scaf136.pdb,scaf67.pdb,13.704868
scaf136.pdb,scaf68.pdb,18.31728
scaf136.pdb,scaf7.pdb,18.627459
scaf136.pdb,scaf70.pdb,21.431135
scaf136.pdb,scaf71.pdb,18.467697
scaf136.pdb,scaf72.pdb,22.591753
scaf136.pdb,scaf74.pdb,14.394547
scaf136.pdb,scaf75.pdb,17.292736
scaf136.pdb,scaf76.pdb,16.479483
scaf136.pdb,scaf77.pdb,18.22612
scaf136.pdb,scaf78.pdb,22.557974
scaf136.pdb,scaf79.pdb,21.708498
scaf136.pdb,scaf8.pdb,15.434865
scaf136.pdb,scaf81.pdb,19.1885
scaf136.pdb,scaf82.pdb,15.396486
scaf136.pdb,scaf83.pdb,19.269684
scaf136.pdb,scaf84.pdb,23.36201
scaf136.pdb,scaf85.pdb,27.993872
scaf136.pdb,scaf86.pdb,11.934711
scaf136.pdb,scaf88.pdb,23.782362
scaf136.pdb,scaf89.pdb,11.511703
scaf136.pdb,scaf9.pdb,26.203413
scaf136.pdb,scaf90.pdb,19.664299
scaf136.pdb,scaf91.pdb,13.9831085
scaf136.pdb,scaf92.pdb,27.621202
scaf136.pdb,scaf93.pdb,17.034935
scaf136.pdb,scaf94.pdb,13.865684
scaf136.pdb,scaf95.pdb,23.99325
scaf136.pdb,scaf96.pdb,18.075851
scaf136.pdb,scaf97.pdb,24.238998
scaf136.pdb,scaf98.pdb,17.109377
scaf136.pdb,scaf99.pdb,12.604006
scaf137.pdb,scaf138.pdb,13.503803
scaf137.pdb,scaf139.pdb,18.769083
scaf137.pdb,scaf14.pdb,23.066753
scaf137.pdb,scaf140.pdb,18.531183
scaf137.pdb,scaf141.pdb,23.708569
scaf137.pdb,scaf143.pdb,16.80218
scaf137.pdb,scaf144.pdb,21.242537
scaf137.pdb,scaf145.pdb,18.396784
scaf137.pdb,scaf147.pdb,17.144592
scaf137.pdb,scaf148.pdb,17.251516
scaf137.pdb,scaf149.pdb,23.563126
scaf137.pdb,scaf15.pdb,19.904238
scaf137.pdb,scaf151.pdb,22.907497
scaf137.pdb,scaf153.pdb,22.999807
scaf137.pdb,scaf154.pdb,15.458208
scaf137.pdb,scaf155.pdb,14.672543
scaf137.pdb,scaf156.pdb,22.373426
scaf137.pdb,scaf158.pdb,22.258904
scaf137.pdb,scaf16.pdb,23.64835
scaf137.pdb,scaf162.pdb,17.083977
scaf137.pdb,scaf163.pdb,22.198412
scaf137.pdb,scaf164.pdb,21.326355
scaf137.pdb,scaf166.pdb,16.127003
scaf137.pdb,scaf167.pdb,23.816216
scaf137.pdb,scaf168.pdb,14.868891
scaf137.pdb,scaf169.pdb,19.784494
scaf137.pdb,scaf17.pdb,16.544296
scaf137.pdb,scaf170.pdb,19.185944
scaf137.pdb,scaf171.pdb,23.155426
scaf137.pdb,scaf172.pdb,23.19158
scaf137.pdb,scaf173.pdb,22.471458
scaf137.pdb,scaf174.pdb,16.189894
scaf137.pdb,scaf175.pdb,16.31847
scaf137.pdb,scaf176.pdb,14.57317
scaf137.pdb,scaf177.pdb,11.069122
scaf137.pdb,scaf179.pdb,25.906973
scaf137.pdb,scaf18.pdb,18.050146
scaf137.pdb,scaf19.pdb,24.746727
scaf137.pdb,scaf20.pdb,20.160036
scaf137.pdb,scaf21.pdb,16.005184
scaf137.pdb,scaf22.pdb,9.3643675
scaf137.pdb,scaf23.pdb,18.273037
scaf137.pdb,scaf24.pdb,15.503632
scaf137.pdb,scaf26.pdb,15.748269
scaf137.pdb,scaf27.pdb,23.570608
scaf137.pdb,scaf28.pdb,23.018145
scaf137.pdb,scaf29.pdb,16.66879
scaf137.pdb,scaf3.pdb,14.380399
scaf137.pdb,scaf30.pdb,19.407532
scaf137.pdb,scaf31.pdb,15.947084
scaf137.pdb,scaf32.pdb,12.171647
scaf137.pdb,scaf33.pdb,17.036385
scaf137.pdb,scaf34.pdb,13.889174
scaf137.pdb,scaf35.pdb,15.372316
scaf137.pdb,scaf37.pdb,21.492723
scaf137.pdb,scaf38.pdb,20.541643
scaf137.pdb,scaf4.pdb,15.288182
scaf137.pdb,scaf40.pdb,21.091782
scaf137.pdb,scaf42.pdb,20.365532
scaf137.pdb,scaf44.pdb,17.981297
scaf137.pdb,scaf45.pdb,19.478142
scaf137.pdb,scaf47.pdb,20.961935
scaf137.pdb,scaf48.pdb,15.013721
scaf137.pdb,scaf49.pdb,21.55233
scaf137.pdb,scaf5.pdb,24.835087
scaf137.pdb,scaf50.pdb,19.798779
scaf137.pdb,scaf51.pdb,22.469896
scaf137.pdb,scaf52.pdb,21.36423
scaf137.pdb,scaf53.pdb,23.251669
scaf137.pdb,scaf54.pdb,15.304655
scaf137.pdb,scaf55.pdb,15.496675
scaf137.pdb,scaf56.pdb,15.1158285
scaf137.pdb,scaf57.pdb,23.326958
scaf137.pdb,scaf58.pdb,14.453921
scaf137.pdb,scaf59.pdb,19.387974
scaf137.pdb,scaf6.pdb,18.796995
scaf137.pdb,scaf60.pdb,14.154716
scaf137.pdb,scaf61.pdb,21.11299
scaf137.pdb,scaf62.pdb,18.92586
scaf137.pdb,scaf63.pdb,14.864102
scaf137.pdb,scaf64.pdb,15.909916
scaf137.pdb,scaf65.pdb,21.13197
scaf137.pdb,scaf66.pdb,15.284603
scaf137.pdb,scaf67.pdb,22.580183
scaf137.pdb,scaf68.pdb,15.282944
scaf137.pdb,scaf7.pdb,15.482544
scaf137.pdb,scaf70.pdb,17.662598
scaf137.pdb,scaf71.pdb,15.559055
scaf137.pdb,scaf72.pdb,20.48742
scaf137.pdb,scaf74.pdb,23.121265
scaf137.pdb,scaf75.pdb,21.198164
scaf137.pdb,scaf76.pdb,21.510717
scaf137.pdb,scaf77.pdb,15.539347
scaf137.pdb,scaf78.pdb,17.714958
scaf137.pdb,scaf79.pdb,19.491362
scaf137.pdb,scaf8.pdb,23.418661
scaf137.pdb,scaf81.pdb,21.691988
scaf137.pdb,scaf82.pdb,21.094337
scaf137.pdb,scaf83.pdb,19.628174
scaf137.pdb,scaf84.pdb,10.937025
scaf137.pdb,scaf85.pdb,13.237243
scaf137.pdb,scaf86.pdb,23.383442
scaf137.pdb,scaf88.pdb,14.354175
scaf137.pdb,scaf89.pdb,23.268562
scaf137.pdb,scaf9.pdb,14.69177
scaf137.pdb,scaf90.pdb,22.665348
scaf137.pdb,scaf91.pdb,21.58539
scaf137.pdb,scaf92.pdb,14.221754
scaf137.pdb,scaf93.pdb,15.610749
scaf137.pdb,scaf94.pdb,25.98335
scaf137.pdb,scaf95.pdb,17.96935
scaf137.pdb,scaf96.pdb,21.686596
scaf137.pdb,scaf97.pdb,16.100655
scaf137.pdb,scaf98.pdb,21.161476
scaf137.pdb,scaf99.pdb,24.29774
scaf138.pdb,scaf139.pdb,19.342155
scaf138.pdb,scaf14.pdb,22.227621
scaf138.pdb,scaf140.pdb,13.139161
scaf138.pdb,scaf141.pdb,20.11112
scaf138.pdb,scaf143.pdb,15.082427
scaf138.pdb,scaf144.pdb,22.909641
scaf138.pdb,scaf145.pdb,17.515602
scaf138.pdb,scaf147.pdb,17.88301
scaf138.pdb,scaf148.pdb,17.395021
scaf138.pdb,scaf149.pdb,19.820108
scaf138.pdb,scaf15.pdb,22.673199
scaf138.pdb,scaf151.pdb,22.103003
scaf138.pdb,scaf153.pdb,21.148634
scaf138.pdb,scaf154.pdb,14.600633
scaf138.pdb,scaf155.pdb,11.932813
scaf138.pdb,scaf156.pdb,22.002441
scaf138.pdb,scaf158.pdb,19.274601
scaf138.pdb,scaf16.pdb,21.400331
scaf138.pdb,scaf162.pdb,18.532465
scaf138.pdb,scaf163.pdb,18.974234
scaf138.pdb,scaf164.pdb,18.033503
scaf138.pdb,scaf166.pdb,12.073199
scaf138.pdb,scaf167.pdb,19.17339
scaf138.pdb,scaf168.pdb,18.053059
scaf138.pdb,scaf169.pdb,21.282703
scaf138.pdb,scaf17.pdb,15.421313
scaf138.pdb,scaf170.pdb,18.836996
scaf138.pdb,scaf171.pdb,22.353004
scaf138.pdb,scaf172.pdb,20.977089
scaf138.pdb,scaf173.pdb,21.626637
scaf138.pdb,scaf174.pdb,13.054034
scaf138.pdb,scaf175.pdb,16.011618
scaf138.pdb,scaf176.pdb,12.744921
scaf138.pdb,scaf177.pdb,14.47528
scaf138.pdb,scaf179.pdb,24.093794
scaf138.pdb,scaf18.pdb,19.19959
scaf138.pdb,scaf19.pdb,22.880505
scaf138.pdb,scaf20.pdb,19.096813
scaf138.pdb,scaf21.pdb,13.72261
scaf138.pdb,scaf22.pdb,12.423665
scaf138.pdb,scaf23.pdb,15.8508
scaf138.pdb,scaf24.pdb,14.852751
scaf138.pdb,scaf26.pdb,18.360832
scaf138.pdb,scaf27.pdb,21.465887
scaf138.pdb,scaf28.pdb,22.18137
scaf138.pdb,scaf29.pdb,14.741143
scaf138.pdb,scaf3.pdb,13.176815
scaf138.pdb,scaf30.pdb,17.099358
scaf138.pdb,scaf31.pdb,14.840353
scaf138.pdb,scaf32.pdb,11.648759
scaf138.pdb,scaf33.pdb,13.234667
scaf138.pdb,scaf34.pdb,10.105831
scaf138.pdb,scaf35.pdb,12.211729
scaf138.pdb,scaf37.pdb,19.675148
scaf138.pdb,scaf38.pdb,21.017925
scaf138.pdb,scaf4.pdb,12.86577
scaf138.pdb,scaf40.pdb,22.11249
scaf138.pdb,scaf42.pdb,18.347374
scaf138.pdb,scaf44.pdb,15.69715
scaf138.pdb,scaf45.pdb,20.025839
scaf138.pdb,scaf47.pdb,20.557882
scaf138.pdb,scaf48.pdb,11.488818
scaf138.pdb,scaf49.pdb,22.611784
scaf138.pdb,scaf5.pdb,23.652716
scaf138.pdb,scaf50.pdb,14.49915
scaf138.pdb,scaf51.pdb,19.6667
scaf138.pdb,scaf52.pdb,21.708925
scaf138.pdb,scaf53.pdb,19.289799
scaf138.pdb,scaf54.pdb,15.817485
scaf138.pdb,scaf55.pdb,12.972515
scaf138.pdb,scaf56.pdb,14.587878
scaf138.pdb,scaf57.pdb,20.188118
scaf138.pdb,scaf58.pdb,11.490168
scaf138.pdb,scaf59.pdb,18.560398
scaf138.pdb,scaf6.pdb,12.426335
scaf138.pdb,scaf60.pdb,12.751279
scaf138.pdb,scaf61.pdb,21.724417
scaf138.pdb,scaf62.pdb,19.401838
scaf138.pdb,scaf63.pdb,13.522982
scaf138.pdb,scaf64.pdb,12.094286
scaf138.pdb,scaf65.pdb,19.522608
scaf138.pdb,scaf66.pdb,14.406825
scaf138.pdb,scaf67.pdb,20.302397
scaf138.pdb,scaf68.pdb,14.817397
scaf138.pdb,scaf7.pdb,14.757538
scaf138.pdb,scaf70.pdb,15.583564
scaf138.pdb,scaf71.pdb,14.59958
scaf138.pdb,scaf72.pdb,21.08125
scaf138.pdb,scaf74.pdb,22.084518
scaf138.pdb,scaf75.pdb,22.781805
scaf138.pdb,scaf76.pdb,22.259188
scaf138.pdb,scaf77.pdb,14.835904
scaf138.pdb,scaf78.pdb,13.075761
scaf138.pdb,scaf79.pdb,17.015858
scaf138.pdb,scaf8.pdb,18.840319
scaf138.pdb,scaf81.pdb,18.613897
scaf138.pdb,scaf82.pdb,23.526598
scaf138.pdb,scaf83.pdb,16.49861
scaf138.pdb,scaf84.pdb,11.57426
scaf138.pdb,scaf85.pdb,17.442226
scaf138.pdb,scaf86.pdb,21.513224
scaf138.pdb,scaf88.pdb,6.5705996
scaf138.pdb,scaf89.pdb,21.722437
scaf138.pdb,scaf9.pdb,11.862019
scaf138.pdb,scaf90.pdb,19.117708
scaf138.pdb,scaf91.pdb,22.59798
scaf138.pdb,scaf92.pdb,13.024815
scaf138.pdb,scaf93.pdb,14.524383
scaf138.pdb,scaf94.pdb,22.067335
scaf138.pdb,scaf95.pdb,18.96674
scaf138.pdb,scaf96.pdb,18.299322
scaf138.pdb,scaf97.pdb,19.208187
scaf138.pdb,scaf98.pdb,22.704847
scaf138.pdb,scaf99.pdb,21.745792
scaf139.pdb,scaf14.pdb,16.460257
scaf139.pdb,scaf140.pdb,25.467602
scaf139.pdb,scaf141.pdb,15.38427
scaf139.pdb,scaf143.pdb,20.435966
scaf139.pdb,scaf144.pdb,17.342281
scaf139.pdb,scaf145.pdb,9.809535
scaf139.pdb,scaf147.pdb,24.3513
scaf139.pdb,scaf148.pdb,19.14511
scaf139.pdb,scaf149.pdb,15.120937
scaf139.pdb,scaf15.pdb,20.738176
scaf139.pdb,scaf151.pdb,16.650906
scaf139.pdb,scaf153.pdb,16.028463
scaf139.pdb,scaf154.pdb,20.687366
scaf139.pdb,scaf155.pdb,18.929615
scaf139.pdb,scaf156.pdb,16.672953
scaf139.pdb,scaf158.pdb,18.47005
scaf139.pdb,scaf16.pdb,14.028889
scaf139.pdb,scaf162.pdb,21.425224
scaf139.pdb,scaf163.pdb,22.338673
scaf139.pdb,scaf164.pdb,18.756514
scaf139.pdb,scaf166.pdb,20.049488
scaf139.pdb,scaf167.pdb,18.88545
scaf139.pdb,scaf168.pdb,17.429674
scaf139.pdb,scaf169.pdb,12.488391
scaf139.pdb,scaf17.pdb,17.17262
scaf139.pdb,scaf170.pdb,17.017696
scaf139.pdb,scaf171.pdb,16.360409
scaf139.pdb,scaf172.pdb,14.845311
scaf139.pdb,scaf173.pdb,17.262081
scaf139.pdb,scaf174.pdb,21.812382
scaf139.pdb,scaf175.pdb,18.898096
scaf139.pdb,scaf176.pdb,19.33227
scaf139.pdb,scaf177.pdb,20.913137
scaf139.pdb,scaf179.pdb,14.203784
scaf139.pdb,scaf18.pdb,26.10692
scaf139.pdb,scaf19.pdb,17.805847
scaf139.pdb,scaf20.pdb,12.282974
scaf139.pdb,scaf21.pdb,19.349226
scaf139.pdb,scaf22.pdb,19.622116
scaf139.pdb,scaf23.pdb,21.335032
scaf139.pdb,scaf24.pdb,20.322392
scaf139.pdb,scaf26.pdb,18.223763
scaf139.pdb,scaf27.pdb,14.071758
scaf139.pdb,scaf28.pdb,16.747248
scaf139.pdb,scaf29.pdb,21.606611
scaf139.pdb,scaf3.pdb,19.12528
scaf139.pdb,scaf30.pdb,18.49758
scaf139.pdb,scaf31.pdb,20.333178
scaf139.pdb,scaf32.pdb,20.793104
scaf139.pdb,scaf33.pdb,21.181513
scaf139.pdb,scaf34.pdb,18.944286
scaf139.pdb,scaf35.pdb,19.067827
scaf139.pdb,scaf37.pdb,19.163246
scaf139.pdb,scaf38.pdb,14.178661
scaf139.pdb,scaf4.pdb,17.904354
scaf139.pdb,scaf40.pdb,16.417759
scaf139.pdb,scaf42.pdb,20.870504
scaf139.pdb,scaf44.pdb,19.439276
scaf139.pdb,scaf45.pdb,2.904799
scaf139.pdb,scaf47.pdb,18.04027
scaf139.pdb,scaf48.pdb,18.90344
scaf139.pdb,scaf49.pdb,16.904423
scaf139.pdb,scaf5.pdb,20.174314
scaf139.pdb,scaf50.pdb,20.088083
scaf139.pdb,scaf51.pdb,17.653368
scaf139.pdb,scaf52.pdb,16.402805
scaf139.pdb,scaf53.pdb,14.95705
scaf139.pdb,scaf54.pdb,18.601198
scaf139.pdb,scaf55.pdb,18.009722
scaf139.pdb,scaf56.pdb,20.18786
scaf139.pdb,scaf57.pdb,20.91775
scaf139.pdb,scaf58.pdb,18.121998
scaf139.pdb,scaf59.pdb,17.1205
scaf139.pdb,scaf6.pdb,20.668173
scaf139.pdb,scaf60.pdb,18.972946
scaf139.pdb,scaf61.pdb,16.11791
scaf139.pdb,scaf62.pdb,1.1028317
scaf139.pdb,scaf63.pdb,19.463537
scaf139.pdb,scaf64.pdb,19.335665
scaf139.pdb,scaf65.pdb,18.404316
scaf139.pdb,scaf66.pdb,20.584536
scaf139.pdb,scaf67.pdb,18.017687
scaf139.pdb,scaf68.pdb,20.121359
scaf139.pdb,scaf7.pdb,20.17876
scaf139.pdb,scaf70.pdb,21.215261
scaf139.pdb,scaf71.pdb,20.340982
scaf139.pdb,scaf72.pdb,14.099358
scaf139.pdb,scaf74.pdb,15.322882
scaf139.pdb,scaf75.pdb,17.517117
scaf139.pdb,scaf76.pdb,15.85825
scaf139.pdb,scaf77.pdb,20.18782
scaf139.pdb,scaf78.pdb,19.103964
scaf139.pdb,scaf79.pdb,15.280574
scaf139.pdb,scaf8.pdb,15.121286
scaf139.pdb,scaf81.pdb,19.734915
scaf139.pdb,scaf82.pdb,14.776855
scaf139.pdb,scaf83.pdb,19.041508
scaf139.pdb,scaf84.pdb,20.21656
scaf139.pdb,scaf85.pdb,19.786474
scaf139.pdb,scaf86.pdb,13.764671
scaf139.pdb,scaf88.pdb,20.138195
scaf139.pdb,scaf89.pdb,13.8508625
scaf139.pdb,scaf9.pdb,18.935833
scaf139.pdb,scaf90.pdb,9.853543
scaf139.pdb,scaf91.pdb,16.977758
scaf139.pdb,scaf92.pdb,18.777525
scaf139.pdb,scaf93.pdb,20.091812
scaf139.pdb,scaf94.pdb,23.84146
scaf139.pdb,scaf95.pdb,16.895325
scaf139.pdb,scaf96.pdb,19.579544
scaf139.pdb,scaf97.pdb,18.251093
scaf139.pdb,scaf98.pdb,17.427162
scaf139.pdb,scaf99.pdb,13.330784
scaf14.pdb,scaf140.pdb,24.010504
scaf14.pdb,scaf141.pdb,17.952818
scaf14.pdb,scaf143.pdb,22.24559
scaf14.pdb,scaf144.pdb,22.20041
scaf14.pdb,scaf145.pdb,19.610811
scaf14.pdb,scaf147.pdb,22.012112
scaf14.pdb,scaf148.pdb,18.938974
scaf14.pdb,scaf149.pdb,18.620058
scaf14.pdb,scaf15.pdb,24.702427
scaf14.pdb,scaf151.pdb,1.7539115
scaf14.pdb,scaf153.pdb,21.356253
scaf14.pdb,scaf154.pdb,21.805696
scaf14.pdb,scaf155.pdb,23.536896
scaf14.pdb,scaf156.pdb,2.6566577
scaf14.pdb,scaf158.pdb,21.453842
scaf14.pdb,scaf16.pdb,16.828278
scaf14.pdb,scaf162.pdb,20.463037
scaf14.pdb,scaf163.pdb,18.573273
scaf14.pdb,scaf164.pdb,16.892128
scaf14.pdb,scaf166.pdb,23.18405
scaf14.pdb,scaf167.pdb,16.969233
scaf14.pdb,scaf168.pdb,20.623365
scaf14.pdb,scaf169.pdb,17.435469
scaf14.pdb,scaf17.pdb,21.114016
scaf14.pdb,scaf170.pdb,19.765055
scaf14.pdb,scaf171.pdb,1.7343355
scaf14.pdb,scaf172.pdb,16.41402
scaf14.pdb,scaf173.pdb,3.0563488
scaf14.pdb,scaf174.pdb,23.739124
scaf14.pdb,scaf175.pdb,19.533993
scaf14.pdb,scaf176.pdb,24.780172
scaf14.pdb,scaf177.pdb,20.614477
scaf14.pdb,scaf179.pdb,17.779236
scaf14.pdb,scaf18.pdb,21.35266
scaf14.pdb,scaf19.pdb,10.93453
scaf14.pdb,scaf20.pdb,17.804169
scaf14.pdb,scaf21.pdb,19.161293
scaf14.pdb,scaf22.pdb,19.930817
scaf14.pdb,scaf23.pdb,16.087278
scaf14.pdb,scaf24.pdb,22.053476
scaf14.pdb,scaf26.pdb,19.364502
scaf14.pdb,scaf27.pdb,17.138874
scaf14.pdb,scaf28.pdb,1.1106287
scaf14.pdb,scaf29.pdb,23.170444
scaf14.pdb,scaf3.pdb,24.788416
scaf14.pdb,scaf30.pdb,16.932985
scaf14.pdb,scaf31.pdb,21.644192
scaf14.pdb,scaf32.pdb,19.385004
scaf14.pdb,scaf33.pdb,20.552414
scaf14.pdb,scaf34.pdb,21.551424
scaf14.pdb,scaf35.pdb,20.191387
scaf14.pdb,scaf37.pdb,15.673421
scaf14.pdb,scaf38.pdb,17.033121
scaf14.pdb,scaf4.pdb,26.075232
scaf14.pdb,scaf40.pdb,16.102438
scaf14.pdb,scaf42.pdb,19.370626
scaf14.pdb,scaf44.pdb,25.751612
scaf14.pdb,scaf45.pdb,16.891539
scaf14.pdb,scaf47.pdb,19.78878
scaf14.pdb,scaf48.pdb,23.902327
scaf14.pdb,scaf49.pdb,16.959293
scaf14.pdb,scaf5.pdb,20.790892
scaf14.pdb,scaf50.pdb,17.633732
scaf14.pdb,scaf51.pdb,21.21896
scaf14.pdb,scaf52.pdb,20.091871
scaf14.pdb,scaf53.pdb,18.721333
scaf14.pdb,scaf54.pdb,20.626226
scaf14.pdb,scaf55.pdb,26.09449
scaf14.pdb,scaf56.pdb,22.047226
scaf14.pdb,scaf57.pdb,20.04923
scaf14.pdb,scaf58.pdb,20.098711
scaf14.pdb,scaf59.pdb,19.609013
scaf14.pdb,scaf6.pdb,24.688765
scaf14.pdb,scaf60.pdb,25.00316
scaf14.pdb,scaf61.pdb,20.876776
scaf14.pdb,scaf62.pdb,16.336655
scaf14.pdb,scaf63.pdb,24.90923
scaf14.pdb,scaf64.pdb,20.318403
scaf14.pdb,scaf65.pdb,15.223008
scaf14.pdb,scaf66.pdb,21.823118
scaf14.pdb,scaf67.pdb,19.421326
scaf14.pdb,scaf68.pdb,21.862461
scaf14.pdb,scaf7.pdb,22.303848
scaf14.pdb,scaf70.pdb,22.341429
scaf14.pdb,scaf71.pdb,22.191307
scaf14.pdb,scaf72.pdb,17.221298
scaf14.pdb,scaf74.pdb,18.558804
scaf14.pdb,scaf75.pdb,23.153507
scaf14.pdb,scaf76.pdb,13.500568
scaf14.pdb,scaf77.pdb,21.893877
scaf14.pdb,scaf78.pdb,21.696358
scaf14.pdb,scaf79.pdb,16.034712
scaf14.pdb,scaf8.pdb,19.225588
scaf14.pdb,scaf81.pdb,24.208862
scaf14.pdb,scaf82.pdb,19.905247
scaf14.pdb,scaf83.pdb,21.03474
scaf14.pdb,scaf84.pdb,20.295559
scaf14.pdb,scaf85.pdb,24.516624
scaf14.pdb,scaf86.pdb,16.355299
scaf14.pdb,scaf88.pdb,23.07235
scaf14.pdb,scaf89.pdb,15.230369
scaf14.pdb,scaf9.pdb,23.44013
scaf14.pdb,scaf90.pdb,15.869547
scaf14.pdb,scaf91.pdb,16.609127
scaf14.pdb,scaf92.pdb,25.470095
scaf14.pdb,scaf93.pdb,20.732416
scaf14.pdb,scaf94.pdb,14.928477
scaf14.pdb,scaf95.pdb,18.644375
scaf14.pdb,scaf96.pdb,23.477161
scaf14.pdb,scaf97.pdb,19.237452
scaf14.pdb,scaf98.pdb,23.043135
scaf14.pdb,scaf99.pdb,14.874802
scaf140.pdb,scaf141.pdb,20.280787
scaf140.pdb,scaf143.pdb,16.001204
scaf140.pdb,scaf144.pdb,24.856873
scaf140.pdb,scaf145.pdb,23.44298
scaf140.pdb,scaf147.pdb,22.456917
scaf140.pdb,scaf148.pdb,23.305174
scaf140.pdb,scaf149.pdb,19.49621
scaf140.pdb,scaf15.pdb,28.377132
scaf140.pdb,scaf151.pdb,23.689056
scaf140.pdb,scaf153.pdb,22.225864
scaf140.pdb,scaf154.pdb,14.708087
scaf140.pdb,scaf155.pdb,18.86085
scaf140.pdb,scaf156.pdb,23.6031
scaf140.pdb,scaf158.pdb,19.351362
scaf140.pdb,scaf16.pdb,22.957928
scaf140.pdb,scaf162.pdb,22.998415
scaf140.pdb,scaf163.pdb,17.205019
scaf140.pdb,scaf164.pdb,16.121078
scaf140.pdb,scaf166.pdb,18.97278
scaf140.pdb,scaf167.pdb,17.577148
scaf140.pdb,scaf168.pdb,25.16878
scaf140.pdb,scaf169.pdb,29.481524
scaf140.pdb,scaf17.pdb,19.180195
scaf140.pdb,scaf170.pdb,21.911764
scaf140.pdb,scaf171.pdb,23.976187
scaf140.pdb,scaf172.pdb,21.525238
scaf140.pdb,scaf173.pdb,23.177994
scaf140.pdb,scaf174.pdb,13.920538
scaf140.pdb,scaf175.pdb,22.637695
scaf140.pdb,scaf176.pdb,15.857388
scaf140.pdb,scaf177.pdb,17.889923
scaf140.pdb,scaf179.pdb,26.99496
scaf140.pdb,scaf18.pdb,16.491858
scaf140.pdb,scaf19.pdb,24.526302
scaf140.pdb,scaf20.pdb,25.01542
scaf140.pdb,scaf21.pdb,13.785985
scaf140.pdb,scaf22.pdb,19.260992
scaf140.pdb,scaf23.pdb,13.61733
scaf140.pdb,scaf24.pdb,15.269374
scaf140.pdb,scaf26.pdb,24.97485
scaf140.pdb,scaf27.pdb,23.031096
scaf140.pdb,scaf28.pdb,23.86765
scaf140.pdb,scaf29.pdb,14.822088
scaf140.pdb,scaf3.pdb,19.670568
scaf140.pdb,scaf30.pdb,20.491112
scaf140.pdb,scaf31.pdb,15.240785
scaf140.pdb,scaf32.pdb,15.489216
scaf140.pdb,scaf33.pdb,20.738636
scaf140.pdb,scaf34.pdb,19.409023
scaf140.pdb,scaf35.pdb,20.389032
scaf140.pdb,scaf37.pdb,17.682316
scaf140.pdb,scaf38.pdb,28.678492
scaf140.pdb,scaf4.pdb,18.292433
scaf140.pdb,scaf40.pdb,21.90845
scaf140.pdb,scaf42.pdb,18.56931
scaf140.pdb,scaf44.pdb,16.886465
scaf140.pdb,scaf45.pdb,25.698586
scaf140.pdb,scaf47.pdb,19.575565
scaf140.pdb,scaf48.pdb,17.271677
scaf140.pdb,scaf49.pdb,23.101048
scaf140.pdb,scaf5.pdb,24.955732
scaf140.pdb,scaf50.pdb,15.509672
scaf140.pdb,scaf51.pdb,19.221886
scaf140.pdb,scaf52.pdb,22.704079
scaf140.pdb,scaf53.pdb,19.22521
scaf140.pdb,scaf54.pdb,22.431011
scaf140.pdb,scaf55.pdb,18.35302
scaf140.pdb,scaf56.pdb,15.181486
scaf140.pdb,scaf57.pdb,19.547865
scaf140.pdb,scaf58.pdb,19.714767
scaf140.pdb,scaf59.pdb,21.878386
scaf140.pdb,scaf6.pdb,15.563391
scaf140.pdb,scaf60.pdb,19.304968
scaf140.pdb,scaf61.pdb,23.09494
scaf140.pdb,scaf62.pdb,25.349636
scaf140.pdb,scaf63.pdb,19.422834
scaf140.pdb,scaf64.pdb,20.216633
scaf140.pdb,scaf65.pdb,17.777836
scaf140.pdb,scaf66.pdb,14.631732
scaf140.pdb,scaf67.pdb,19.531134
scaf140.pdb,scaf68.pdb,15.290365
scaf140.pdb,scaf7.pdb,15.321164
scaf140.pdb,scaf70.pdb,21.434246
scaf140.pdb,scaf71.pdb,14.9876375
scaf140.pdb,scaf72.pdb,28.880278
scaf140.pdb,scaf74.pdb,24.481573
scaf140.pdb,scaf75.pdb,24.551497
scaf140.pdb,scaf76.pdb,26.030546
scaf140.pdb,scaf77.pdb,15.259998
scaf140.pdb,scaf78.pdb,13.711438
scaf140.pdb,scaf79.pdb,24.152517
scaf140.pdb,scaf8.pdb,19.086813
scaf140.pdb,scaf81.pdb,19.407797
scaf140.pdb,scaf82.pdb,24.979576
scaf140.pdb,scaf83.pdb,18.085388
scaf140.pdb,scaf84.pdb,16.619038
scaf140.pdb,scaf85.pdb,24.736494
scaf140.pdb,scaf86.pdb,22.99748
scaf140.pdb,scaf88.pdb,13.544991
scaf140.pdb,scaf89.pdb,23.250622
scaf140.pdb,scaf9.pdb,18.824251
scaf140.pdb,scaf90.pdb,25.691816
scaf140.pdb,scaf91.pdb,23.042887
scaf140.pdb,scaf92.pdb,20.102005
scaf140.pdb,scaf93.pdb,14.332382
scaf140.pdb,scaf94.pdb,20.814453
scaf140.pdb,scaf95.pdb,23.720078
scaf140.pdb,scaf96.pdb,18.648823
scaf140.pdb,scaf97.pdb,25.300602
scaf140.pdb,scaf98.pdb,24.434546
scaf140.pdb,scaf99.pdb,23.814575
scaf141.pdb,scaf143.pdb,18.613161
scaf141.pdb,scaf144.pdb,17.961473
scaf141.pdb,scaf145.pdb,19.250185
scaf141.pdb,scaf147.pdb,26.901455
scaf141.pdb,scaf148.pdb,26.93311
scaf141.pdb,scaf149.pdb,6.959796
scaf141.pdb,scaf15.pdb,27.372757
scaf141.pdb,scaf151.pdb,17.446362
scaf141.pdb,scaf153.pdb,11.040753
scaf141.pdb,scaf154.pdb,18.687098
scaf141.pdb,scaf155.pdb,23.540726
scaf141.pdb,scaf156.pdb,17.66005
scaf141.pdb,scaf158.pdb,14.69791
scaf141.pdb,scaf16.pdb,14.700404
scaf141.pdb,scaf162.pdb,25.413464
scaf141.pdb,scaf163.pdb,17.289179
scaf141.pdb,scaf164.pdb,16.237421
scaf141.pdb,scaf166.pdb,24.90254
scaf141.pdb,scaf167.pdb,11.198479
scaf141.pdb,scaf168.pdb,25.42339
scaf141.pdb,scaf169.pdb,22.84428
scaf141.pdb,scaf17.pdb,19.273958
scaf141.pdb,scaf170.pdb,19.454449
scaf141.pdb,scaf171.pdb,17.374271
scaf141.pdb,scaf172.pdb,11.674209
scaf141.pdb,scaf173.pdb,17.378904
scaf141.pdb,scaf174.pdb,19.763863
scaf141.pdb,scaf175.pdb,26.473866
scaf141.pdb,scaf176.pdb,19.753204
scaf141.pdb,scaf177.pdb,22.65978
scaf141.pdb,scaf179.pdb,13.939356
scaf141.pdb,scaf18.pdb,23.876064
scaf141.pdb,scaf19.pdb,20.665224
scaf141.pdb,scaf20.pdb,22.6154
scaf141.pdb,scaf21.pdb,18.369694
scaf141.pdb,scaf22.pdb,23.07792
scaf141.pdb,scaf23.pdb,19.473389
scaf141.pdb,scaf24.pdb,18.960716
scaf141.pdb,scaf26.pdb,25.408197
scaf141.pdb,scaf27.pdb,14.823324
scaf141.pdb,scaf28.pdb,18.149103
scaf141.pdb,scaf29.pdb,18.80961
scaf141.pdb,scaf3.pdb,23.662117
scaf141.pdb,scaf30.pdb,24.088547
scaf141.pdb,scaf31.pdb,18.508099
scaf141.pdb,scaf32.pdb,23.707712
scaf141.pdb,scaf33.pdb,26.594667
scaf141.pdb,scaf34.pdb,24.365301
scaf141.pdb,scaf35.pdb,23.949442
scaf141.pdb,scaf37.pdb,17.849394
scaf141.pdb,scaf38.pdb,21.951971
scaf141.pdb,scaf4.pdb,21.458824
scaf141.pdb,scaf40.pdb,14.112627
scaf141.pdb,scaf42.pdb,19.810993
scaf141.pdb,scaf44.pdb,19.161022
scaf141.pdb,scaf45.pdb,15.815794
scaf141.pdb,scaf47.pdb,13.023892
scaf141.pdb,scaf48.pdb,21.674067
scaf141.pdb,scaf49.pdb,13.563707
scaf141.pdb,scaf5.pdb,24.980034
scaf141.pdb,scaf50.pdb,20.00113
scaf141.pdb,scaf51.pdb,12.795187
scaf141.pdb,scaf52.pdb,13.195271
scaf141.pdb,scaf53.pdb,6.550163
scaf141.pdb,scaf54.pdb,22.435347
scaf141.pdb,scaf55.pdb,21.485592
scaf141.pdb,scaf56.pdb,18.771214
scaf141.pdb,scaf57.pdb,14.2035055
scaf141.pdb,scaf58.pdb,23.482065
scaf141.pdb,scaf59.pdb,19.760658
scaf141.pdb,scaf6.pdb,20.528309
scaf141.pdb,scaf60.pdb,23.244165
scaf141.pdb,scaf61.pdb,16.406261
scaf141.pdb,scaf62.pdb,15.168825
scaf141.pdb,scaf63.pdb,22.883654
scaf141.pdb,scaf64.pdb,23.916431
scaf141.pdb,scaf65.pdb,17.62895
scaf141.pdb,scaf66.pdb,18.65264
scaf141.pdb,scaf67.pdb,10.948029
scaf141.pdb,scaf68.pdb,18.812466
scaf141.pdb,scaf7.pdb,19.074316
scaf141.pdb,scaf70.pdb,19.841368
scaf141.pdb,scaf71.pdb,18.890488
scaf141.pdb,scaf72.pdb,22.35783
scaf141.pdb,scaf74.pdb,17.253124
scaf141.pdb,scaf75.pdb,18.047167
scaf141.pdb,scaf76.pdb,22.303652
scaf141.pdb,scaf77.pdb,18.689522
scaf141.pdb,scaf78.pdb,16.733501
scaf141.pdb,scaf79.pdb,22.369207
scaf141.pdb,scaf8.pdb,6.5548787
scaf141.pdb,scaf81.pdb,17.465464
scaf141.pdb,scaf82.pdb,17.093634
scaf141.pdb,scaf83.pdb,20.114325
scaf141.pdb,scaf84.pdb,24.368221
scaf141.pdb,scaf85.pdb,28.363176
scaf141.pdb,scaf86.pdb,14.3716345
scaf141.pdb,scaf88.pdb,20.828886
scaf141.pdb,scaf89.pdb,14.368381
scaf141.pdb,scaf9.pdb,23.482008
scaf141.pdb,scaf90.pdb,19.861305
scaf141.pdb,scaf91.pdb,13.313016
scaf141.pdb,scaf92.pdb,24.144037
scaf141.pdb,scaf93.pdb,18.303148
scaf141.pdb,scaf94.pdb,17.73544
scaf141.pdb,scaf95.pdb,23.43846
scaf141.pdb,scaf96.pdb,16.64443
scaf141.pdb,scaf97.pdb,25.249544
scaf141.pdb,scaf98.pdb,17.919006
scaf141.pdb,scaf99.pdb,17.813921
scaf143.pdb,scaf144.pdb,16.110542
scaf143.pdb,scaf145.pdb,19.998198
scaf143.pdb,scaf147.pdb,21.615059
scaf143.pdb,scaf148.pdb,21.600561
scaf143.pdb,scaf149.pdb,17.198952
scaf143.pdb,scaf15.pdb,24.955595
scaf143.pdb,scaf151.pdb,21.94903
scaf143.pdb,scaf153.pdb,19.815552
scaf143.pdb,scaf154.pdb,3.5951753
scaf143.pdb,scaf155.pdb,16.064772
scaf143.pdb,scaf156.pdb,21.645748
scaf143.pdb,scaf158.pdb,13.931293
scaf143.pdb,scaf16.pdb,19.018042
scaf143.pdb,scaf162.pdb,19.289568
scaf143.pdb,scaf163.pdb,18.093721
scaf143.pdb,scaf164.pdb,16.676662
scaf143.pdb,scaf166.pdb,18.772797
scaf143.pdb,scaf167.pdb,16.345167
scaf143.pdb,scaf168.pdb,22.559845
scaf143.pdb,scaf169.pdb,23.762394
scaf143.pdb,scaf17.pdb,16.219824
scaf143.pdb,scaf170.pdb,19.020267
scaf143.pdb,scaf171.pdb,21.850477
scaf143.pdb,scaf172.pdb,18.407305
scaf143.pdb,scaf173.pdb,21.676804
scaf143.pdb,scaf174.pdb,13.574183
scaf143.pdb,scaf175.pdb,21.07512
scaf143.pdb,scaf176.pdb,12.101454
scaf143.pdb,scaf177.pdb,15.977559
scaf143.pdb,scaf179.pdb,21.271559
scaf143.pdb,scaf18.pdb,17.54083
scaf143.pdb,scaf19.pdb,22.70228
scaf143.pdb,scaf20.pdb,21.953335
scaf143.pdb,scaf21.pdb,9.406887
scaf143.pdb,scaf22.pdb,17.311083
scaf143.pdb,scaf23.pdb,16.232655
scaf143.pdb,scaf24.pdb,3.5623448
scaf143.pdb,scaf26.pdb,22.182846
scaf143.pdb,scaf27.pdb,18.805815
scaf143.pdb,scaf28.pdb,22.329466
scaf143.pdb,scaf29.pdb,11.755407
scaf143.pdb,scaf3.pdb,15.673209
scaf143.pdb,scaf30.pdb,19.712664
scaf143.pdb,scaf31.pdb,2.4038687
scaf143.pdb,scaf32.pdb,12.290727
scaf143.pdb,scaf33.pdb,19.923481
scaf143.pdb,scaf34.pdb,18.420986
scaf143.pdb,scaf35.pdb,20.565264
scaf143.pdb,scaf37.pdb,18.249632
scaf143.pdb,scaf38.pdb,23.012308
scaf143.pdb,scaf4.pdb,15.0967865
scaf143.pdb,scaf40.pdb,15.8982
scaf143.pdb,scaf42.pdb,15.424854
scaf143.pdb,scaf44.pdb,11.775364
scaf143.pdb,scaf45.pdb,20.849815
scaf143.pdb,scaf47.pdb,15.283925
scaf143.pdb,scaf48.pdb,13.935758
scaf143.pdb,scaf49.pdb,19.366177
scaf143.pdb,scaf5.pdb,20.364113
scaf143.pdb,scaf50.pdb,14.134848
scaf143.pdb,scaf51.pdb,15.806921
scaf143.pdb,scaf52.pdb,16.114601
scaf143.pdb,scaf53.pdb,16.63588
scaf143.pdb,scaf54.pdb,18.219559
scaf143.pdb,scaf55.pdb,14.963046
scaf143.pdb,scaf56.pdb,4.0098557
scaf143.pdb,scaf57.pdb,16.115181
scaf143.pdb,scaf58.pdb,20.326143
scaf143.pdb,scaf59.pdb,19.259434
scaf143.pdb,scaf6.pdb,13.755037
scaf143.pdb,scaf60.pdb,15.055311
scaf143.pdb,scaf61.pdb,15.435384
scaf143.pdb,scaf62.pdb,20.707998
scaf143.pdb,scaf63.pdb,14.393571
scaf143.pdb,scaf64.pdb,20.767763
scaf143.pdb,scaf65.pdb,18.083344
scaf143.pdb,scaf66.pdb,3.6384814
scaf143.pdb,scaf67.pdb,16.569685
scaf143.pdb,scaf68.pdb,3.374323
scaf143.pdb,scaf7.pdb,3.601984
scaf143.pdb,scaf70.pdb,19.112421
scaf143.pdb,scaf71.pdb,3.6139123
scaf143.pdb,scaf72.pdb,23.159739
scaf143.pdb,scaf74.pdb,18.314302
scaf143.pdb,scaf75.pdb,15.872092
scaf143.pdb,scaf76.pdb,21.138363
scaf143.pdb,scaf77.pdb,3.1470804
scaf143.pdb,scaf78.pdb,13.938113
scaf143.pdb,scaf79.pdb,20.55287
scaf143.pdb,scaf8.pdb,16.522173
scaf143.pdb,scaf81.pdb,15.527693
scaf143.pdb,scaf82.pdb,17.303652
scaf143.pdb,scaf83.pdb,14.186489
scaf143.pdb,scaf84.pdb,15.684448
scaf143.pdb,scaf85.pdb,21.513096
scaf143.pdb,scaf86.pdb,18.927092
scaf143.pdb,scaf88.pdb,13.194321
scaf143.pdb,scaf89.pdb,19.27121
scaf143.pdb,scaf9.pdb,15.935217
scaf143.pdb,scaf90.pdb,21.681871
scaf143.pdb,scaf91.pdb,19.359673
scaf143.pdb,scaf92.pdb,17.176912
scaf143.pdb,scaf93.pdb,5.2936935
scaf143.pdb,scaf94.pdb,21.2641
scaf143.pdb,scaf95.pdb,25.390995
scaf143.pdb,scaf96.pdb,15.063928
scaf143.pdb,scaf97.pdb,22.236805
scaf143.pdb,scaf98.pdb,15.752526
scaf143.pdb,scaf99.pdb,19.635052
scaf144.pdb,scaf145.pdb,20.27232
scaf144.pdb,scaf147.pdb,26.50013
scaf144.pdb,scaf148.pdb,24.220863
scaf144.pdb,scaf149.pdb,17.11433
scaf144.pdb,scaf15.pdb,24.80936
scaf144.pdb,scaf151.pdb,21.73506
scaf144.pdb,scaf153.pdb,15.700451
scaf144.pdb,scaf154.pdb,16.436907
scaf144.pdb,scaf155.pdb,24.603334
scaf144.pdb,scaf156.pdb,21.765062
scaf144.pdb,scaf158.pdb,12.394291
scaf144.pdb,scaf16.pdb,13.036282
scaf144.pdb,scaf162.pdb,24.365074
scaf144.pdb,scaf163.pdb,21.635944
scaf144.pdb,scaf164.pdb,20.682737
scaf144.pdb,scaf166.pdb,24.944849
scaf144.pdb,scaf167.pdb,19.416872
scaf144.pdb,scaf168.pdb,24.327908
scaf144.pdb,scaf169.pdb,21.897957
scaf144.pdb,scaf17.pdb,17.520882
scaf144.pdb,scaf170.pdb,14.908708
scaf144.pdb,scaf171.pdb,21.801275
scaf144.pdb,scaf172.pdb,13.331944
scaf144.pdb,scaf173.pdb,22.234411
scaf144.pdb,scaf174.pdb,19.968151
scaf144.pdb,scaf175.pdb,25.063194
scaf144.pdb,scaf176.pdb,15.983023
scaf144.pdb,scaf177.pdb,23.072134
scaf144.pdb,scaf179.pdb,15.529346
scaf144.pdb,scaf18.pdb,24.351278
scaf144.pdb,scaf19.pdb,21.645327
scaf144.pdb,scaf20.pdb,21.079618
scaf144.pdb,scaf21.pdb,18.40691
scaf144.pdb,scaf22.pdb,23.134035
scaf144.pdb,scaf23.pdb,22.538513
scaf144.pdb,scaf24.pdb,16.103973
scaf144.pdb,scaf26.pdb,24.092367
scaf144.pdb,scaf27.pdb,12.634867
scaf144.pdb,scaf28.pdb,22.41895
scaf144.pdb,scaf29.pdb,16.517805
scaf144.pdb,scaf3.pdb,24.430086
scaf144.pdb,scaf30.pdb,22.794786
scaf144.pdb,scaf31.pdb,16.365177
scaf144.pdb,scaf32.pdb,23.110533
scaf144.pdb,scaf33.pdb,25.899332
scaf144.pdb,scaf34.pdb,25.15883
scaf144.pdb,scaf35.pdb,24.771961
scaf144.pdb,scaf37.pdb,23.57377
scaf144.pdb,scaf38.pdb,23.278105
scaf144.pdb,scaf4.pdb,22.272863
scaf144.pdb,scaf40.pdb,13.376407
scaf144.pdb,scaf42.pdb,18.994137
scaf144.pdb,scaf44.pdb,14.496874
scaf144.pdb,scaf45.pdb,17.105602
scaf144.pdb,scaf47.pdb,16.339703
scaf144.pdb,scaf48.pdb,25.03614
scaf144.pdb,scaf49.pdb,16.294909
scaf144.pdb,scaf5.pdb,23.397686
scaf144.pdb,scaf50.pdb,21.757751
scaf144.pdb,scaf51.pdb,16.272465
scaf144.pdb,scaf52.pdb,13.04395
scaf144.pdb,scaf53.pdb,16.597971
scaf144.pdb,scaf54.pdb,20.517815
scaf144.pdb,scaf55.pdb,22.20757
scaf144.pdb,scaf56.pdb,16.498398
scaf144.pdb,scaf57.pdb,15.329214
scaf144.pdb,scaf58.pdb,24.747738
scaf144.pdb,scaf59.pdb,15.421618
scaf144.pdb,scaf6.pdb,20.611248
scaf144.pdb,scaf60.pdb,24.140938
scaf144.pdb,scaf61.pdb,4.822396
scaf144.pdb,scaf62.pdb,17.611403
scaf144.pdb,scaf63.pdb,23.879059
scaf144.pdb,scaf64.pdb,25.419506
scaf144.pdb,scaf65.pdb,22.919312
scaf144.pdb,scaf66.pdb,16.40315
scaf144.pdb,scaf67.pdb,15.254976
scaf144.pdb,scaf68.pdb,16.27733
scaf144.pdb,scaf7.pdb,16.07973
scaf144.pdb,scaf70.pdb,26.438883
scaf144.pdb,scaf71.pdb,16.195166
scaf144.pdb,scaf72.pdb,23.32649
scaf144.pdb,scaf74.pdb,10.686747
scaf144.pdb,scaf75.pdb,3.8499804
scaf144.pdb,scaf76.pdb,18.37169
scaf144.pdb,scaf77.pdb,16.35496
scaf144.pdb,scaf78.pdb,20.085154
scaf144.pdb,scaf79.pdb,24.599451
scaf144.pdb,scaf8.pdb,16.606014
scaf144.pdb,scaf81.pdb,18.976446
scaf144.pdb,scaf82.pdb,7.4507885
scaf144.pdb,scaf83.pdb,16.342934
scaf144.pdb,scaf84.pdb,23.184381
scaf144.pdb,scaf85.pdb,24.972572
scaf144.pdb,scaf86.pdb,12.980763
scaf144.pdb,scaf88.pdb,21.967546
scaf144.pdb,scaf89.pdb,13.696828
scaf144.pdb,scaf9.pdb,24.59182
scaf144.pdb,scaf90.pdb,18.595278
scaf144.pdb,scaf91.pdb,16.356398
scaf144.pdb,scaf92.pdb,24.946829
scaf144.pdb,scaf93.pdb,17.544535
scaf144.pdb,scaf94.pdb,25.741795
scaf144.pdb,scaf95.pdb,25.298061
scaf144.pdb,scaf96.pdb,19.530247
scaf144.pdb,scaf97.pdb,23.61642
scaf144.pdb,scaf98.pdb,3.8605506
scaf144.pdb,scaf99.pdb,15.29436
scaf145.pdb,scaf147.pdb,21.30342
scaf145.pdb,scaf148.pdb,19.428911
scaf145.pdb,scaf149.pdb,19.66737
scaf145.pdb,scaf15.pdb,21.190681
scaf145.pdb,scaf151.pdb,19.45807
scaf145.pdb,scaf153.pdb,17.241552
scaf145.pdb,scaf154.pdb,19.915607
scaf145.pdb,scaf155.pdb,18.745241
scaf145.pdb,scaf156.pdb,19.666681
scaf145.pdb,scaf158.pdb,18.237844
scaf145.pdb,scaf16.pdb,16.593767
scaf145.pdb,scaf162.pdb,20.398142
scaf145.pdb,scaf163.pdb,19.067759
scaf145.pdb,scaf164.pdb,18.924355
scaf145.pdb,scaf166.pdb,18.075518
scaf145.pdb,scaf167.pdb,21.65397
scaf145.pdb,scaf168.pdb,17.45534
scaf145.pdb,scaf169.pdb,16.496891
scaf145.pdb,scaf17.pdb,19.603224
scaf145.pdb,scaf170.pdb,15.755589
scaf145.pdb,scaf171.pdb,19.500154
scaf145.pdb,scaf172.pdb,16.131681
scaf145.pdb,scaf173.pdb,19.612438
scaf145.pdb,scaf174.pdb,17.56279
scaf145.pdb,scaf175.pdb,19.383018
scaf145.pdb,scaf176.pdb,17.106266
scaf145.pdb,scaf177.pdb,21.803444
scaf145.pdb,scaf179.pdb,19.59233
scaf145.pdb,scaf18.pdb,27.682575
scaf145.pdb,scaf19.pdb,20.541267
scaf145.pdb,scaf20.pdb,17.617035
scaf145.pdb,scaf21.pdb,16.576397
scaf145.pdb,scaf22.pdb,19.074238
scaf145.pdb,scaf23.pdb,19.863144
scaf145.pdb,scaf24.pdb,20.109877
scaf145.pdb,scaf26.pdb,18.483292
scaf145.pdb,scaf27.pdb,16.604841
scaf145.pdb,scaf28.pdb,19.804844
scaf145.pdb,scaf29.pdb,18.529842
scaf145.pdb,scaf3.pdb,19.289108
scaf145.pdb,scaf30.pdb,19.471506
scaf145.pdb,scaf31.pdb,20.335253
scaf145.pdb,scaf32.pdb,19.864655
scaf145.pdb,scaf33.pdb,19.206697
scaf145.pdb,scaf34.pdb,16.142838
scaf145.pdb,scaf35.pdb,15.984771
scaf145.pdb,scaf37.pdb,20.26716
scaf145.pdb,scaf38.pdb,18.446964
scaf145.pdb,scaf4.pdb,18.53994
scaf145.pdb,scaf40.pdb,19.257008
scaf145.pdb,scaf42.pdb,21.317616
scaf145.pdb,scaf44.pdb,18.483786
scaf145.pdb,scaf45.pdb,11.2794285
scaf145.pdb,scaf47.pdb,19.503424
scaf145.pdb,scaf48.pdb,19.301409
scaf145.pdb,scaf49.pdb,18.965961
scaf145.pdb,scaf5.pdb,23.44315
scaf145.pdb,scaf50.pdb,20.584776
scaf145.pdb,scaf51.pdb,17.05025
scaf145.pdb,scaf52.pdb,19.10735
scaf145.pdb,scaf53.pdb,18.954865
scaf145.pdb,scaf54.pdb,17.420145
scaf145.pdb,scaf55.pdb,18.500208
scaf145.pdb,scaf56.pdb,19.943516
scaf145.pdb,scaf57.pdb,18.836782
scaf145.pdb,scaf58.pdb,15.767004
scaf145.pdb,scaf59.pdb,15.80869
scaf145.pdb,scaf6.pdb,19.225304
scaf145.pdb,scaf60.pdb,18.928246
scaf145.pdb,scaf61.pdb,19.532736
scaf145.pdb,scaf62.pdb,10.424562
scaf145.pdb,scaf63.pdb,19.385933
scaf145.pdb,scaf64.pdb,16.8912
scaf145.pdb,scaf65.pdb,19.694809
scaf145.pdb,scaf66.pdb,19.784035
scaf145.pdb,scaf67.pdb,18.409893
scaf145.pdb,scaf68.pdb,20.181038
scaf145.pdb,scaf7.pdb,19.909346
scaf145.pdb,scaf70.pdb,18.145311
scaf145.pdb,scaf71.pdb,19.725533
scaf145.pdb,scaf72.pdb,18.039776
scaf145.pdb,scaf74.pdb,15.432775
scaf145.pdb,scaf75.pdb,20.244692
scaf145.pdb,scaf76.pdb,21.376347
scaf145.pdb,scaf77.pdb,20.022808
scaf145.pdb,scaf78.pdb,18.949598
scaf145.pdb,scaf79.pdb,18.841202
scaf145.pdb,scaf8.pdb,18.248045
scaf145.pdb,scaf81.pdb,16.707151
scaf145.pdb,scaf82.pdb,18.535908
scaf145.pdb,scaf83.pdb,17.982992
scaf145.pdb,scaf84.pdb,19.338318
scaf145.pdb,scaf85.pdb,19.06607
scaf145.pdb,scaf86.pdb,16.33162
scaf145.pdb,scaf88.pdb,18.102621
scaf145.pdb,scaf89.pdb,16.292149
scaf145.pdb,scaf9.pdb,18.737303
scaf145.pdb,scaf90.pdb,15.593121
scaf145.pdb,scaf91.pdb,19.06044
scaf145.pdb,scaf92.pdb,19.308588
scaf145.pdb,scaf93.pdb,20.963037
scaf145.pdb,scaf94.pdb,22.657333
scaf145.pdb,scaf95.pdb,17.657902
scaf145.pdb,scaf96.pdb,17.151625
scaf145.pdb,scaf97.pdb,18.652895
scaf145.pdb,scaf98.pdb,20.18558
scaf145.pdb,scaf99.pdb,18.976446
scaf147.pdb,scaf148.pdb,13.639745
scaf147.pdb,scaf149.pdb,28.046362
scaf147.pdb,scaf15.pdb,24.176395
scaf147.pdb,scaf151.pdb,22.17605
scaf147.pdb,scaf153.pdb,27.942463
scaf147.pdb,scaf154.pdb,20.723387
scaf147.pdb,scaf155.pdb,19.640535
scaf147.pdb,scaf156.pdb,22.044369
scaf147.pdb,scaf158.pdb,26.899256
scaf147.pdb,scaf16.pdb,26.59176
scaf147.pdb,scaf162.pdb,10.315653
scaf147.pdb,scaf163.pdb,22.721386
scaf147.pdb,scaf164.pdb,23.645477
scaf147.pdb,scaf166.pdb,18.340002
scaf147.pdb,scaf167.pdb,26.912655
scaf147.pdb,scaf168.pdb,17.258293
scaf147.pdb,scaf169.pdb,19.298029
scaf147.pdb,scaf17.pdb,21.638922
scaf147.pdb,scaf170.pdb,23.20893
scaf147.pdb,scaf171.pdb,22.180672
scaf147.pdb,scaf172.pdb,26.76496
scaf147.pdb,scaf173.pdb,22.156916
scaf147.pdb,scaf174.pdb,18.944765
scaf147.pdb,scaf175.pdb,11.105009
scaf147.pdb,scaf176.pdb,21.082792
scaf147.pdb,scaf177.pdb,16.706635
scaf147.pdb,scaf179.pdb,26.667921
scaf147.pdb,scaf18.pdb,22.882149
scaf147.pdb,scaf19.pdb,24.350183
scaf147.pdb,scaf20.pdb,17.891811
scaf147.pdb,scaf21.pdb,19.7135
scaf147.pdb,scaf22.pdb,14.875972
scaf147.pdb,scaf23.pdb,21.834812
scaf147.pdb,scaf24.pdb,21.50501
scaf147.pdb,scaf26.pdb,16.667864
scaf147.pdb,scaf27.pdb,26.676327
scaf147.pdb,scaf28.pdb,21.938698
scaf147.pdb,scaf29.pdb,20.90089
scaf147.pdb,scaf3.pdb,20.910378
scaf147.pdb,scaf30.pdb,20.108774
scaf147.pdb,scaf31.pdb,21.12913
scaf147.pdb,scaf32.pdb,15.80695
scaf147.pdb,scaf33.pdb,12.96272
scaf147.pdb,scaf34.pdb,15.048368
scaf147.pdb,scaf35.pdb,18.07352
scaf147.pdb,scaf37.pdb,21.96659
scaf147.pdb,scaf38.pdb,18.71619
scaf147.pdb,scaf4.pdb,23.688879
scaf147.pdb,scaf40.pdb,26.88043
scaf147.pdb,scaf42.pdb,19.122194
scaf147.pdb,scaf44.pdb,25.48695
scaf147.pdb,scaf45.pdb,25.582737
scaf147.pdb,scaf47.pdb,24.85554
scaf147.pdb,scaf48.pdb,22.262676
scaf147.pdb,scaf49.pdb,26.202644
scaf147.pdb,scaf5.pdb,22.230879
scaf147.pdb,scaf50.pdb,20.12319
scaf147.pdb,scaf51.pdb,25.095852
scaf147.pdb,scaf52.pdb,25.448074
scaf147.pdb,scaf53.pdb,27.717165
scaf147.pdb,scaf54.pdb,17.137356
scaf147.pdb,scaf55.pdb,23.820171
scaf147.pdb,scaf56.pdb,21.015358
scaf147.pdb,scaf57.pdb,25.506662
scaf147.pdb,scaf58.pdb,17.16081
scaf147.pdb,scaf59.pdb,23.154947
scaf147.pdb,scaf6.pdb,25.163591
scaf147.pdb,scaf60.pdb,21.223846
scaf147.pdb,scaf61.pdb,25.38673
scaf147.pdb,scaf62.pdb,24.546112
scaf147.pdb,scaf63.pdb,21.6053
scaf147.pdb,scaf64.pdb,17.247374
scaf147.pdb,scaf65.pdb,22.2077
scaf147.pdb,scaf66.pdb,20.64731
scaf147.pdb,scaf67.pdb,25.637268
scaf147.pdb,scaf68.pdb,21.13606
scaf147.pdb,scaf7.pdb,21.714523
scaf147.pdb,scaf70.pdb,18.08995
scaf147.pdb,scaf71.pdb,21.654722
scaf147.pdb,scaf72.pdb,18.812565
scaf147.pdb,scaf74.pdb,27.023693
scaf147.pdb,scaf75.pdb,26.895092
scaf147.pdb,scaf76.pdb,18.855703
scaf147.pdb,scaf77.pdb,21.32146
scaf147.pdb,scaf78.pdb,24.156454
scaf147.pdb,scaf79.pdb,15.731882
scaf147.pdb,scaf8.pdb,27.470467
scaf147.pdb,scaf81.pdb,23.851149
scaf147.pdb,scaf82.pdb,27.572622
scaf147.pdb,scaf83.pdb,25.823917
scaf147.pdb,scaf84.pdb,18.19364
scaf147.pdb,scaf85.pdb,18.581203
scaf147.pdb,scaf86.pdb,26.271704
scaf147.pdb,scaf88.pdb,19.298012
scaf147.pdb,scaf89.pdb,25.836632
scaf147.pdb,scaf9.pdb,19.559376
scaf147.pdb,scaf90.pdb,23.011786
scaf147.pdb,scaf91.pdb,26.069632
scaf147.pdb,scaf92.pdb,22.249006
scaf147.pdb,scaf93.pdb,19.696331
scaf147.pdb,scaf94.pdb,22.739487
scaf147.pdb,scaf95.pdb,16.840372
scaf147.pdb,scaf96.pdb,24.34571
scaf147.pdb,scaf97.pdb,16.551403
scaf147.pdb,scaf98.pdb,26.832674
scaf147.pdb,scaf99.pdb,21.8202
scaf148.pdb,scaf149.pdb,27.52749
scaf148.pdb,scaf15.pdb,18.372757
scaf148.pdb,scaf151.pdb,19.153381
scaf148.pdb,scaf153.pdb,27.307312
scaf148.pdb,scaf154.pdb,21.00018
scaf148.pdb,scaf155.pdb,20.460619
scaf148.pdb,scaf156.pdb,18.933544
scaf148.pdb,scaf158.pdb,26.242804
scaf148.pdb,scaf16.pdb,22.85857
scaf148.pdb,scaf162.pdb,15.213649
scaf148.pdb,scaf163.pdb,22.526287
scaf148.pdb,scaf164.pdb,21.699633
scaf148.pdb,scaf166.pdb,17.878942
scaf148.pdb,scaf167.pdb,26.516098
scaf148.pdb,scaf168.pdb,14.420567
scaf148.pdb,scaf169.pdb,18.589622
scaf148.pdb,scaf17.pdb,20.429071
scaf148.pdb,scaf170.pdb,19.88973
scaf148.pdb,scaf171.pdb,19.324783
scaf148.pdb,scaf172.pdb,24.24914
scaf148.pdb,scaf173.pdb,18.906027
scaf148.pdb,scaf174.pdb,21.354836
scaf148.pdb,scaf175.pdb,4.1536565
scaf148.pdb,scaf176.pdb,19.958998
scaf148.pdb,scaf177.pdb,19.313309
scaf148.pdb,scaf179.pdb,24.689552
scaf148.pdb,scaf18.pdb,23.673643
scaf148.pdb,scaf19.pdb,18.83856
scaf148.pdb,scaf20.pdb,14.985898
scaf148.pdb,scaf21.pdb,18.399296
scaf148.pdb,scaf22.pdb,15.975943
scaf148.pdb,scaf23.pdb,20.420553
scaf148.pdb,scaf24.pdb,21.333467
scaf148.pdb,scaf26.pdb,12.960957
scaf148.pdb,scaf27.pdb,23.02681
scaf148.pdb,scaf28.pdb,18.853619
scaf148.pdb,scaf29.pdb,21.865393
scaf148.pdb,scaf3.pdb,21.195908
scaf148.pdb,scaf30.pdb,15.355228
scaf148.pdb,scaf31.pdb,21.32829
scaf148.pdb,scaf32.pdb,15.27369
scaf148.pdb,scaf33.pdb,11.261164
scaf148.pdb,scaf34.pdb,14.422819
scaf148.pdb,scaf35.pdb,15.711512
scaf148.pdb,scaf37.pdb,22.507877
scaf148.pdb,scaf38.pdb,18.814066
scaf148.pdb,scaf4.pdb,23.77056
scaf148.pdb,scaf40.pdb,24.5856
scaf148.pdb,scaf42.pdb,19.887564
scaf148.pdb,scaf44.pdb,24.023565
scaf148.pdb,scaf45.pdb,20.019665
scaf148.pdb,scaf47.pdb,26.330355
scaf148.pdb,scaf48.pdb,21.351683
scaf148.pdb,scaf49.pdb,23.754395
scaf148.pdb,scaf5.pdb,23.109198
scaf148.pdb,scaf50.pdb,18.494812
scaf148.pdb,scaf51.pdb,25.877209
scaf148.pdb,scaf52.pdb,25.734585
scaf148.pdb,scaf53.pdb,26.889322
scaf148.pdb,scaf54.pdb,15.566931
scaf148.pdb,scaf55.pdb,23.779325
scaf148.pdb,scaf56.pdb,21.318127
scaf148.pdb,scaf57.pdb,26.203053
scaf148.pdb,scaf58.pdb,15.556826
scaf148.pdb,scaf59.pdb,19.698935
scaf148.pdb,scaf6.pdb,23.415497
scaf148.pdb,scaf60.pdb,21.47674
scaf148.pdb,scaf61.pdb,24.095291
scaf148.pdb,scaf62.pdb,19.31702
scaf148.pdb,scaf63.pdb,21.713434
scaf148.pdb,scaf64.pdb,15.664003
scaf148.pdb,scaf65.pdb,22.144659
scaf148.pdb,scaf66.pdb,20.881704
scaf148.pdb,scaf67.pdb,26.730577
scaf148.pdb,scaf68.pdb,21.061749
scaf148.pdb,scaf7.pdb,21.345778
scaf148.pdb,scaf70.pdb,19.931915
scaf148.pdb,scaf71.pdb,21.36015
scaf148.pdb,scaf72.pdb,18.631723
scaf148.pdb,scaf74.pdb,22.473421
scaf148.pdb,scaf75.pdb,24.730242
scaf148.pdb,scaf76.pdb,14.823611
scaf148.pdb,scaf77.pdb,21.241693
scaf148.pdb,scaf78.pdb,23.332542
scaf148.pdb,scaf79.pdb,13.810352
scaf148.pdb,scaf8.pdb,26.73341
scaf148.pdb,scaf81.pdb,25.749228
scaf148.pdb,scaf82.pdb,24.836763
scaf148.pdb,scaf83.pdb,22.103333
scaf148.pdb,scaf84.pdb,17.098778
scaf148.pdb,scaf85.pdb,15.17322
scaf148.pdb,scaf86.pdb,22.945934
scaf148.pdb,scaf88.pdb,19.089699
scaf148.pdb,scaf89.pdb,22.703522
scaf148.pdb,scaf9.pdb,20.384703
scaf148.pdb,scaf90.pdb,17.543446
scaf148.pdb,scaf91.pdb,23.775215
scaf148.pdb,scaf92.pdb,20.87681
scaf148.pdb,scaf93.pdb,20.334454
scaf148.pdb,scaf94.pdb,23.53538
scaf148.pdb,scaf95.pdb,14.646181
scaf148.pdb,scaf96.pdb,25.828978
scaf148.pdb,scaf97.pdb,13.017004
scaf148.pdb,scaf98.pdb,24.719995
scaf148.pdb,scaf99.pdb,19.116917
scaf149.pdb,scaf15.pdb,27.725597
scaf149.pdb,scaf151.pdb,18.273893
scaf149.pdb,scaf153.pdb,12.768625
scaf149.pdb,scaf154.pdb,17.371584
scaf149.pdb,scaf155.pdb,22.008663
scaf149.pdb,scaf156.pdb,18.43064
scaf149.pdb,scaf158.pdb,13.255236
scaf149.pdb,scaf16.pdb,15.088483
scaf149.pdb,scaf162.pdb,27.04373
scaf149.pdb,scaf163.pdb,18.192778
scaf149.pdb,scaf164.pdb,14.872275
scaf149.pdb,scaf166.pdb,23.234749
scaf149.pdb,scaf167.pdb,10.124326
scaf149.pdb,scaf168.pdb,25.431314
scaf149.pdb,scaf169.pdb,23.535368
scaf149.pdb,scaf17.pdb,18.169199
scaf149.pdb,scaf170.pdb,19.798685
scaf149.pdb,scaf171.pdb,18.149254
scaf149.pdb,scaf172.pdb,12.408379
scaf149.pdb,scaf173.pdb,18.428322
scaf149.pdb,scaf174.pdb,19.281445
scaf149.pdb,scaf175.pdb,26.384298
scaf149.pdb,scaf176.pdb,19.404314
scaf149.pdb,scaf177.pdb,22.650877
scaf149.pdb,scaf179.pdb,14.370428
scaf149.pdb,scaf18.pdb,23.342726
scaf149.pdb,scaf19.pdb,21.490128
scaf149.pdb,scaf20.pdb,21.644762
scaf149.pdb,scaf21.pdb,18.879728
scaf149.pdb,scaf22.pdb,23.072517
scaf149.pdb,scaf23.pdb,19.623438
scaf149.pdb,scaf24.pdb,17.300262
scaf149.pdb,scaf26.pdb,25.575466
scaf149.pdb,scaf27.pdb,15.060118
scaf149.pdb,scaf28.pdb,18.866009
scaf149.pdb,scaf29.pdb,18.839563
scaf149.pdb,scaf3.pdb,21.758457
scaf149.pdb,scaf30.pdb,22.3229
scaf149.pdb,scaf31.pdb,16.923231
scaf149.pdb,scaf32.pdb,23.318974
scaf149.pdb,scaf33.pdb,26.54223
scaf149.pdb,scaf34.pdb,24.352621
scaf149.pdb,scaf35.pdb,23.992014
scaf149.pdb,scaf37.pdb,17.71242
scaf149.pdb,scaf38.pdb,23.324028
scaf149.pdb,scaf4.pdb,19.367762
scaf149.pdb,scaf40.pdb,13.614117
scaf149.pdb,scaf42.pdb,19.436914
scaf149.pdb,scaf44.pdb,16.999613
scaf149.pdb,scaf45.pdb,14.47161
scaf149.pdb,scaf47.pdb,11.440709
scaf149.pdb,scaf48.pdb,19.887056
scaf149.pdb,scaf49.pdb,14.587247
scaf149.pdb,scaf5.pdb,23.81173
scaf149.pdb,scaf50.pdb,18.545721
scaf149.pdb,scaf51.pdb,13.136097
scaf149.pdb,scaf52.pdb,13.51868
scaf149.pdb,scaf53.pdb,4.051926
scaf149.pdb,scaf54.pdb,23.07067
scaf149.pdb,scaf55.pdb,19.344284
scaf149.pdb,scaf56.pdb,17.157562
scaf149.pdb,scaf57.pdb,14.96227
scaf149.pdb,scaf58.pdb,23.482758
scaf149.pdb,scaf59.pdb,19.905914
scaf149.pdb,scaf6.pdb,17.647665
scaf149.pdb,scaf60.pdb,21.360844
scaf149.pdb,scaf61.pdb,15.241371
scaf149.pdb,scaf62.pdb,14.70558
scaf149.pdb,scaf63.pdb,21.235771
scaf149.pdb,scaf64.pdb,24.164614
scaf149.pdb,scaf65.pdb,17.314497
scaf149.pdb,scaf66.pdb,17.338135
scaf149.pdb,scaf67.pdb,12.229851
scaf149.pdb,scaf68.pdb,17.216507
scaf149.pdb,scaf7.pdb,17.395487
scaf149.pdb,scaf70.pdb,21.559963
scaf149.pdb,scaf71.pdb,17.413511
scaf149.pdb,scaf72.pdb,23.62396
scaf149.pdb,scaf74.pdb,16.351841
scaf149.pdb,scaf75.pdb,16.75416
scaf149.pdb,scaf76.pdb,22.690687
scaf149.pdb,scaf77.pdb,17.265554
scaf149.pdb,scaf78.pdb,15.601343
scaf149.pdb,scaf79.pdb,22.73888
scaf149.pdb,scaf8.pdb,4.784869
scaf149.pdb,scaf81.pdb,16.43939
scaf149.pdb,scaf82.pdb,14.796802
scaf149.pdb,scaf83.pdb,17.127844
scaf149.pdb,scaf84.pdb,22.868172
scaf149.pdb,scaf85.pdb,27.005445
scaf149.pdb,scaf86.pdb,14.932458
scaf149.pdb,scaf88.pdb,19.579624
scaf149.pdb,scaf89.pdb,15.305723
scaf149.pdb,scaf9.pdb,21.962276
scaf149.pdb,scaf90.pdb,19.926914
scaf149.pdb,scaf91.pdb,14.400803
scaf149.pdb,scaf92.pdb,22.163631
scaf149.pdb,scaf93.pdb,17.044294
scaf149.pdb,scaf94.pdb,19.612589
scaf149.pdb,scaf95.pdb,24.68254
scaf149.pdb,scaf96.pdb,15.565249
scaf149.pdb,scaf97.pdb,26.261913
scaf149.pdb,scaf98.pdb,16.623657
scaf149.pdb,scaf99.pdb,17.229725
scaf15.pdb,scaf151.pdb,24.248886
scaf15.pdb,scaf153.pdb,28.081358
scaf15.pdb,scaf154.pdb,24.189373
scaf15.pdb,scaf155.pdb,24.160397
scaf15.pdb,scaf156.pdb,24.209164
scaf15.pdb,scaf158.pdb,29.004784
scaf15.pdb,scaf16.pdb,24.470057
scaf15.pdb,scaf162.pdb,24.928448
scaf15.pdb,scaf163.pdb,28.28169
scaf15.pdb,scaf164.pdb,24.521873
scaf15.pdb,scaf166.pdb,21.996069
scaf15.pdb,scaf167.pdb,30.557468
scaf15.pdb,scaf168.pdb,10.491747
scaf15.pdb,scaf169.pdb,19.603155
scaf15.pdb,scaf17.pdb,26.944685
scaf15.pdb,scaf170.pdb,21.73675
scaf15.pdb,scaf171.pdb,24.497131
scaf15.pdb,scaf172.pdb,25.217129
scaf15.pdb,scaf173.pdb,24.173592
scaf15.pdb,scaf174.pdb,28.788147
scaf15.pdb,scaf175.pdb,18.506792
scaf15.pdb,scaf176.pdb,24.089321
scaf15.pdb,scaf177.pdb,25.236715
scaf15.pdb,scaf179.pdb,23.53221
scaf15.pdb,scaf18.pdb,32.272903
scaf15.pdb,scaf19.pdb,27.656956
scaf15.pdb,scaf20.pdb,22.43159
scaf15.pdb,scaf21.pdb,24.731272
scaf15.pdb,scaf22.pdb,19.584433
scaf15.pdb,scaf23.pdb,29.311708
scaf15.pdb,scaf24.pdb,24.087011
scaf15.pdb,scaf26.pdb,11.619618
scaf15.pdb,scaf27.pdb,24.42905
scaf15.pdb,scaf28.pdb,24.758635
scaf15.pdb,scaf29.pdb,27.637653
scaf15.pdb,scaf3.pdb,23.520779
scaf15.pdb,scaf30.pdb,21.936068
scaf15.pdb,scaf31.pdb,24.474253
scaf15.pdb,scaf32.pdb,23.545465
scaf15.pdb,scaf33.pdb,22.519955
scaf15.pdb,scaf34.pdb,21.336449
scaf15.pdb,scaf35.pdb,23.000208
scaf15.pdb,scaf37.pdb,29.272242
scaf15.pdb,scaf38.pdb,22.167475
scaf15.pdb,scaf4.pdb,23.976807
scaf15.pdb,scaf40.pdb,25.692217
scaf15.pdb,scaf42.pdb,24.85358
scaf15.pdb,scaf44.pdb,24.407854
scaf15.pdb,scaf45.pdb,20.627882
scaf15.pdb,scaf47.pdb,29.796854
scaf15.pdb,scaf48.pdb,24.945938
scaf15.pdb,scaf49.pdb,22.19243
scaf15.pdb,scaf5.pdb,31.421183
scaf15.pdb,scaf50.pdb,25.235468
scaf15.pdb,scaf51.pdb,28.968407
scaf15.pdb,scaf52.pdb,23.972702
scaf15.pdb,scaf53.pdb,27.525978
scaf15.pdb,scaf54.pdb,24.986551
scaf15.pdb,scaf55.pdb,24.022068
scaf15.pdb,scaf56.pdb,23.524332
scaf15.pdb,scaf57.pdb,30.57263
scaf15.pdb,scaf58.pdb,22.656073
scaf15.pdb,scaf59.pdb,21.758438
scaf15.pdb,scaf6.pdb,24.1893
scaf15.pdb,scaf60.pdb,23.419552
scaf15.pdb,scaf61.pdb,25.199003
scaf15.pdb,scaf62.pdb,20.638758
scaf15.pdb,scaf63.pdb,24.241982
scaf15.pdb,scaf64.pdb,24.146767
scaf15.pdb,scaf65.pdb,28.56656
scaf15.pdb,scaf66.pdb,24.059166
scaf15.pdb,scaf67.pdb,29.347982
scaf15.pdb,scaf68.pdb,23.941944
scaf15.pdb,scaf7.pdb,23.973171
scaf15.pdb,scaf70.pdb,27.90686
scaf15.pdb,scaf71.pdb,24.158533
scaf15.pdb,scaf72.pdb,21.68496
scaf15.pdb,scaf74.pdb,22.256184
scaf15.pdb,scaf75.pdb,25.149002
scaf15.pdb,scaf76.pdb,24.56842
scaf15.pdb,scaf77.pdb,24.222517
scaf15.pdb,scaf78.pdb,22.986681
scaf15.pdb,scaf79.pdb,21.07817
scaf15.pdb,scaf8.pdb,27.040476
scaf15.pdb,scaf81.pdb,30.277544
scaf15.pdb,scaf82.pdb,22.95282
scaf15.pdb,scaf83.pdb,24.660658
scaf15.pdb,scaf84.pdb,20.95958
scaf15.pdb,scaf85.pdb,15.989117
scaf15.pdb,scaf86.pdb,24.386354
scaf15.pdb,scaf88.pdb,23.609734
scaf15.pdb,scaf89.pdb,24.25688
scaf15.pdb,scaf9.pdb,24.259441
scaf15.pdb,scaf90.pdb,19.02674
scaf15.pdb,scaf91.pdb,22.384678
scaf15.pdb,scaf92.pdb,21.4985
scaf15.pdb,scaf93.pdb,25.025455
scaf15.pdb,scaf94.pdb,31.382172
scaf15.pdb,scaf95.pdb,18.940485
scaf15.pdb,scaf96.pdb,30.739645
scaf15.pdb,scaf97.pdb,11.174208
scaf15.pdb,scaf98.pdb,25.175894
scaf15.pdb,scaf99.pdb,26.26215
scaf151.pdb,scaf153.pdb,20.706959
scaf151.pdb,scaf154.pdb,21.446297
scaf151.pdb,scaf155.pdb,23.75982
scaf151.pdb,scaf156.pdb,2.4170609
scaf151.pdb,scaf158.pdb,20.953482
scaf151.pdb,scaf16.pdb,16.057596
scaf151.pdb,scaf162.pdb,20.452366
scaf151.pdb,scaf163.pdb,18.05387
scaf151.pdb,scaf164.pdb,16.639261
scaf151.pdb,scaf166.pdb,23.368711
scaf151.pdb,scaf167.pdb,16.565834
scaf151.pdb,scaf168.pdb,20.48617
scaf151.pdb,scaf169.pdb,17.24391
scaf151.pdb,scaf17.pdb,20.928009
scaf151.pdb,scaf170.pdb,19.299896
scaf151.pdb,scaf171.pdb,1.403491
scaf151.pdb,scaf172.pdb,15.634189
scaf151.pdb,scaf173.pdb,2.5240293
scaf151.pdb,scaf174.pdb,23.65295
scaf151.pdb,scaf175.pdb,19.726366
scaf151.pdb,scaf176.pdb,24.473509
scaf151.pdb,scaf177.pdb,20.449722
scaf151.pdb,scaf179.pdb,17.240698
scaf151.pdb,scaf18.pdb,21.366617
scaf151.pdb,scaf19.pdb,10.625364
scaf151.pdb,scaf20.pdb,18.16519
scaf151.pdb,scaf21.pdb,18.853086
scaf151.pdb,scaf22.pdb,19.902756
scaf151.pdb,scaf23.pdb,15.915645
scaf151.pdb,scaf24.pdb,21.69308
scaf151.pdb,scaf26.pdb,19.23086
scaf151.pdb,scaf27.pdb,16.371202
scaf151.pdb,scaf28.pdb,1.4179229
scaf151.pdb,scaf29.pdb,22.742756
scaf151.pdb,scaf3.pdb,24.758245
scaf151.pdb,scaf30.pdb,17.046045
scaf151.pdb,scaf31.pdb,21.32754
scaf151.pdb,scaf32.pdb,19.349909
scaf151.pdb,scaf33.pdb,20.619528
scaf151.pdb,scaf34.pdb,21.501879
scaf151.pdb,scaf35.pdb,20.480497
scaf151.pdb,scaf37.pdb,15.717289
scaf151.pdb,scaf38.pdb,16.830475
scaf151.pdb,scaf4.pdb,25.891445
scaf151.pdb,scaf40.pdb,15.417972
scaf151.pdb,scaf42.pdb,19.132645
scaf151.pdb,scaf44.pdb,25.222807
scaf151.pdb,scaf45.pdb,17.05959
scaf151.pdb,scaf47.pdb,19.615713
scaf151.pdb,scaf48.pdb,23.87415
scaf151.pdb,scaf49.pdb,16.044956
scaf151.pdb,scaf5.pdb,20.67632
scaf151.pdb,scaf50.pdb,17.55427
scaf151.pdb,scaf51.pdb,20.676931
scaf151.pdb,scaf52.pdb,19.183405
scaf151.pdb,scaf53.pdb,18.213417
scaf151.pdb,scaf54.pdb,20.652536
scaf151.pdb,scaf55.pdb,25.893087
scaf151.pdb,scaf56.pdb,21.680601
scaf151.pdb,scaf57.pdb,19.479181
scaf151.pdb,scaf58.pdb,20.366575
scaf151.pdb,scaf59.pdb,19.199745
scaf151.pdb,scaf6.pdb,24.436844
scaf151.pdb,scaf60.pdb,24.956211
scaf151.pdb,scaf61.pdb,20.337736
scaf151.pdb,scaf62.pdb,16.515303
scaf151.pdb,scaf63.pdb,24.770332
scaf151.pdb,scaf64.pdb,20.661095
scaf151.pdb,scaf65.pdb,15.269143
scaf151.pdb,scaf66.pdb,21.465624
scaf151.pdb,scaf67.pdb,18.790825
scaf151.pdb,scaf68.pdb,21.535408
scaf151.pdb,scaf7.pdb,21.933395
scaf151.pdb,scaf70.pdb,22.265152
scaf151.pdb,scaf71.pdb,21.809967
scaf151.pdb,scaf72.pdb,16.994564
scaf151.pdb,scaf74.pdb,17.920645
scaf151.pdb,scaf75.pdb,22.711178
scaf151.pdb,scaf76.pdb,13.744578
scaf151.pdb,scaf77.pdb,21.550179
scaf151.pdb,scaf78.pdb,21.364952
scaf151.pdb,scaf79.pdb,16.151987
scaf151.pdb,scaf8.pdb,18.838272
scaf151.pdb,scaf81.pdb,23.884026
scaf151.pdb,scaf82.pdb,19.39094
scaf151.pdb,scaf83.pdb,20.955841
scaf151.pdb,scaf84.pdb,20.368095
scaf151.pdb,scaf85.pdb,24.49503
scaf151.pdb,scaf86.pdb,15.542686
scaf151.pdb,scaf88.pdb,22.973738
scaf151.pdb,scaf89.pdb,14.395732
scaf151.pdb,scaf9.pdb,23.672342
scaf151.pdb,scaf90.pdb,15.642043
scaf151.pdb,scaf91.pdb,15.707056
scaf151.pdb,scaf92.pdb,25.468828
scaf151.pdb,scaf93.pdb,20.506115
scaf151.pdb,scaf94.pdb,14.717083
scaf151.pdb,scaf95.pdb,18.929594
scaf151.pdb,scaf96.pdb,23.130123
scaf151.pdb,scaf97.pdb,19.08705
scaf151.pdb,scaf98.pdb,22.599625
scaf151.pdb,scaf99.pdb,14.908062
scaf153.pdb,scaf154.pdb,19.873455
scaf153.pdb,scaf155.pdb,24.14762
scaf153.pdb,scaf156.pdb,20.734505
scaf153.pdb,scaf158.pdb,13.198123
scaf153.pdb,scaf16.pdb,15.584189
scaf153.pdb,scaf162.pdb,25.399822
scaf153.pdb,scaf163.pdb,16.951265
scaf153.pdb,scaf164.pdb,19.516628
scaf153.pdb,scaf166.pdb,25.570393
scaf153.pdb,scaf167.pdb,14.647915
scaf153.pdb,scaf168.pdb,26.556267
scaf153.pdb,scaf169.pdb,22.899244
scaf153.pdb,scaf17.pdb,17.945145
scaf153.pdb,scaf170.pdb,17.617723
scaf153.pdb,scaf171.pdb,20.852512
scaf153.pdb,scaf172.pdb,12.467135
scaf153.pdb,scaf173.pdb,20.383244
scaf153.pdb,scaf174.pdb,19.181475
scaf153.pdb,scaf175.pdb,27.470114
scaf153.pdb,scaf176.pdb,17.960316
scaf153.pdb,scaf177.pdb,23.963633
scaf153.pdb,scaf179.pdb,16.87763
scaf153.pdb,scaf18.pdb,26.289547
scaf153.pdb,scaf19.pdb,21.26036
scaf153.pdb,scaf20.pdb,22.913963
scaf153.pdb,scaf21.pdb,18.93699
scaf153.pdb,scaf22.pdb,23.60744
scaf153.pdb,scaf23.pdb,17.996996
scaf153.pdb,scaf24.pdb,19.884378
scaf153.pdb,scaf26.pdb,26.783415
scaf153.pdb,scaf27.pdb,15.603922
scaf153.pdb,scaf28.pdb,21.34994
scaf153.pdb,scaf29.pdb,16.887001
scaf153.pdb,scaf3.pdb,23.240044
scaf153.pdb,scaf30.pdb,25.004656
scaf153.pdb,scaf31.pdb,19.89918
scaf153.pdb,scaf32.pdb,24.750525
scaf153.pdb,scaf33.pdb,26.877974
scaf153.pdb,scaf34.pdb,24.297121
scaf153.pdb,scaf35.pdb,22.859123
scaf153.pdb,scaf37.pdb,20.420671
scaf153.pdb,scaf38.pdb,22.923319
scaf153.pdb,scaf4.pdb,20.533087
scaf153.pdb,scaf40.pdb,15.551949
scaf153.pdb,scaf42.pdb,22.70315
scaf153.pdb,scaf44.pdb,16.799929
scaf153.pdb,scaf45.pdb,16.573713
scaf153.pdb,scaf47.pdb,14.042149
scaf153.pdb,scaf48.pdb,21.596584
scaf153.pdb,scaf49.pdb,15.759669
scaf153.pdb,scaf5.pdb,25.22504
scaf153.pdb,scaf50.pdb,22.445974
scaf153.pdb,scaf51.pdb,12.204348
scaf153.pdb,scaf52.pdb,13.645583
scaf153.pdb,scaf53.pdb,10.414915
scaf153.pdb,scaf54.pdb,19.953287
scaf153.pdb,scaf55.pdb,20.53922
scaf153.pdb,scaf56.pdb,19.906282
scaf153.pdb,scaf57.pdb,12.812146
scaf153.pdb,scaf58.pdb,22.77511
scaf153.pdb,scaf59.pdb,18.149534
scaf153.pdb,scaf6.pdb,21.058466
scaf153.pdb,scaf60.pdb,22.712446
scaf153.pdb,scaf61.pdb,15.689909
scaf153.pdb,scaf62.pdb,16.081425
scaf153.pdb,scaf63.pdb,22.255253
scaf153.pdb,scaf64.pdb,23.416115
scaf153.pdb,scaf65.pdb,19.974535
scaf153.pdb,scaf66.pdb,19.80671
scaf153.pdb,scaf67.pdb,11.350602
scaf153.pdb,scaf68.pdb,19.960304
scaf153.pdb,scaf7.pdb,19.840359
scaf153.pdb,scaf70.pdb,20.305408
scaf153.pdb,scaf71.pdb,19.714342
scaf153.pdb,scaf72.pdb,23.02814
scaf153.pdb,scaf74.pdb,17.333227
scaf153.pdb,scaf75.pdb,15.942309
scaf153.pdb,scaf76.pdb,23.63072
scaf153.pdb,scaf77.pdb,19.762236
scaf153.pdb,scaf78.pdb,19.071852
scaf153.pdb,scaf79.pdb,24.154137
scaf153.pdb,scaf8.pdb,11.9091425
scaf153.pdb,scaf81.pdb,15.188208
scaf153.pdb,scaf82.pdb,16.91748
scaf153.pdb,scaf83.pdb,20.196869
scaf153.pdb,scaf84.pdb,25.556158
scaf153.pdb,scaf85.pdb,27.673668
scaf153.pdb,scaf86.pdb,15.354781
scaf153.pdb,scaf88.pdb,21.78592
scaf153.pdb,scaf89.pdb,15.729166
scaf153.pdb,scaf9.pdb,24.13472
scaf153.pdb,scaf90.pdb,21.08299
scaf153.pdb,scaf91.pdb,15.758721
scaf153.pdb,scaf92.pdb,23.738384
scaf153.pdb,scaf93.pdb,20.601784
scaf153.pdb,scaf94.pdb,21.147083
scaf153.pdb,scaf95.pdb,24.639917
scaf153.pdb,scaf96.pdb,14.72658
scaf153.pdb,scaf97.pdb,26.86678
scaf153.pdb,scaf98.pdb,15.834505
scaf153.pdb,scaf99.pdb,19.38421
scaf154.pdb,scaf155.pdb,16.435043
scaf154.pdb,scaf156.pdb,21.132
scaf154.pdb,scaf158.pdb,14.563258
scaf154.pdb,scaf16.pdb,19.456335
scaf154.pdb,scaf162.pdb,19.120298
scaf154.pdb,scaf163.pdb,17.55715
scaf154.pdb,scaf164.pdb,16.313139
scaf154.pdb,scaf166.pdb,18.710636
scaf154.pdb,scaf167.pdb,16.623196
scaf154.pdb,scaf168.pdb,21.63376
scaf154.pdb,scaf169.pdb,23.651985
scaf154.pdb,scaf17.pdb,16.422695
scaf154.pdb,scaf170.pdb,18.721087
scaf154.pdb,scaf171.pdb,21.43587
scaf154.pdb,scaf172.pdb,18.557747
scaf154.pdb,scaf173.pdb,21.17194
scaf154.pdb,scaf174.pdb,13.114447
scaf154.pdb,scaf175.pdb,20.411179
scaf154.pdb,scaf176.pdb,12.239667
scaf154.pdb,scaf177.pdb,14.823631
scaf154.pdb,scaf179.pdb,21.734316
scaf154.pdb,scaf18.pdb,17.161396
scaf154.pdb,scaf19.pdb,22.716047
scaf154.pdb,scaf20.pdb,22.119902
scaf154.pdb,scaf21.pdb,8.445023
scaf154.pdb,scaf22.pdb,16.265413
scaf154.pdb,scaf23.pdb,14.913196
scaf154.pdb,scaf24.pdb,1.9109193
scaf154.pdb,scaf26.pdb,21.166582
scaf154.pdb,scaf27.pdb,19.267843
scaf154.pdb,scaf28.pdb,21.837635
scaf154.pdb,scaf29.pdb,11.591289
scaf154.pdb,scaf3.pdb,16.248749
scaf154.pdb,scaf30.pdb,19.65021
scaf154.pdb,scaf31.pdb,2.3039942
scaf154.pdb,scaf32.pdb,11.658042
scaf154.pdb,scaf33.pdb,19.515627
scaf154.pdb,scaf34.pdb,18.09858
scaf154.pdb,scaf35.pdb,20.431301
scaf154.pdb,scaf37.pdb,18.054241
scaf154.pdb,scaf38.pdb,22.954662
scaf154.pdb,scaf4.pdb,15.594549
scaf154.pdb,scaf40.pdb,15.563158
scaf154.pdb,scaf42.pdb,15.13407
scaf154.pdb,scaf44.pdb,12.047843
scaf154.pdb,scaf45.pdb,20.976625
scaf154.pdb,scaf47.pdb,15.200034
scaf154.pdb,scaf48.pdb,14.630333
scaf154.pdb,scaf49.pdb,18.591808
scaf154.pdb,scaf5.pdb,20.529219
scaf154.pdb,scaf50.pdb,14.508649
scaf154.pdb,scaf51.pdb,15.716092
scaf154.pdb,scaf52.pdb,15.752293
scaf154.pdb,scaf53.pdb,16.921045
scaf154.pdb,scaf54.pdb,18.084887
scaf154.pdb,scaf55.pdb,15.498626
scaf154.pdb,scaf56.pdb,1.962233
scaf154.pdb,scaf57.pdb,16.214596
scaf154.pdb,scaf58.pdb,20.088846
scaf154.pdb,scaf59.pdb,18.958944
scaf154.pdb,scaf6.pdb,14.228657
scaf154.pdb,scaf60.pdb,15.642026
scaf154.pdb,scaf61.pdb,15.744514
scaf154.pdb,scaf62.pdb,20.881496
scaf154.pdb,scaf63.pdb,15.129554
scaf154.pdb,scaf64.pdb,20.646732
scaf154.pdb,scaf65.pdb,17.896494
scaf154.pdb,scaf66.pdb,0.42472348
scaf154.pdb,scaf67.pdb,16.597893
scaf154.pdb,scaf68.pdb,1.9886056
scaf154.pdb,scaf7.pdb,2.2739267
scaf154.pdb,scaf70.pdb,18.780598
scaf154.pdb,scaf71.pdb,2.0434616
scaf154.pdb,scaf72.pdb,23.078533
scaf154.pdb,scaf74.pdb,18.646017
scaf154.pdb,scaf75.pdb,16.225426
scaf154.pdb,scaf76.pdb,20.851395
scaf154.pdb,scaf77.pdb,1.9611068
scaf154.pdb,scaf78.pdb,13.46707
scaf154.pdb,scaf79.pdb,20.560713
scaf154.pdb,scaf8.pdb,16.946276
scaf154.pdb,scaf81.pdb,15.815026
scaf154.pdb,scaf82.pdb,17.543793
scaf154.pdb,scaf83.pdb,15.003649
scaf154.pdb,scaf84.pdb,14.649428
scaf154.pdb,scaf85.pdb,20.83879
scaf154.pdb,scaf86.pdb,19.298128
scaf154.pdb,scaf88.pdb,13.180727
scaf154.pdb,scaf89.pdb,19.49934
scaf154.pdb,scaf9.pdb,16.330238
scaf154.pdb,scaf90.pdb,22.028303
scaf154.pdb,scaf91.pdb,18.561396
scaf154.pdb,scaf92.pdb,17.487083
scaf154.pdb,scaf93.pdb,4.240995
scaf154.pdb,scaf94.pdb,21.219383
scaf154.pdb,scaf95.pdb,24.548794
scaf154.pdb,scaf96.pdb,15.416131
scaf154.pdb,scaf97.pdb,21.214447
scaf154.pdb,scaf98.pdb,16.116138
scaf154.pdb,scaf99.pdb,19.984493
scaf155.pdb,scaf156.pdb,23.59985
scaf155.pdb,scaf158.pdb,20.981443
scaf155.pdb,scaf16.pdb,24.169172
scaf155.pdb,scaf162.pdb,19.01646
scaf155.pdb,scaf163.pdb,21.93575
scaf155.pdb,scaf164.pdb,19.269003
scaf155.pdb,scaf166.pdb,12.972329
scaf155.pdb,scaf167.pdb,23.287783
scaf155.pdb,scaf168.pdb,18.127747
scaf155.pdb,scaf169.pdb,20.418924
scaf155.pdb,scaf17.pdb,17.353561
scaf155.pdb,scaf170.pdb,21.101767
scaf155.pdb,scaf171.pdb,23.77371
scaf155.pdb,scaf172.pdb,24.00244
scaf155.pdb,scaf173.pdb,23.632896
scaf155.pdb,scaf174.pdb,16.178457
scaf155.pdb,scaf175.pdb,18.070894
scaf155.pdb,scaf176.pdb,15.591279
scaf155.pdb,scaf177.pdb,18.049574
scaf155.pdb,scaf179.pdb,25.422638
scaf155.pdb,scaf18.pdb,23.786423
scaf155.pdb,scaf19.pdb,27.571596
scaf155.pdb,scaf20.pdb,18.500648
scaf155.pdb,scaf21.pdb,15.663478
scaf155.pdb,scaf22.pdb,12.359236
scaf155.pdb,scaf23.pdb,18.97258
scaf155.pdb,scaf24.pdb,16.380196
scaf155.pdb,scaf26.pdb,18.975897
scaf155.pdb,scaf27.pdb,23.998446
scaf155.pdb,scaf28.pdb,23.739832
scaf155.pdb,scaf29.pdb,17.845617
scaf155.pdb,scaf3.pdb,7.80296
scaf155.pdb,scaf30.pdb,17.767046
scaf155.pdb,scaf31.pdb,15.9898405
scaf155.pdb,scaf32.pdb,12.346682
scaf155.pdb,scaf33.pdb,14.609124
scaf155.pdb,scaf34.pdb,11.490171
scaf155.pdb,scaf35.pdb,12.381865
scaf155.pdb,scaf37.pdb,21.616283
scaf155.pdb,scaf38.pdb,21.898712
scaf155.pdb,scaf4.pdb,9.246194
scaf155.pdb,scaf40.pdb,25.838001
scaf155.pdb,scaf42.pdb,20.677769
scaf155.pdb,scaf44.pdb,16.82307
scaf155.pdb,scaf45.pdb,19.239738
scaf155.pdb,scaf47.pdb,22.531456
scaf155.pdb,scaf48.pdb,9.009118
scaf155.pdb,scaf49.pdb,26.993671
scaf155.pdb,scaf5.pdb,23.945951
scaf155.pdb,scaf50.pdb,16.49575
scaf155.pdb,scaf51.pdb,23.361052
scaf155.pdb,scaf52.pdb,24.48378
scaf155.pdb,scaf53.pdb,22.309368
scaf155.pdb,scaf54.pdb,18.064247
scaf155.pdb,scaf55.pdb,9.5449915
scaf155.pdb,scaf56.pdb,15.9328785
scaf155.pdb,scaf57.pdb,23.137608
scaf155.pdb,scaf58.pdb,11.351542
scaf155.pdb,scaf59.pdb,20.746874
scaf155.pdb,scaf6.pdb,13.67741
scaf155.pdb,scaf60.pdb,7.6013837
scaf155.pdb,scaf61.pdb,23.18147
scaf155.pdb,scaf62.pdb,19.123953
scaf155.pdb,scaf63.pdb,10.493665
scaf155.pdb,scaf64.pdb,12.709832
scaf155.pdb,scaf65.pdb,21.299475
scaf155.pdb,scaf66.pdb,16.296597
scaf155.pdb,scaf67.pdb,22.793123
scaf155.pdb,scaf68.pdb,16.279692
scaf155.pdb,scaf7.pdb,16.400526
scaf155.pdb,scaf70.pdb,19.877514
scaf155.pdb,scaf71.pdb,16.559002
scaf155.pdb,scaf72.pdb,21.97078
scaf155.pdb,scaf74.pdb,23.65766
scaf155.pdb,scaf75.pdb,24.186277
scaf155.pdb,scaf76.pdb,25.4913
scaf155.pdb,scaf77.pdb,16.59065
scaf155.pdb,scaf78.pdb,15.321591
scaf155.pdb,scaf79.pdb,19.123812
scaf155.pdb,scaf8.pdb,21.625164
scaf155.pdb,scaf81.pdb,20.614618
scaf155.pdb,scaf82.pdb,23.836666
scaf155.pdb,scaf83.pdb,16.700125
scaf155.pdb,scaf84.pdb,9.725285
scaf155.pdb,scaf85.pdb,16.370678
scaf155.pdb,scaf86.pdb,24.200544
scaf155.pdb,scaf88.pdb,9.25984
scaf155.pdb,scaf89.pdb,24.419994
scaf155.pdb,scaf9.pdb,0.3988321
scaf155.pdb,scaf90.pdb,20.246685
scaf155.pdb,scaf91.pdb,26.902859
scaf155.pdb,scaf92.pdb,7.705874
scaf155.pdb,scaf93.pdb,16.679956
scaf155.pdb,scaf94.pdb,26.626015
scaf155.pdb,scaf95.pdb,22.89989
scaf155.pdb,scaf96.pdb,21.236366
scaf155.pdb,scaf97.pdb,20.058987
scaf155.pdb,scaf98.pdb,24.13481
scaf155.pdb,scaf99.pdb,24.372803
scaf156.pdb,scaf158.pdb,21.27701
scaf156.pdb,scaf16.pdb,16.729736
scaf156.pdb,scaf162.pdb,20.178946
scaf156.pdb,scaf163.pdb,18.664513
scaf156.pdb,scaf164.pdb,16.825977
scaf156.pdb,scaf166.pdb,23.249277
scaf156.pdb,scaf167.pdb,16.361778
scaf156.pdb,scaf168.pdb,20.433414
scaf156.pdb,scaf169.pdb,17.359735
scaf156.pdb,scaf17.pdb,21.026766
scaf156.pdb,scaf170.pdb,19.76227
scaf156.pdb,scaf171.pdb,2.4380703
scaf156.pdb,scaf172.pdb,16.22167
scaf156.pdb,scaf173.pdb,2.078693
scaf156.pdb,scaf174.pdb,23.531706
scaf156.pdb,scaf175.pdb,19.58515
scaf156.pdb,scaf176.pdb,24.493605
scaf156.pdb,scaf177.pdb,19.869562
scaf156.pdb,scaf179.pdb,17.571205
scaf156.pdb,scaf18.pdb,21.107517
scaf156.pdb,scaf19.pdb,10.836109
scaf156.pdb,scaf20.pdb,18.335396
scaf156.pdb,scaf21.pdb,18.97038
scaf156.pdb,scaf22.pdb,19.396545
scaf156.pdb,scaf23.pdb,15.844492
scaf156.pdb,scaf24.pdb,21.3423
scaf156.pdb,scaf26.pdb,19.181458
scaf156.pdb,scaf27.pdb,17.03623
scaf156.pdb,scaf28.pdb,2.3564107
scaf156.pdb,scaf29.pdb,22.797102
scaf156.pdb,scaf3.pdb,24.420565
scaf156.pdb,scaf30.pdb,17.071905
scaf156.pdb,scaf31.pdb,21.000263
scaf156.pdb,scaf32.pdb,19.126928
scaf156.pdb,scaf33.pdb,20.771532
scaf156.pdb,scaf34.pdb,21.547667
scaf156.pdb,scaf35.pdb,20.231255
scaf156.pdb,scaf37.pdb,15.595068
scaf156.pdb,scaf38.pdb,16.873917
scaf156.pdb,scaf4.pdb,25.716496
scaf156.pdb,scaf40.pdb,15.32612
scaf156.pdb,scaf42.pdb,19.395086
scaf156.pdb,scaf44.pdb,25.274807
scaf156.pdb,scaf45.pdb,17.108585
scaf156.pdb,scaf47.pdb,19.294836
scaf156.pdb,scaf48.pdb,23.60473
scaf156.pdb,scaf49.pdb,16.030376
scaf156.pdb,scaf5.pdb,20.843338
scaf156.pdb,scaf50.pdb,17.326462
scaf156.pdb,scaf51.pdb,20.591131
scaf156.pdb,scaf52.pdb,19.035664
scaf156.pdb,scaf53.pdb,18.242512
scaf156.pdb,scaf54.pdb,19.954264
scaf156.pdb,scaf55.pdb,25.744429
scaf156.pdb,scaf56.pdb,21.334726
scaf156.pdb,scaf57.pdb,19.872496
scaf156.pdb,scaf58.pdb,20.227533
scaf156.pdb,scaf59.pdb,19.701065
scaf156.pdb,scaf6.pdb,24.499588
scaf156.pdb,scaf60.pdb,24.588232
scaf156.pdb,scaf61.pdb,20.601341
scaf156.pdb,scaf62.pdb,16.542782
scaf156.pdb,scaf63.pdb,24.441216
scaf156.pdb,scaf64.pdb,20.500467
scaf156.pdb,scaf65.pdb,15.16781
scaf156.pdb,scaf66.pdb,21.156677
scaf156.pdb,scaf67.pdb,19.17272
scaf156.pdb,scaf68.pdb,21.141714
scaf156.pdb,scaf7.pdb,21.583635
scaf156.pdb,scaf70.pdb,22.09065
scaf156.pdb,scaf71.pdb,21.481194
scaf156.pdb,scaf72.pdb,16.998972
scaf156.pdb,scaf74.pdb,18.479582
scaf156.pdb,scaf75.pdb,22.758144
scaf156.pdb,scaf76.pdb,13.453927
scaf156.pdb,scaf77.pdb,21.160873
scaf156.pdb,scaf78.pdb,21.47962
scaf156.pdb,scaf79.pdb,16.1207
scaf156.pdb,scaf8.pdb,19.010155
scaf156.pdb,scaf81.pdb,23.781189
scaf156.pdb,scaf82.pdb,19.524364
scaf156.pdb,scaf83.pdb,21.21972
scaf156.pdb,scaf84.pdb,19.982851
scaf156.pdb,scaf85.pdb,24.19032
scaf156.pdb,scaf86.pdb,16.25222
scaf156.pdb,scaf88.pdb,22.926249
scaf156.pdb,scaf89.pdb,15.170979
scaf156.pdb,scaf9.pdb,23.506464
scaf156.pdb,scaf90.pdb,16.406845
scaf156.pdb,scaf91.pdb,15.717355
scaf156.pdb,scaf92.pdb,25.03747
scaf156.pdb,scaf93.pdb,20.147915
scaf156.pdb,scaf94.pdb,14.697686
scaf156.pdb,scaf95.pdb,18.7269
scaf156.pdb,scaf96.pdb,22.99451
scaf156.pdb,scaf97.pdb,19.065752
scaf156.pdb,scaf98.pdb,22.64979
scaf156.pdb,scaf99.pdb,15.559384
scaf158.pdb,scaf16.pdb,12.463863
scaf158.pdb,scaf162.pdb,23.760042
scaf158.pdb,scaf163.pdb,15.743837
scaf158.pdb,scaf164.pdb,18.21753
scaf158.pdb,scaf166.pdb,23.361765
scaf158.pdb,scaf167.pdb,13.551792
scaf158.pdb,scaf168.pdb,26.890562
scaf158.pdb,scaf169.pdb,24.134071
scaf158.pdb,scaf17.pdb,14.267454
scaf158.pdb,scaf170.pdb,16.277431
scaf158.pdb,scaf171.pdb,21.023806
scaf158.pdb,scaf172.pdb,11.056223
scaf158.pdb,scaf173.pdb,21.371315
scaf158.pdb,scaf174.pdb,15.571734
scaf158.pdb,scaf175.pdb,25.896427
scaf158.pdb,scaf176.pdb,13.990407
scaf158.pdb,scaf177.pdb,22.441792
scaf158.pdb,scaf179.pdb,18.382362
scaf158.pdb,scaf18.pdb,22.390501
scaf158.pdb,scaf19.pdb,20.694225
scaf158.pdb,scaf20.pdb,22.162785
scaf158.pdb,scaf21.pdb,15.003112
scaf158.pdb,scaf22.pdb,23.073116
scaf158.pdb,scaf23.pdb,17.656092
scaf158.pdb,scaf24.pdb,14.49061
scaf158.pdb,scaf26.pdb,26.798916
scaf158.pdb,scaf27.pdb,12.13949
scaf158.pdb,scaf28.pdb,21.586132
scaf158.pdb,scaf29.pdb,11.980163
scaf158.pdb,scaf3.pdb,20.823416
scaf158.pdb,scaf30.pdb,21.760605
scaf158.pdb,scaf31.pdb,14.363702
scaf158.pdb,scaf32.pdb,20.480347
scaf158.pdb,scaf33.pdb,23.59871
scaf158.pdb,scaf34.pdb,22.715387
scaf158.pdb,scaf35.pdb,23.28359
scaf158.pdb,scaf37.pdb,19.851938
scaf158.pdb,scaf38.pdb,24.259329
scaf158.pdb,scaf4.pdb,18.38804
scaf158.pdb,scaf40.pdb,14.138385
scaf158.pdb,scaf42.pdb,19.2207
scaf158.pdb,scaf44.pdb,11.558005
scaf158.pdb,scaf45.pdb,18.403433
scaf158.pdb,scaf47.pdb,13.762855
scaf158.pdb,scaf48.pdb,18.513117
scaf158.pdb,scaf49.pdb,18.065552
scaf158.pdb,scaf5.pdb,21.400438
scaf158.pdb,scaf50.pdb,18.067003
scaf158.pdb,scaf51.pdb,11.326377
scaf158.pdb,scaf52.pdb,14.879847
scaf158.pdb,scaf53.pdb,12.548212
scaf158.pdb,scaf54.pdb,20.938202
scaf158.pdb,scaf55.pdb,18.120636
scaf158.pdb,scaf56.pdb,14.934384
scaf158.pdb,scaf57.pdb,7.9259963
scaf158.pdb,scaf58.pdb,23.026314
scaf158.pdb,scaf59.pdb,16.571367
scaf158.pdb,scaf6.pdb,15.812066
scaf158.pdb,scaf60.pdb,20.40405
scaf158.pdb,scaf61.pdb,10.75348
scaf158.pdb,scaf62.pdb,18.634277
scaf158.pdb,scaf63.pdb,19.48859
scaf158.pdb,scaf64.pdb,23.521395
scaf158.pdb,scaf65.pdb,19.517694
scaf158.pdb,scaf66.pdb,14.534544
scaf158.pdb,scaf67.pdb,8.860597
scaf158.pdb,scaf68.pdb,14.919587
scaf158.pdb,scaf7.pdb,14.498996
scaf158.pdb,scaf70.pdb,21.110365
scaf158.pdb,scaf71.pdb,14.377517
scaf158.pdb,scaf72.pdb,24.39054
scaf158.pdb,scaf74.pdb,12.7933235
scaf158.pdb,scaf75.pdb,12.294667
scaf158.pdb,scaf76.pdb,22.473948
scaf158.pdb,scaf77.pdb,14.778188
scaf158.pdb,scaf78.pdb,16.17443
scaf158.pdb,scaf79.pdb,23.933212
scaf158.pdb,scaf8.pdb,12.244794
scaf158.pdb,scaf81.pdb,12.358617
scaf158.pdb,scaf82.pdb,13.832445
scaf158.pdb,scaf83.pdb,14.069697
scaf158.pdb,scaf84.pdb,21.471832
scaf158.pdb,scaf85.pdb,26.192907
scaf158.pdb,scaf86.pdb,12.394244
scaf158.pdb,scaf88.pdb,17.82192
scaf158.pdb,scaf89.pdb,13.089331
scaf158.pdb,scaf9.pdb,20.908533
scaf158.pdb,scaf90.pdb,20.074024
scaf158.pdb,scaf91.pdb,18.069134
scaf158.pdb,scaf92.pdb,22.547668
scaf158.pdb,scaf93.pdb,15.620947
scaf158.pdb,scaf94.pdb,21.68636
scaf158.pdb,scaf95.pdb,27.411997
scaf158.pdb,scaf96.pdb,11.902739
scaf158.pdb,scaf97.pdb,26.948221
scaf158.pdb,scaf98.pdb,12.142525
scaf158.pdb,scaf99.pdb,16.68597
scaf16.pdb,scaf162.pdb,23.300344
scaf16.pdb,scaf163.pdb,15.843009
scaf16.pdb,scaf164.pdb,16.292234
scaf16.pdb,scaf166.pdb,25.250555
scaf16.pdb,scaf167.pdb,15.76453
scaf16.pdb,scaf168.pdb,23.538975
scaf16.pdb,scaf169.pdb,21.139654
scaf16.pdb,scaf17.pdb,17.544113
scaf16.pdb,scaf170.pdb,13.44779
scaf16.pdb,scaf171.pdb,16.223825
scaf16.pdb,scaf172.pdb,6.422094
scaf16.pdb,scaf173.pdb,16.665882
scaf16.pdb,scaf174.pdb,21.241076
scaf16.pdb,scaf175.pdb,23.373009
scaf16.pdb,scaf176.pdb,17.791733
scaf16.pdb,scaf177.pdb,23.434626
scaf16.pdb,scaf179.pdb,14.149076
scaf16.pdb,scaf18.pdb,24.130804
scaf16.pdb,scaf19.pdb,15.280291
scaf16.pdb,scaf20.pdb,19.549725
scaf16.pdb,scaf21.pdb,16.439976
scaf16.pdb,scaf22.pdb,24.167944
scaf16.pdb,scaf23.pdb,19.615025
scaf16.pdb,scaf24.pdb,19.492783
scaf16.pdb,scaf26.pdb,23.269247
scaf16.pdb,scaf27.pdb,0.91041416
scaf16.pdb,scaf28.pdb,16.863443
scaf16.pdb,scaf29.pdb,17.206675
scaf16.pdb,scaf3.pdb,23.76701
scaf16.pdb,scaf30.pdb,21.034304
scaf16.pdb,scaf31.pdb,19.338617
scaf16.pdb,scaf32.pdb,21.617407
scaf16.pdb,scaf33.pdb,23.040339
scaf16.pdb,scaf34.pdb,22.786886
scaf16.pdb,scaf35.pdb,23.563637
scaf16.pdb,scaf37.pdb,19.839058
scaf16.pdb,scaf38.pdb,21.404654
scaf16.pdb,scaf4.pdb,22.622786
scaf16.pdb,scaf40.pdb,14.342271
scaf16.pdb,scaf42.pdb,18.379484
scaf16.pdb,scaf44.pdb,17.527353
scaf16.pdb,scaf45.pdb,14.32547
scaf16.pdb,scaf47.pdb,18.786667
scaf16.pdb,scaf48.pdb,21.87347
scaf16.pdb,scaf49.pdb,15.927332
scaf16.pdb,scaf5.pdb,21.905373
scaf16.pdb,scaf50.pdb,18.599318
scaf16.pdb,scaf51.pdb,16.141779
scaf16.pdb,scaf52.pdb,15.550124
scaf16.pdb,scaf53.pdb,14.066685
scaf16.pdb,scaf54.pdb,21.729713
scaf16.pdb,scaf55.pdb,22.340134
scaf16.pdb,scaf56.pdb,19.974428
scaf16.pdb,scaf57.pdb,13.614124
scaf16.pdb,scaf58.pdb,23.39752
scaf16.pdb,scaf59.pdb,13.807129
scaf16.pdb,scaf6.pdb,21.19059
scaf16.pdb,scaf60.pdb,23.815014
scaf16.pdb,scaf61.pdb,11.013979
scaf16.pdb,scaf62.pdb,14.146264
scaf16.pdb,scaf63.pdb,22.558834
scaf16.pdb,scaf64.pdb,23.722836
scaf16.pdb,scaf65.pdb,19.249805
scaf16.pdb,scaf66.pdb,19.415272
scaf16.pdb,scaf67.pdb,12.998871
scaf16.pdb,scaf68.pdb,19.719057
scaf16.pdb,scaf7.pdb,19.49431
scaf16.pdb,scaf70.pdb,23.142311
scaf16.pdb,scaf71.pdb,19.303398
scaf16.pdb,scaf72.pdb,21.543562
scaf16.pdb,scaf74.pdb,6.79255
scaf16.pdb,scaf75.pdb,13.983437
scaf16.pdb,scaf76.pdb,19.219007
scaf16.pdb,scaf77.pdb,19.598824
scaf16.pdb,scaf78.pdb,19.936079
scaf16.pdb,scaf79.pdb,21.271265
scaf16.pdb,scaf8.pdb,14.848684
scaf16.pdb,scaf81.pdb,19.248856
scaf16.pdb,scaf82.pdb,13.194021
scaf16.pdb,scaf83.pdb,16.264263
scaf16.pdb,scaf84.pdb,22.652191
scaf16.pdb,scaf85.pdb,26.205826
scaf16.pdb,scaf86.pdb,1.6261141
scaf16.pdb,scaf88.pdb,21.65791
scaf16.pdb,scaf89.pdb,3.7811484
scaf16.pdb,scaf9.pdb,24.093382
scaf16.pdb,scaf90.pdb,13.575236
scaf16.pdb,scaf91.pdb,15.91487
scaf16.pdb,scaf92.pdb,24.986849
scaf16.pdb,scaf93.pdb,19.523296
scaf16.pdb,scaf94.pdb,20.344715
scaf16.pdb,scaf95.pdb,23.600878
scaf16.pdb,scaf96.pdb,18.650845
scaf16.pdb,scaf97.pdb,22.981056
scaf16.pdb,scaf98.pdb,13.901617
scaf16.pdb,scaf99.pdb,13.130168
scaf162.pdb,scaf163.pdb,23.371176
scaf162.pdb,scaf164.pdb,23.211897
scaf162.pdb,scaf166.pdb,19.739885
scaf162.pdb,scaf167.pdb,24.61069
scaf162.pdb,scaf168.pdb,19.07928
scaf162.pdb,scaf169.pdb,18.691784
scaf162.pdb,scaf17.pdb,19.68295
scaf162.pdb,scaf170.pdb,21.002361
scaf162.pdb,scaf171.pdb,20.274412
scaf162.pdb,scaf172.pdb,23.900715
scaf162.pdb,scaf173.pdb,20.261572
scaf162.pdb,scaf174.pdb,18.278145
scaf162.pdb,scaf175.pdb,14.019602
scaf162.pdb,scaf176.pdb,19.580442
scaf162.pdb,scaf177.pdb,18.610521
scaf162.pdb,scaf179.pdb,24.539003
scaf162.pdb,scaf18.pdb,23.127571
scaf162.pdb,scaf19.pdb,21.5659
scaf162.pdb,scaf20.pdb,17.1994
scaf162.pdb,scaf21.pdb,17.487911
scaf162.pdb,scaf22.pdb,16.02455
scaf162.pdb,scaf23.pdb,18.964878
scaf162.pdb,scaf24.pdb,19.642075
scaf162.pdb,scaf26.pdb,18.563902
scaf162.pdb,scaf27.pdb,23.388983
scaf162.pdb,scaf28.pdb,20.309366
scaf162.pdb,scaf29.pdb,18.691767
scaf162.pdb,scaf3.pdb,19.542463
scaf162.pdb,scaf30.pdb,20.125977
scaf162.pdb,scaf31.pdb,19.271639
scaf162.pdb,scaf32.pdb,13.585883
scaf162.pdb,scaf33.pdb,13.305423
scaf162.pdb,scaf34.pdb,15.90138
scaf162.pdb,scaf35.pdb,18.00497
scaf162.pdb,scaf37.pdb,20.282349
scaf162.pdb,scaf38.pdb,18.591808
scaf162.pdb,scaf4.pdb,22.269485
scaf162.pdb,scaf40.pdb,24.559746
scaf162.pdb,scaf42.pdb,21.25152
scaf162.pdb,scaf44.pdb,23.260836
scaf162.pdb,scaf45.pdb,22.937653
scaf162.pdb,scaf47.pdb,22.909292
scaf162.pdb,scaf48.pdb,19.365181
scaf162.pdb,scaf49.pdb,24.891186
scaf162.pdb,scaf5.pdb,20.211567
scaf162.pdb,scaf50.pdb,17.836851
scaf162.pdb,scaf51.pdb,22.845192
scaf162.pdb,scaf52.pdb,24.528807
scaf162.pdb,scaf53.pdb,26.094027
scaf162.pdb,scaf54.pdb,15.29905
scaf162.pdb,scaf55.pdb,22.240969
scaf162.pdb,scaf56.pdb,19.65211
scaf162.pdb,scaf57.pdb,21.820839
scaf162.pdb,scaf58.pdb,17.51888
scaf162.pdb,scaf59.pdb,21.17281
scaf162.pdb,scaf6.pdb,23.332876
scaf162.pdb,scaf60.pdb,19.656538
scaf162.pdb,scaf61.pdb,24.114174
scaf162.pdb,scaf62.pdb,21.746809
scaf162.pdb,scaf63.pdb,19.380793
scaf162.pdb,scaf64.pdb,17.41366
scaf162.pdb,scaf65.pdb,20.609217
scaf162.pdb,scaf66.pdb,19.073763
scaf162.pdb,scaf67.pdb,23.173405
scaf162.pdb,scaf68.pdb,19.406446
scaf162.pdb,scaf7.pdb,19.759066
scaf162.pdb,scaf70.pdb,15.402245
scaf162.pdb,scaf71.pdb,19.70901
scaf162.pdb,scaf72.pdb,18.291422
scaf162.pdb,scaf74.pdb,23.998816
scaf162.pdb,scaf75.pdb,24.90149
scaf162.pdb,scaf76.pdb,19.768063
scaf162.pdb,scaf77.pdb,19.430008
scaf162.pdb,scaf78.pdb,23.79286
scaf162.pdb,scaf79.pdb,17.048151
scaf162.pdb,scaf8.pdb,25.864216
scaf162.pdb,scaf81.pdb,21.009148
scaf162.pdb,scaf82.pdb,25.17936
scaf162.pdb,scaf83.pdb,24.04811
scaf162.pdb,scaf84.pdb,17.456335
scaf162.pdb,scaf85.pdb,19.985518
scaf162.pdb,scaf86.pdb,23.037682
scaf162.pdb,scaf88.pdb,18.848913
scaf162.pdb,scaf89.pdb,22.856333
scaf162.pdb,scaf9.pdb,18.893703
scaf162.pdb,scaf90.pdb,21.76464
scaf162.pdb,scaf91.pdb,24.837732
scaf162.pdb,scaf92.pdb,21.073278
scaf162.pdb,scaf93.pdb,18.513424
scaf162.pdb,scaf94.pdb,20.066505
scaf162.pdb,scaf95.pdb,19.003273
scaf162.pdb,scaf96.pdb,21.29107
scaf162.pdb,scaf97.pdb,18.678263
scaf162.pdb,scaf98.pdb,24.811821
scaf162.pdb,scaf99.pdb,21.291563
scaf163.pdb,scaf164.pdb,14.057096
scaf163.pdb,scaf166.pdb,22.564867
scaf163.pdb,scaf167.pdb,17.232256
scaf163.pdb,scaf168.pdb,25.037035
scaf163.pdb,scaf169.pdb,23.725887
scaf163.pdb,scaf17.pdb,16.614557
scaf163.pdb,scaf170.pdb,16.646889
scaf163.pdb,scaf171.pdb,18.605083
scaf163.pdb,scaf172.pdb,15.565154
scaf163.pdb,scaf173.pdb,18.211733
scaf163.pdb,scaf174.pdb,17.352625
scaf163.pdb,scaf175.pdb,22.793657
scaf163.pdb,scaf176.pdb,16.317368
scaf163.pdb,scaf177.pdb,22.506779
scaf163.pdb,scaf179.pdb,21.142872
scaf163.pdb,scaf18.pdb,22.476294
scaf163.pdb,scaf19.pdb,19.632532
scaf163.pdb,scaf20.pdb,21.692076
scaf163.pdb,scaf21.pdb,13.967895
scaf163.pdb,scaf22.pdb,22.317719
scaf163.pdb,scaf23.pdb,13.377585
scaf163.pdb,scaf24.pdb,17.958422
scaf163.pdb,scaf26.pdb,24.042875
scaf163.pdb,scaf27.pdb,15.834464
scaf163.pdb,scaf28.pdb,18.568243
scaf163.pdb,scaf29.pdb,14.939539
scaf163.pdb,scaf3.pdb,21.854485
scaf163.pdb,scaf30.pdb,20.764824
scaf163.pdb,scaf31.pdb,17.744183
scaf163.pdb,scaf32.pdb,19.563238
scaf163.pdb,scaf33.pdb,21.082619
scaf163.pdb,scaf34.pdb,20.760735
scaf163.pdb,scaf35.pdb,20.183142
scaf163.pdb,scaf37.pdb,18.056984
scaf163.pdb,scaf38.pdb,22.058811
scaf163.pdb,scaf4.pdb,21.394718
scaf163.pdb,scaf40.pdb,19.248394
scaf163.pdb,scaf42.pdb,17.039207
scaf163.pdb,scaf44.pdb,17.49182
scaf163.pdb,scaf45.pdb,22.580894
scaf163.pdb,scaf47.pdb,18.928665
scaf163.pdb,scaf48.pdb,20.347792
scaf163.pdb,scaf49.pdb,20.096907
scaf163.pdb,scaf5.pdb,21.324093
scaf163.pdb,scaf50.pdb,17.83419
scaf163.pdb,scaf51.pdb,17.981413
scaf163.pdb,scaf52.pdb,20.700178
scaf163.pdb,scaf53.pdb,17.352413
scaf163.pdb,scaf54.pdb,21.451311
scaf163.pdb,scaf55.pdb,21.29969
scaf163.pdb,scaf56.pdb,18.108248
scaf163.pdb,scaf57.pdb,14.493289
scaf163.pdb,scaf58.pdb,20.218784
scaf163.pdb,scaf59.pdb,16.84136
scaf163.pdb,scaf6.pdb,20.501303
scaf163.pdb,scaf60.pdb,21.877792
scaf163.pdb,scaf61.pdb,20.136835
scaf163.pdb,scaf62.pdb,22.37829
scaf163.pdb,scaf63.pdb,21.063
scaf163.pdb,scaf64.pdb,19.919945
scaf163.pdb,scaf65.pdb,17.60873
scaf163.pdb,scaf66.pdb,17.506163
scaf163.pdb,scaf67.pdb,16.053614
scaf163.pdb,scaf68.pdb,18.048613
scaf163.pdb,scaf7.pdb,18.134768
scaf163.pdb,scaf70.pdb,19.494614
scaf163.pdb,scaf71.pdb,17.872616
scaf163.pdb,scaf72.pdb,22.51239
scaf163.pdb,scaf74.pdb,18.133837
scaf163.pdb,scaf75.pdb,22.452389
scaf163.pdb,scaf76.pdb,22.62361
scaf163.pdb,scaf77.pdb,17.98008
scaf163.pdb,scaf78.pdb,17.109259
scaf163.pdb,scaf79.pdb,20.092419
scaf163.pdb,scaf8.pdb,17.29899
scaf163.pdb,scaf81.pdb,18.211906
scaf163.pdb,scaf82.pdb,19.60755
scaf163.pdb,scaf83.pdb,17.479918
scaf163.pdb,scaf84.pdb,21.660498
scaf163.pdb,scaf85.pdb,26.810051
scaf163.pdb,scaf86.pdb,15.790005
scaf163.pdb,scaf88.pdb,19.47543
scaf163.pdb,scaf89.pdb,15.855519
scaf163.pdb,scaf9.pdb,21.866066
scaf163.pdb,scaf90.pdb,20.361475
scaf163.pdb,scaf91.pdb,19.968601
scaf163.pdb,scaf92.pdb,23.489698
scaf163.pdb,scaf93.pdb,17.445765
scaf163.pdb,scaf94.pdb,20.163157
scaf163.pdb,scaf95.pdb,23.786089
scaf163.pdb,scaf96.pdb,17.979544
scaf163.pdb,scaf97.pdb,23.865309
scaf163.pdb,scaf98.pdb,22.404177
scaf163.pdb,scaf99.pdb,17.971878
scaf164.pdb,scaf166.pdb,19.403875
scaf164.pdb,scaf167.pdb,15.393278
scaf164.pdb,scaf168.pdb,22.476402
scaf164.pdb,scaf169.pdb,24.578867
scaf164.pdb,scaf17.pdb,20.331322
scaf164.pdb,scaf170.pdb,20.337387
scaf164.pdb,scaf171.pdb,16.659237
scaf164.pdb,scaf172.pdb,16.515966
scaf164.pdb,scaf173.pdb,16.641073
scaf164.pdb,scaf174.pdb,17.640858
scaf164.pdb,scaf175.pdb,21.568415
scaf164.pdb,scaf176.pdb,18.694809
scaf164.pdb,scaf177.pdb,21.867601
scaf164.pdb,scaf179.pdb,18.58818
scaf164.pdb,scaf18.pdb,19.005854
scaf164.pdb,scaf19.pdb,18.102009
scaf164.pdb,scaf20.pdb,20.577496
scaf164.pdb,scaf21.pdb,13.048934
scaf164.pdb,scaf22.pdb,21.278463
scaf164.pdb,scaf23.pdb,15.617352
scaf164.pdb,scaf24.pdb,16.444014
scaf164.pdb,scaf26.pdb,22.600412
scaf164.pdb,scaf27.pdb,16.365864
scaf164.pdb,scaf28.pdb,16.92786
scaf164.pdb,scaf29.pdb,18.096384
scaf164.pdb,scaf3.pdb,20.193943
scaf164.pdb,scaf30.pdb,16.14713
scaf164.pdb,scaf31.pdb,16.220932
scaf164.pdb,scaf32.pdb,18.061895
scaf164.pdb,scaf33.pdb,22.145632
scaf164.pdb,scaf34.pdb,20.676388
scaf164.pdb,scaf35.pdb,21.752441
scaf164.pdb,scaf37.pdb,12.612503
scaf164.pdb,scaf38.pdb,24.479303
scaf164.pdb,scaf4.pdb,19.587023
scaf164.pdb,scaf40.pdb,17.202103
scaf164.pdb,scaf42.pdb,11.830188
scaf164.pdb,scaf44.pdb,17.976475
scaf164.pdb,scaf45.pdb,18.791672
scaf164.pdb,scaf47.pdb,17.65932
scaf164.pdb,scaf48.pdb,19.00128
scaf164.pdb,scaf49.pdb,19.322075
scaf164.pdb,scaf5.pdb,19.652306
scaf164.pdb,scaf50.pdb,13.6099825
scaf164.pdb,scaf51.pdb,17.643988
scaf164.pdb,scaf52.pdb,19.061848
scaf164.pdb,scaf53.pdb,14.707349
scaf164.pdb,scaf54.pdb,22.662592
scaf164.pdb,scaf55.pdb,19.72397
scaf164.pdb,scaf56.pdb,16.40184
scaf164.pdb,scaf57.pdb,19.471712
scaf164.pdb,scaf58.pdb,21.024014
scaf164.pdb,scaf59.pdb,20.467962
scaf164.pdb,scaf6.pdb,18.509027
scaf164.pdb,scaf60.pdb,20.06482
scaf164.pdb,scaf61.pdb,18.673567
scaf164.pdb,scaf62.pdb,18.614492
scaf164.pdb,scaf63.pdb,20.363302
scaf164.pdb,scaf64.pdb,21.907583
scaf164.pdb,scaf65.pdb,12.091758
scaf164.pdb,scaf66.pdb,16.26815
scaf164.pdb,scaf67.pdb,17.740446
scaf164.pdb,scaf68.pdb,16.136816
scaf164.pdb,scaf7.pdb,16.492586
scaf164.pdb,scaf70.pdb,24.592821
scaf164.pdb,scaf71.pdb,16.324457
scaf164.pdb,scaf72.pdb,24.795433
scaf164.pdb,scaf74.pdb,18.106443
scaf164.pdb,scaf75.pdb,20.858503
scaf164.pdb,scaf76.pdb,20.516378
scaf164.pdb,scaf77.pdb,16.134901
scaf164.pdb,scaf78.pdb,15.655262
scaf164.pdb,scaf79.pdb,20.261955
scaf164.pdb,scaf8.pdb,15.069001
scaf164.pdb,scaf81.pdb,18.328266
scaf164.pdb,scaf82.pdb,18.761936
scaf164.pdb,scaf83.pdb,16.47947
scaf164.pdb,scaf84.pdb,20.105831
scaf164.pdb,scaf85.pdb,22.80622
scaf164.pdb,scaf86.pdb,16.27737
scaf164.pdb,scaf88.pdb,17.644566
scaf164.pdb,scaf89.pdb,16.574532
scaf164.pdb,scaf9.pdb,19.28825
scaf164.pdb,scaf90.pdb,18.928562
scaf164.pdb,scaf91.pdb,19.193386
scaf164.pdb,scaf92.pdb,20.614635
scaf164.pdb,scaf93.pdb,15.200552
scaf164.pdb,scaf94.pdb,18.250265
scaf164.pdb,scaf95.pdb,21.400454
scaf164.pdb,scaf96.pdb,17.950354
scaf164.pdb,scaf97.pdb,22.527512
scaf164.pdb,scaf98.pdb,20.696226
scaf164.pdb,scaf99.pdb,15.26858
scaf166.pdb,scaf167.pdb,23.56372
scaf166.pdb,scaf168.pdb,17.652403
scaf166.pdb,scaf169.pdb,20.539425
scaf166.pdb,scaf17.pdb,19.124512
scaf166.pdb,scaf170.pdb,21.112585
scaf166.pdb,scaf171.pdb,23.518677
scaf166.pdb,scaf172.pdb,25.681278
scaf166.pdb,scaf173.pdb,23.20431
scaf166.pdb,scaf174.pdb,16.787945
scaf166.pdb,scaf175.pdb,16.774197
scaf166.pdb,scaf176.pdb,18.546148
scaf166.pdb,scaf177.pdb,19.666054
scaf166.pdb,scaf179.pdb,25.34322
scaf166.pdb,scaf18.pdb,24.064932
scaf166.pdb,scaf19.pdb,26.03605
scaf166.pdb,scaf20.pdb,17.02524
scaf166.pdb,scaf21.pdb,18.893867
scaf166.pdb,scaf22.pdb,15.673822
scaf166.pdb,scaf23.pdb,20.016186
scaf166.pdb,scaf24.pdb,18.42133
scaf166.pdb,scaf26.pdb,18.741886
scaf166.pdb,scaf27.pdb,25.231396
scaf166.pdb,scaf28.pdb,23.265194
scaf166.pdb,scaf29.pdb,20.841867
scaf166.pdb,scaf3.pdb,14.4142685
scaf166.pdb,scaf30.pdb,15.695784
scaf166.pdb,scaf31.pdb,18.43539
scaf166.pdb,scaf32.pdb,15.137467
scaf166.pdb,scaf33.pdb,15.390026
scaf166.pdb,scaf34.pdb,12.294552
scaf166.pdb,scaf35.pdb,14.499569
scaf166.pdb,scaf37.pdb,21.922022
scaf166.pdb,scaf38.pdb,22.077738
scaf166.pdb,scaf4.pdb,15.595859
scaf166.pdb,scaf40.pdb,25.48654
scaf166.pdb,scaf42.pdb,19.784637
scaf166.pdb,scaf44.pdb,19.20289
scaf166.pdb,scaf45.pdb,19.866539
scaf166.pdb,scaf47.pdb,23.386042
scaf166.pdb,scaf48.pdb,15.544803
scaf166.pdb,scaf49.pdb,26.8067
scaf166.pdb,scaf5.pdb,24.487524
scaf166.pdb,scaf50.pdb,15.27699
scaf166.pdb,scaf51.pdb,23.41023
scaf166.pdb,scaf52.pdb,24.233105
scaf166.pdb,scaf53.pdb,23.286144
scaf166.pdb,scaf54.pdb,19.100372
scaf166.pdb,scaf55.pdb,15.790099
scaf166.pdb,scaf56.pdb,18.170153
scaf166.pdb,scaf57.pdb,25.15204
scaf166.pdb,scaf58.pdb,14.039713
scaf166.pdb,scaf59.pdb,20.749424
scaf166.pdb,scaf6.pdb,12.86874
scaf166.pdb,scaf60.pdb,14.079614
scaf166.pdb,scaf61.pdb,24.165127
scaf166.pdb,scaf62.pdb,19.915867
scaf166.pdb,scaf63.pdb,16.262333
scaf166.pdb,scaf64.pdb,15.267745
scaf166.pdb,scaf65.pdb,21.52466
scaf166.pdb,scaf66.pdb,18.526749
scaf166.pdb,scaf67.pdb,25.791714
scaf166.pdb,scaf68.pdb,18.29742
scaf166.pdb,scaf7.pdb,18.24308
scaf166.pdb,scaf70.pdb,20.666605
scaf166.pdb,scaf71.pdb,18.44654
scaf166.pdb,scaf72.pdb,21.788164
scaf166.pdb,scaf74.pdb,24.466862
scaf166.pdb,scaf75.pdb,24.67745
scaf166.pdb,scaf76.pdb,23.52391
scaf166.pdb,scaf77.pdb,18.481333
scaf166.pdb,scaf78.pdb,17.010374
scaf166.pdb,scaf79.pdb,17.953167
scaf166.pdb,scaf8.pdb,22.289112
scaf166.pdb,scaf81.pdb,19.91781
scaf166.pdb,scaf82.pdb,24.858133
scaf166.pdb,scaf83.pdb,17.5142
scaf166.pdb,scaf84.pdb,11.808535
scaf166.pdb,scaf85.pdb,15.431379
scaf166.pdb,scaf86.pdb,25.446623
scaf166.pdb,scaf88.pdb,11.09687
scaf166.pdb,scaf89.pdb,25.79566
scaf166.pdb,scaf9.pdb,13.0065775
scaf166.pdb,scaf90.pdb,20.497992
scaf166.pdb,scaf91.pdb,26.86345
scaf166.pdb,scaf92.pdb,13.347808
scaf166.pdb,scaf93.pdb,18.706673
scaf166.pdb,scaf94.pdb,25.72695
scaf166.pdb,scaf95.pdb,17.784307
scaf166.pdb,scaf96.pdb,20.50501
scaf166.pdb,scaf97.pdb,19.420723
scaf166.pdb,scaf98.pdb,24.616707
scaf166.pdb,scaf99.pdb,22.612211
scaf167.pdb,scaf168.pdb,27.526695
scaf167.pdb,scaf169.pdb,25.069698
scaf167.pdb,scaf17.pdb,17.035894
scaf167.pdb,scaf170.pdb,21.27195
scaf167.pdb,scaf171.pdb,16.403833
scaf167.pdb,scaf172.pdb,14.27344
scaf167.pdb,scaf173.pdb,16.245623
scaf167.pdb,scaf174.pdb,18.621418
scaf167.pdb,scaf175.pdb,25.882755
scaf167.pdb,scaf176.pdb,19.810099
scaf167.pdb,scaf177.pdb,20.64764
scaf167.pdb,scaf179.pdb,17.791277
scaf167.pdb,scaf18.pdb,20.255547
scaf167.pdb,scaf19.pdb,17.84199
scaf167.pdb,scaf20.pdb,22.978123
scaf167.pdb,scaf21.pdb,17.891102
scaf167.pdb,scaf22.pdb,22.821747
scaf167.pdb,scaf23.pdb,14.968189
scaf167.pdb,scaf24.pdb,16.487642
scaf167.pdb,scaf26.pdb,26.852844
scaf167.pdb,scaf27.pdb,15.931228
scaf167.pdb,scaf28.pdb,16.91398
scaf167.pdb,scaf29.pdb,16.91229
scaf167.pdb,scaf3.pdb,22.154375
scaf167.pdb,scaf30.pdb,21.75241
scaf167.pdb,scaf31.pdb,16.098537
scaf167.pdb,scaf32.pdb,20.678555
scaf167.pdb,scaf33.pdb,24.85498
scaf167.pdb,scaf34.pdb,24.272728
scaf167.pdb,scaf35.pdb,23.308823
scaf167.pdb,scaf37.pdb,14.912773
scaf167.pdb,scaf38.pdb,23.679308
scaf167.pdb,scaf4.pdb,21.263334
scaf167.pdb,scaf40.pdb,14.2317095
scaf167.pdb,scaf42.pdb,19.07102
scaf167.pdb,scaf44.pdb,18.391327
scaf167.pdb,scaf45.pdb,18.955841
scaf167.pdb,scaf47.pdb,11.674588
scaf167.pdb,scaf48.pdb,19.494516
scaf167.pdb,scaf49.pdb,17.106628
scaf167.pdb,scaf5.pdb,20.944696
scaf167.pdb,scaf50.pdb,15.747443
scaf167.pdb,scaf51.pdb,13.026181
scaf167.pdb,scaf52.pdb,15.859459
scaf167.pdb,scaf53.pdb,8.928584
scaf167.pdb,scaf54.pdb,21.810816
scaf167.pdb,scaf55.pdb,21.07831
scaf167.pdb,scaf56.pdb,16.942741
scaf167.pdb,scaf57.pdb,13.055563
scaf167.pdb,scaf58.pdb,23.45026
scaf167.pdb,scaf59.pdb,21.3962
scaf167.pdb,scaf6.pdb,18.4844
scaf167.pdb,scaf60.pdb,21.833693
scaf167.pdb,scaf61.pdb,18.042007
scaf167.pdb,scaf62.pdb,18.693413
scaf167.pdb,scaf63.pdb,20.87916
scaf167.pdb,scaf64.pdb,23.202875
scaf167.pdb,scaf65.pdb,14.929458
scaf167.pdb,scaf66.pdb,16.654146
scaf167.pdb,scaf67.pdb,13.117825
scaf167.pdb,scaf68.pdb,16.500244
scaf167.pdb,scaf7.pdb,16.58718
scaf167.pdb,scaf70.pdb,20.66369
scaf167.pdb,scaf71.pdb,16.430283
scaf167.pdb,scaf72.pdb,23.824738
scaf167.pdb,scaf74.pdb,18.501642
scaf167.pdb,scaf75.pdb,19.198854
scaf167.pdb,scaf76.pdb,21.71047
scaf167.pdb,scaf77.pdb,16.302204
scaf167.pdb,scaf78.pdb,18.2376
scaf167.pdb,scaf79.pdb,22.771841
scaf167.pdb,scaf8.pdb,10.357295
scaf167.pdb,scaf81.pdb,15.981021
scaf167.pdb,scaf82.pdb,18.116892
scaf167.pdb,scaf83.pdb,18.462498
scaf167.pdb,scaf84.pdb,21.72101
scaf167.pdb,scaf85.pdb,29.192179
scaf167.pdb,scaf86.pdb,15.8052
scaf167.pdb,scaf88.pdb,19.410652
scaf167.pdb,scaf89.pdb,16.22913
scaf167.pdb,scaf9.pdb,23.146194
scaf167.pdb,scaf90.pdb,21.879284
scaf167.pdb,scaf91.pdb,16.980312
scaf167.pdb,scaf92.pdb,23.5215
scaf167.pdb,scaf93.pdb,15.557313
scaf167.pdb,scaf94.pdb,14.901442
scaf167.pdb,scaf95.pdb,25.601545
scaf167.pdb,scaf96.pdb,14.38896
scaf167.pdb,scaf97.pdb,27.423754
scaf167.pdb,scaf98.pdb,19.060713
scaf167.pdb,scaf99.pdb,17.146255
scaf168.pdb,scaf169.pdb,14.899197
scaf168.pdb,scaf17.pdb,23.198734
scaf168.pdb,scaf170.pdb,20.25495
scaf168.pdb,scaf171.pdb,20.701061
scaf168.pdb,scaf172.pdb,24.213507
scaf168.pdb,scaf173.pdb,20.651203
scaf168.pdb,scaf174.pdb,22.999136
scaf168.pdb,scaf175.pdb,13.004901
scaf168.pdb,scaf176.pdb,21.755487
scaf168.pdb,scaf177.pdb,17.708555
scaf168.pdb,scaf179.pdb,23.340424
scaf168.pdb,scaf18.pdb,27.35965
scaf168.pdb,scaf19.pdb,25.307766
scaf168.pdb,scaf20.pdb,18.180828
scaf168.pdb,scaf21.pdb,20.403088
scaf168.pdb,scaf22.pdb,12.985604
scaf168.pdb,scaf23.pdb,23.936184
scaf168.pdb,scaf24.pdb,21.758232
scaf168.pdb,scaf26.pdb,4.484507
scaf168.pdb,scaf27.pdb,23.540049
scaf168.pdb,scaf28.pdb,20.7202
scaf168.pdb,scaf29.pdb,23.9953
scaf168.pdb,scaf3.pdb,18.199942
scaf168.pdb,scaf30.pdb,18.410015
scaf168.pdb,scaf31.pdb,21.960419
scaf168.pdb,scaf32.pdb,18.136024
scaf168.pdb,scaf33.pdb,16.284575
scaf168.pdb,scaf34.pdb,14.694115
scaf168.pdb,scaf35.pdb,16.25354
scaf168.pdb,scaf37.pdb,24.574183
scaf168.pdb,scaf38.pdb,16.953966
scaf168.pdb,scaf4.pdb,19.790573
scaf168.pdb,scaf40.pdb,24.674067
scaf168.pdb,scaf42.pdb,21.503325
scaf168.pdb,scaf44.pdb,23.834074
scaf168.pdb,scaf45.pdb,18.01414
scaf168.pdb,scaf47.pdb,26.463125
scaf168.pdb,scaf48.pdb,19.059158
scaf168.pdb,scaf49.pdb,22.27085
scaf168.pdb,scaf5.pdb,26.593412
scaf168.pdb,scaf50.pdb,22.148413
scaf168.pdb,scaf51.pdb,26.432932
scaf168.pdb,scaf52.pdb,23.382704
scaf168.pdb,scaf53.pdb,25.586456
scaf168.pdb,scaf54.pdb,19.840021
scaf168.pdb,scaf55.pdb,19.781055
scaf168.pdb,scaf56.pdb,21.198967
scaf168.pdb,scaf57.pdb,27.568787
scaf168.pdb,scaf58.pdb,15.48299
scaf168.pdb,scaf59.pdb,20.131096
scaf168.pdb,scaf6.pdb,22.357286
scaf168.pdb,scaf60.pdb,18.303513
scaf168.pdb,scaf61.pdb,23.93636
scaf168.pdb,scaf62.pdb,17.446941
scaf168.pdb,scaf63.pdb,19.01971
scaf168.pdb,scaf64.pdb,16.631397
scaf168.pdb,scaf65.pdb,24.041904
scaf168.pdb,scaf66.pdb,21.512512
scaf168.pdb,scaf67.pdb,26.272194
scaf168.pdb,scaf68.pdb,21.5715
scaf168.pdb,scaf7.pdb,21.76092
scaf168.pdb,scaf70.pdb,21.45736
scaf168.pdb,scaf71.pdb,21.827417
scaf168.pdb,scaf72.pdb,16.489414
scaf168.pdb,scaf74.pdb,22.145435
scaf168.pdb,scaf75.pdb,24.71784
scaf168.pdb,scaf76.pdb,21.322239
scaf168.pdb,scaf77.pdb,21.830635
scaf168.pdb,scaf78.pdb,21.411058
scaf168.pdb,scaf79.pdb,16.146801
scaf168.pdb,scaf8.pdb,25.228962
scaf168.pdb,scaf81.pdb,26.828419
scaf168.pdb,scaf82.pdb,22.534727
scaf168.pdb,scaf83.pdb,23.07894
scaf168.pdb,scaf84.pdb,15.200935
scaf168.pdb,scaf85.pdb,14.413823
scaf168.pdb,scaf86.pdb,23.307196
scaf168.pdb,scaf88.pdb,19.498272
scaf168.pdb,scaf89.pdb,22.956873
scaf168.pdb,scaf9.pdb,18.135057
scaf168.pdb,scaf90.pdb,17.809769
scaf168.pdb,scaf91.pdb,22.280416
scaf168.pdb,scaf92.pdb,17.259848
scaf168.pdb,scaf93.pdb,21.929592
scaf168.pdb,scaf94.pdb,27.456467
scaf168.pdb,scaf95.pdb,14.013688
scaf168.pdb,scaf96.pdb,26.976383
scaf168.pdb,scaf97.pdb,6.331016
scaf168.pdb,scaf98.pdb,24.712128
scaf168.pdb,scaf99.pdb,23.79699
scaf169.pdb,scaf17.pdb,19.853502
scaf169.pdb,scaf170.pdb,20.161848
scaf169.pdb,scaf171.pdb,17.254885
scaf169.pdb,scaf172.pdb,21.604916
scaf169.pdb,scaf173.pdb,17.723074
scaf169.pdb,scaf174.pdb,24.61174
scaf169.pdb,scaf175.pdb,17.934834
scaf169.pdb,scaf176.pdb,23.596264
scaf169.pdb,scaf177.pdb,20.390629
scaf169.pdb,scaf179.pdb,18.691841
scaf169.pdb,scaf18.pdb,28.588177
scaf169.pdb,scaf19.pdb,22.63715
scaf169.pdb,scaf20.pdb,15.178465
scaf169.pdb,scaf21.pdb,22.81936
scaf169.pdb,scaf22.pdb,16.946394
scaf169.pdb,scaf23.pdb,24.179867
scaf169.pdb,scaf24.pdb,23.600943
scaf169.pdb,scaf26.pdb,14.781454
scaf169.pdb,scaf27.pdb,21.104675
scaf169.pdb,scaf28.pdb,17.482079
scaf169.pdb,scaf29.pdb,24.506296
scaf169.pdb,scaf3.pdb,20.124985
scaf169.pdb,scaf30.pdb,20.606802
scaf169.pdb,scaf31.pdb,23.498327
scaf169.pdb,scaf32.pdb,21.099108
scaf169.pdb,scaf33.pdb,18.644125
scaf169.pdb,scaf34.pdb,16.626377
scaf169.pdb,scaf35.pdb,18.018665
scaf169.pdb,scaf37.pdb,23.949997
scaf169.pdb,scaf38.pdb,6.791608
scaf169.pdb,scaf4.pdb,22.075172
scaf169.pdb,scaf40.pdb,22.970411
scaf169.pdb,scaf42.pdb,23.047619
scaf169.pdb,scaf44.pdb,24.847887
scaf169.pdb,scaf45.pdb,13.221972
scaf169.pdb,scaf47.pdb,24.097168
scaf169.pdb,scaf48.pdb,21.47868
scaf169.pdb,scaf49.pdb,21.175055
scaf169.pdb,scaf5.pdb,23.985146
scaf169.pdb,scaf50.pdb,23.037043
scaf169.pdb,scaf51.pdb,24.470036
scaf169.pdb,scaf52.pdb,20.572617
scaf169.pdb,scaf53.pdb,23.110712
scaf169.pdb,scaf54.pdb,17.153828
scaf169.pdb,scaf55.pdb,22.091747
scaf169.pdb,scaf56.pdb,23.355934
scaf169.pdb,scaf57.pdb,24.19995
scaf169.pdb,scaf58.pdb,17.836512
scaf169.pdb,scaf59.pdb,20.175774
scaf169.pdb,scaf6.pdb,24.757505
scaf169.pdb,scaf60.pdb,20.365932
scaf169.pdb,scaf61.pdb,21.647734
scaf169.pdb,scaf62.pdb,12.640641
scaf169.pdb,scaf63.pdb,20.495049
scaf169.pdb,scaf64.pdb,18.399607
scaf169.pdb,scaf65.pdb,23.454952
scaf169.pdb,scaf66.pdb,23.568262
scaf169.pdb,scaf67.pdb,23.458931
scaf169.pdb,scaf68.pdb,23.532879
scaf169.pdb,scaf7.pdb,23.68621
scaf169.pdb,scaf70.pdb,19.359083
scaf169.pdb,scaf71.pdb,23.853825
scaf169.pdb,scaf72.pdb,6.176106
scaf169.pdb,scaf74.pdb,20.164194
scaf169.pdb,scaf75.pdb,22.293678
scaf169.pdb,scaf76.pdb,19.288183
scaf169.pdb,scaf77.pdb,23.723408
scaf169.pdb,scaf78.pdb,24.438522
scaf169.pdb,scaf79.pdb,12.342588
scaf169.pdb,scaf8.pdb,23.277214
scaf169.pdb,scaf81.pdb,23.99361
scaf169.pdb,scaf82.pdb,20.689873
scaf169.pdb,scaf83.pdb,24.541742
scaf169.pdb,scaf84.pdb,20.828367
scaf169.pdb,scaf85.pdb,19.723892
scaf169.pdb,scaf86.pdb,20.69342
scaf169.pdb,scaf88.pdb,21.909986
scaf169.pdb,scaf89.pdb,20.171938
scaf169.pdb,scaf9.pdb,20.361732
scaf169.pdb,scaf90.pdb,13.757085
scaf169.pdb,scaf91.pdb,21.047262
scaf169.pdb,scaf92.pdb,20.338507
scaf169.pdb,scaf93.pdb,23.66223
scaf169.pdb,scaf94.pdb,26.01726
scaf169.pdb,scaf95.pdb,18.492268
scaf169.pdb,scaf96.pdb,24.50683
scaf169.pdb,scaf97.pdb,14.889878
scaf169.pdb,scaf98.pdb,22.278511
scaf169.pdb,scaf99.pdb,20.90368
scaf17.pdb,scaf170.pdb,17.517548
scaf17.pdb,scaf171.pdb,21.164404
scaf17.pdb,scaf172.pdb,18.043009
scaf17.pdb,scaf173.pdb,21.168995
scaf17.pdb,scaf174.pdb,16.05882
scaf17.pdb,scaf175.pdb,19.93993
scaf17.pdb,scaf176.pdb,13.3206625
scaf17.pdb,scaf177.pdb,17.74898
scaf17.pdb,scaf179.pdb,21.290913
scaf17.pdb,scaf18.pdb,19.930363
scaf17.pdb,scaf19.pdb,21.184923
scaf17.pdb,scaf20.pdb,16.713533
scaf17.pdb,scaf21.pdb,17.71128
scaf17.pdb,scaf22.pdb,18.292332
scaf17.pdb,scaf23.pdb,17.67637
scaf17.pdb,scaf24.pdb,16.07382
scaf17.pdb,scaf26.pdb,22.592897
scaf17.pdb,scaf27.pdb,17.380875
scaf17.pdb,scaf28.pdb,21.086163
scaf17.pdb,scaf29.pdb,13.924786
scaf17.pdb,scaf3.pdb,16.104395
scaf17.pdb,scaf30.pdb,19.235083
scaf17.pdb,scaf31.pdb,15.932618
scaf17.pdb,scaf32.pdb,16.242758
scaf17.pdb,scaf33.pdb,17.209639
scaf17.pdb,scaf34.pdb,17.343842
scaf17.pdb,scaf35.pdb,17.446365
scaf17.pdb,scaf37.pdb,20.746645
scaf17.pdb,scaf38.pdb,19.054726
scaf17.pdb,scaf4.pdb,16.46251
scaf17.pdb,scaf40.pdb,20.258791
scaf17.pdb,scaf42.pdb,19.814919
scaf17.pdb,scaf44.pdb,15.127432
scaf17.pdb,scaf45.pdb,17.00039
scaf17.pdb,scaf47.pdb,17.950876
scaf17.pdb,scaf48.pdb,14.32236
scaf17.pdb,scaf49.pdb,22.145521
scaf17.pdb,scaf5.pdb,20.918447
scaf17.pdb,scaf50.pdb,18.031437
scaf17.pdb,scaf51.pdb,18.920645
scaf17.pdb,scaf52.pdb,20.831816
scaf17.pdb,scaf53.pdb,17.481852
scaf17.pdb,scaf54.pdb,15.243669
scaf17.pdb,scaf55.pdb,16.213062
scaf17.pdb,scaf56.pdb,16.540028
scaf17.pdb,scaf57.pdb,15.961692
scaf17.pdb,scaf58.pdb,17.337595
scaf17.pdb,scaf59.pdb,17.673159
scaf17.pdb,scaf6.pdb,16.640984
scaf17.pdb,scaf60.pdb,16.28981
scaf17.pdb,scaf61.pdb,16.933962
scaf17.pdb,scaf62.pdb,17.20682
scaf17.pdb,scaf63.pdb,15.103852
scaf17.pdb,scaf64.pdb,17.017666
scaf17.pdb,scaf65.pdb,20.358551
scaf17.pdb,scaf66.pdb,16.287827
scaf17.pdb,scaf67.pdb,17.325546
scaf17.pdb,scaf68.pdb,16.292576
scaf17.pdb,scaf7.pdb,16.131163
scaf17.pdb,scaf70.pdb,16.429792
scaf17.pdb,scaf71.pdb,16.34539
scaf17.pdb,scaf72.pdb,19.305277
scaf17.pdb,scaf74.pdb,18.629292
scaf17.pdb,scaf75.pdb,17.356863
scaf17.pdb,scaf76.pdb,19.869108
scaf17.pdb,scaf77.pdb,16.534355
scaf17.pdb,scaf78.pdb,18.773708
scaf17.pdb,scaf79.pdb,17.688099
scaf17.pdb,scaf8.pdb,17.889334
scaf17.pdb,scaf81.pdb,17.25211
scaf17.pdb,scaf82.pdb,17.762775
scaf17.pdb,scaf83.pdb,16.632832
scaf17.pdb,scaf84.pdb,16.750595
scaf17.pdb,scaf85.pdb,21.844128
scaf17.pdb,scaf86.pdb,17.707209
scaf17.pdb,scaf88.pdb,14.924507
scaf17.pdb,scaf89.pdb,18.26243
scaf17.pdb,scaf9.pdb,17.246937
scaf17.pdb,scaf90.pdb,18.603981
scaf17.pdb,scaf91.pdb,22.104206
scaf17.pdb,scaf92.pdb,17.930084
scaf17.pdb,scaf93.pdb,15.854973
scaf17.pdb,scaf94.pdb,23.749054
scaf17.pdb,scaf95.pdb,23.350096
scaf17.pdb,scaf96.pdb,16.99509
scaf17.pdb,scaf97.pdb,23.089336
scaf17.pdb,scaf98.pdb,17.322815
scaf17.pdb,scaf99.pdb,17.260674
scaf170.pdb,scaf171.pdb,19.715534
scaf170.pdb,scaf172.pdb,14.213989
scaf170.pdb,scaf173.pdb,19.566668
scaf170.pdb,scaf174.pdb,18.539854
scaf170.pdb,scaf175.pdb,20.569263
scaf170.pdb,scaf176.pdb,14.855093
scaf170.pdb,scaf177.pdb,22.32044
scaf170.pdb,scaf179.pdb,17.862867
scaf170.pdb,scaf18.pdb,25.90101
scaf170.pdb,scaf19.pdb,19.254702
scaf170.pdb,scaf20.pdb,18.920465
scaf170.pdb,scaf21.pdb,16.274797
scaf170.pdb,scaf22.pdb,20.628145
scaf170.pdb,scaf23.pdb,18.70724
scaf170.pdb,scaf24.pdb,18.710482
scaf170.pdb,scaf26.pdb,20.201458
scaf170.pdb,scaf27.pdb,13.47501
scaf170.pdb,scaf28.pdb,19.8355
scaf170.pdb,scaf29.pdb,16.69332
scaf170.pdb,scaf3.pdb,21.279137
scaf170.pdb,scaf30.pdb,21.278685
scaf170.pdb,scaf31.pdb,18.970154
scaf170.pdb,scaf32.pdb,20.67494
scaf170.pdb,scaf33.pdb,20.628492
scaf170.pdb,scaf34.pdb,19.603052
scaf170.pdb,scaf35.pdb,19.388134
scaf170.pdb,scaf37.pdb,24.224876
scaf170.pdb,scaf38.pdb,21.464123
scaf170.pdb,scaf4.pdb,19.173388
scaf170.pdb,scaf40.pdb,18.211683
scaf170.pdb,scaf42.pdb,18.29951
scaf170.pdb,scaf44.pdb,16.267496
scaf170.pdb,scaf45.pdb,17.152725
scaf170.pdb,scaf47.pdb,20.865864
scaf170.pdb,scaf48.pdb,19.702389
scaf170.pdb,scaf49.pdb,18.156918
scaf170.pdb,scaf5.pdb,22.542671
scaf170.pdb,scaf50.pdb,18.64769
scaf170.pdb,scaf51.pdb,18.761927
scaf170.pdb,scaf52.pdb,18.365107
scaf170.pdb,scaf53.pdb,19.24567
scaf170.pdb,scaf54.pdb,19.190805
scaf170.pdb,scaf55.pdb,19.10229
scaf170.pdb,scaf56.pdb,18.926521
scaf170.pdb,scaf57.pdb,17.131666
scaf170.pdb,scaf58.pdb,19.254019
scaf170.pdb,scaf59.pdb,1.5205774
scaf170.pdb,scaf6.pdb,19.115023
scaf170.pdb,scaf60.pdb,20.983385
scaf170.pdb,scaf61.pdb,14.973532
scaf170.pdb,scaf62.pdb,17.15069
scaf170.pdb,scaf63.pdb,20.831556
scaf170.pdb,scaf64.pdb,19.968742
scaf170.pdb,scaf65.pdb,23.680798
scaf170.pdb,scaf66.pdb,18.619362
scaf170.pdb,scaf67.pdb,18.353973
scaf170.pdb,scaf68.pdb,18.967194
scaf170.pdb,scaf7.pdb,18.658955
scaf170.pdb,scaf70.pdb,19.597847
scaf170.pdb,scaf71.pdb,18.617374
scaf170.pdb,scaf72.pdb,21.339552
scaf170.pdb,scaf74.pdb,12.99662
scaf170.pdb,scaf75.pdb,15.486296
scaf170.pdb,scaf76.pdb,20.154758
scaf170.pdb,scaf77.pdb,18.969786
scaf170.pdb,scaf78.pdb,18.159243
scaf170.pdb,scaf79.pdb,20.910906
scaf170.pdb,scaf8.pdb,19.28487
scaf170.pdb,scaf81.pdb,18.848764
scaf170.pdb,scaf82.pdb,15.934351
scaf170.pdb,scaf83.pdb,15.195463
scaf170.pdb,scaf84.pdb,19.029129
scaf170.pdb,scaf85.pdb,22.30375
scaf170.pdb,scaf86.pdb,13.60105
scaf170.pdb,scaf88.pdb,19.225342
scaf170.pdb,scaf89.pdb,13.902157
scaf170.pdb,scaf9.pdb,21.088
scaf170.pdb,scaf90.pdb,16.447464
scaf170.pdb,scaf91.pdb,18.234465
scaf170.pdb,scaf92.pdb,21.512926
scaf170.pdb,scaf93.pdb,19.523655
scaf170.pdb,scaf94.pdb,23.503294
scaf170.pdb,scaf95.pdb,20.292683
scaf170.pdb,scaf96.pdb,19.104553
scaf170.pdb,scaf97.pdb,19.954653
scaf170.pdb,scaf98.pdb,15.445562
scaf170.pdb,scaf99.pdb,17.394548
scaf171.pdb,scaf172.pdb,15.782498
scaf171.pdb,scaf173.pdb,2.6922581
scaf171.pdb,scaf174.pdb,23.746752
scaf171.pdb,scaf175.pdb,19.822525
scaf171.pdb,scaf176.pdb,24.718523
scaf171.pdb,scaf177.pdb,20.503738
scaf171.pdb,scaf179.pdb,17.022486
scaf171.pdb,scaf18.pdb,21.345348
scaf171.pdb,scaf19.pdb,10.69589
scaf171.pdb,scaf20.pdb,18.13637
scaf171.pdb,scaf21.pdb,18.947182
scaf171.pdb,scaf22.pdb,20.041634
scaf171.pdb,scaf23.pdb,16.231382
scaf171.pdb,scaf24.pdb,21.692848
scaf171.pdb,scaf26.pdb,19.480236
scaf171.pdb,scaf27.pdb,16.53709
scaf171.pdb,scaf28.pdb,1.6270986
scaf171.pdb,scaf29.pdb,22.922186
scaf171.pdb,scaf3.pdb,24.783665
scaf171.pdb,scaf30.pdb,17.312855
scaf171.pdb,scaf31.pdb,21.276358
scaf171.pdb,scaf32.pdb,19.359327
scaf171.pdb,scaf33.pdb,20.886703
scaf171.pdb,scaf34.pdb,21.753149
scaf171.pdb,scaf35.pdb,20.784351
scaf171.pdb,scaf37.pdb,15.426903
scaf171.pdb,scaf38.pdb,16.826654
scaf171.pdb,scaf4.pdb,26.006794
scaf171.pdb,scaf40.pdb,15.292598
scaf171.pdb,scaf42.pdb,19.275194
scaf171.pdb,scaf44.pdb,25.428295
scaf171.pdb,scaf45.pdb,16.818407
scaf171.pdb,scaf47.pdb,19.356829
scaf171.pdb,scaf48.pdb,23.908472
scaf171.pdb,scaf49.pdb,16.087326
scaf171.pdb,scaf5.pdb,20.521257
scaf171.pdb,scaf50.pdb,17.522312
scaf171.pdb,scaf51.pdb,20.533447
scaf171.pdb,scaf52.pdb,19.144955
scaf171.pdb,scaf53.pdb,18.112183
scaf171.pdb,scaf54.pdb,20.668169
scaf171.pdb,scaf55.pdb,26.010183
scaf171.pdb,scaf56.pdb,21.675034
scaf171.pdb,scaf57.pdb,19.576162
scaf171.pdb,scaf58.pdb,20.677353
scaf171.pdb,scaf59.pdb,19.62505
scaf171.pdb,scaf6.pdb,24.624855
scaf171.pdb,scaf60.pdb,24.977674
scaf171.pdb,scaf61.pdb,20.404501
scaf171.pdb,scaf62.pdb,16.241499
scaf171.pdb,scaf63.pdb,24.791063
scaf171.pdb,scaf64.pdb,20.950228
scaf171.pdb,scaf65.pdb,15.004055
scaf171.pdb,scaf66.pdb,21.463306
scaf171.pdb,scaf67.pdb,18.79777
scaf171.pdb,scaf68.pdb,21.50711
scaf171.pdb,scaf7.pdb,21.93703
scaf171.pdb,scaf70.pdb,22.261505
scaf171.pdb,scaf71.pdb,21.815657
scaf171.pdb,scaf72.pdb,16.979963
scaf171.pdb,scaf74.pdb,18.047516
scaf171.pdb,scaf75.pdb,22.77666
scaf171.pdb,scaf76.pdb,13.658632
scaf171.pdb,scaf77.pdb,21.515886
scaf171.pdb,scaf78.pdb,21.653479
scaf171.pdb,scaf79.pdb,16.206303
scaf171.pdb,scaf8.pdb,18.7066
scaf171.pdb,scaf81.pdb,23.75666
scaf171.pdb,scaf82.pdb,19.457298
scaf171.pdb,scaf83.pdb,21.171852
scaf171.pdb,scaf84.pdb,20.531143
scaf171.pdb,scaf85.pdb,24.626308
scaf171.pdb,scaf86.pdb,15.703221
scaf171.pdb,scaf88.pdb,23.174276
scaf171.pdb,scaf89.pdb,14.578191
scaf171.pdb,scaf9.pdb,23.678255
scaf171.pdb,scaf90.pdb,15.79013
scaf171.pdb,scaf91.pdb,15.739695
scaf171.pdb,scaf92.pdb,25.538176
scaf171.pdb,scaf93.pdb,20.414948
scaf171.pdb,scaf94.pdb,14.414814
scaf171.pdb,scaf95.pdb,19.067251
scaf171.pdb,scaf96.pdb,22.98988
scaf171.pdb,scaf97.pdb,19.32603
scaf171.pdb,scaf98.pdb,22.660137
scaf171.pdb,scaf99.pdb,14.819588
scaf172.pdb,scaf173.pdb,16.081165
scaf172.pdb,scaf174.pdb,20.224623
scaf172.pdb,scaf175.pdb,24.584887
scaf172.pdb,scaf176.pdb,17.681349
scaf172.pdb,scaf177.pdb,23.13143
scaf172.pdb,scaf179.pdb,13.846718
scaf172.pdb,scaf18.pdb,24.004782
scaf172.pdb,scaf19.pdb,16.15664
scaf172.pdb,scaf20.pdb,20.987106
scaf172.pdb,scaf21.pdb,16.686098
scaf172.pdb,scaf22.pdb,23.642971
scaf172.pdb,scaf23.pdb,18.777084
scaf172.pdb,scaf24.pdb,18.831923
scaf172.pdb,scaf26.pdb,23.993876
scaf172.pdb,scaf27.pdb,6.4558125
scaf172.pdb,scaf28.pdb,16.512506
scaf172.pdb,scaf29.pdb,16.822948
scaf172.pdb,scaf3.pdb,24.152126
scaf172.pdb,scaf30.pdb,21.776865
scaf172.pdb,scaf31.pdb,18.624516
scaf172.pdb,scaf32.pdb,22.187315
scaf172.pdb,scaf33.pdb,24.284588
scaf172.pdb,scaf34.pdb,23.272192
scaf172.pdb,scaf35.pdb,23.518589
scaf172.pdb,scaf37.pdb,19.082882
scaf172.pdb,scaf38.pdb,21.838709
scaf172.pdb,scaf4.pdb,22.062471
scaf172.pdb,scaf40.pdb,12.435038
scaf172.pdb,scaf42.pdb,19.392033
scaf172.pdb,scaf44.pdb,17.189558
scaf172.pdb,scaf45.pdb,15.231433
scaf172.pdb,scaf47.pdb,16.22244
scaf172.pdb,scaf48.pdb,22.183498
scaf172.pdb,scaf49.pdb,13.224468
scaf172.pdb,scaf5.pdb,23.072987
scaf172.pdb,scaf50.pdb,19.20749
scaf172.pdb,scaf51.pdb,13.424953
scaf172.pdb,scaf52.pdb,12.99809
scaf172.pdb,scaf53.pdb,11.661687
scaf172.pdb,scaf54.pdb,21.638138
scaf172.pdb,scaf55.pdb,21.887814
scaf172.pdb,scaf56.pdb,18.957891
scaf172.pdb,scaf57.pdb,11.795923
scaf172.pdb,scaf58.pdb,23.158964
scaf172.pdb,scaf59.pdb,14.545303
scaf172.pdb,scaf6.pdb,20.376562
scaf172.pdb,scaf60.pdb,23.949995
scaf172.pdb,scaf61.pdb,11.277265
scaf172.pdb,scaf62.pdb,14.936014
scaf172.pdb,scaf63.pdb,23.146463
scaf172.pdb,scaf64.pdb,23.824371
scaf172.pdb,scaf65.pdb,18.580488
scaf172.pdb,scaf66.pdb,18.534075
scaf172.pdb,scaf67.pdb,9.444205
scaf172.pdb,scaf68.pdb,19.028221
scaf172.pdb,scaf7.pdb,18.89394
scaf172.pdb,scaf70.pdb,21.934904
scaf172.pdb,scaf71.pdb,18.648064
scaf172.pdb,scaf72.pdb,22.040302
scaf172.pdb,scaf74.pdb,9.138516
scaf172.pdb,scaf75.pdb,14.145672
scaf172.pdb,scaf76.pdb,20.142069
scaf172.pdb,scaf77.pdb,18.907738
scaf172.pdb,scaf78.pdb,18.012804
scaf172.pdb,scaf79.pdb,22.11852
scaf172.pdb,scaf8.pdb,12.312743
scaf172.pdb,scaf81.pdb,18.094437
scaf172.pdb,scaf82.pdb,13.337557
scaf172.pdb,scaf83.pdb,16.379858
scaf172.pdb,scaf84.pdb,22.990252
scaf172.pdb,scaf85.pdb,27.096952
scaf172.pdb,scaf86.pdb,5.657021
scaf172.pdb,scaf88.pdb,21.184448
scaf172.pdb,scaf89.pdb,5.2969975
scaf172.pdb,scaf9.pdb,23.949022
scaf172.pdb,scaf90.pdb,15.711001
scaf172.pdb,scaf91.pdb,13.1295
scaf172.pdb,scaf92.pdb,25.058598
scaf172.pdb,scaf93.pdb,19.059484
scaf172.pdb,scaf94.pdb,18.7492
scaf172.pdb,scaf95.pdb,23.700624
scaf172.pdb,scaf96.pdb,17.42416
scaf172.pdb,scaf97.pdb,23.576178
scaf172.pdb,scaf98.pdb,14.012933
scaf172.pdb,scaf99.pdb,15.0104475
scaf173.pdb,scaf174.pdb,23.518349
scaf173.pdb,scaf175.pdb,19.667837
scaf173.pdb,scaf176.pdb,24.309395
scaf173.pdb,scaf177.pdb,20.007027
scaf173.pdb,scaf179.pdb,17.843887
scaf173.pdb,scaf18.pdb,20.977055
scaf173.pdb,scaf19.pdb,10.237186
scaf173.pdb,scaf20.pdb,18.86072
scaf173.pdb,scaf21.pdb,18.865765
scaf173.pdb,scaf22.pdb,19.462902
scaf173.pdb,scaf23.pdb,15.605838
scaf173.pdb,scaf24.pdb,21.421314
scaf173.pdb,scaf26.pdb,19.402786
scaf173.pdb,scaf27.pdb,17.006107
scaf173.pdb,scaf28.pdb,2.5992863
scaf173.pdb,scaf29.pdb,22.659891
scaf173.pdb,scaf3.pdb,24.48675
scaf173.pdb,scaf30.pdb,17.320297
scaf173.pdb,scaf31.pdb,21.07173
scaf173.pdb,scaf32.pdb,19.099674
scaf173.pdb,scaf33.pdb,20.632183
scaf173.pdb,scaf34.pdb,21.289366
scaf173.pdb,scaf35.pdb,19.933249
scaf173.pdb,scaf37.pdb,15.778007
scaf173.pdb,scaf38.pdb,17.121264
scaf173.pdb,scaf4.pdb,25.637978
scaf173.pdb,scaf40.pdb,15.62463
scaf173.pdb,scaf42.pdb,19.572031
scaf173.pdb,scaf44.pdb,25.178679
scaf173.pdb,scaf45.pdb,17.785067
scaf173.pdb,scaf47.pdb,19.617579
scaf173.pdb,scaf48.pdb,23.579414
scaf173.pdb,scaf49.pdb,15.982693
scaf173.pdb,scaf5.pdb,21.354183
scaf173.pdb,scaf50.pdb,17.14792
scaf173.pdb,scaf51.pdb,20.593283
scaf173.pdb,scaf52.pdb,19.13297
scaf173.pdb,scaf53.pdb,18.060038
scaf173.pdb,scaf54.pdb,19.861963
scaf173.pdb,scaf55.pdb,25.679588
scaf173.pdb,scaf56.pdb,21.404907
scaf173.pdb,scaf57.pdb,19.806997
scaf173.pdb,scaf58.pdb,19.967106
scaf173.pdb,scaf59.pdb,19.50851
scaf173.pdb,scaf6.pdb,24.3651
scaf173.pdb,scaf60.pdb,24.626854
scaf173.pdb,scaf61.pdb,21.079826
scaf173.pdb,scaf62.pdb,17.14885
scaf173.pdb,scaf63.pdb,24.485067
scaf173.pdb,scaf64.pdb,20.253387
scaf173.pdb,scaf65.pdb,15.369018
scaf173.pdb,scaf66.pdb,21.193388
scaf173.pdb,scaf67.pdb,19.135464
scaf173.pdb,scaf68.pdb,21.2273
scaf173.pdb,scaf7.pdb,21.646915
scaf173.pdb,scaf70.pdb,21.965828
scaf173.pdb,scaf71.pdb,21.513905
scaf173.pdb,scaf72.pdb,17.261715
scaf173.pdb,scaf74.pdb,18.64484
scaf173.pdb,scaf75.pdb,23.16834
scaf173.pdb,scaf76.pdb,14.108445
scaf173.pdb,scaf77.pdb,21.212439
scaf173.pdb,scaf78.pdb,21.122375
scaf173.pdb,scaf79.pdb,16.134949
scaf173.pdb,scaf8.pdb,18.889196
scaf173.pdb,scaf81.pdb,23.817549
scaf173.pdb,scaf82.pdb,20.13748
scaf173.pdb,scaf83.pdb,21.130302
scaf173.pdb,scaf84.pdb,20.117983
scaf173.pdb,scaf85.pdb,24.317808
scaf173.pdb,scaf86.pdb,16.201996
scaf173.pdb,scaf88.pdb,22.714521
scaf173.pdb,scaf89.pdb,15.099658
scaf173.pdb,scaf9.pdb,23.547136
scaf173.pdb,scaf90.pdb,16.400883
scaf173.pdb,scaf91.pdb,15.671047
scaf173.pdb,scaf92.pdb,24.981417
scaf173.pdb,scaf93.pdb,20.254164
scaf173.pdb,scaf94.pdb,13.918377
scaf173.pdb,scaf95.pdb,18.712965
scaf173.pdb,scaf96.pdb,23.023647
scaf173.pdb,scaf97.pdb,19.24193
scaf173.pdb,scaf98.pdb,23.053722
scaf173.pdb,scaf99.pdb,15.977814
scaf174.pdb,scaf175.pdb,19.621252
scaf174.pdb,scaf176.pdb,11.508864
scaf174.pdb,scaf177.pdb,18.141523
scaf174.pdb,scaf179.pdb,23.951595
scaf174.pdb,scaf18.pdb,19.359066
scaf174.pdb,scaf19.pdb,23.662716
scaf174.pdb,scaf20.pdb,19.686777
scaf174.pdb,scaf21.pdb,12.420737
scaf174.pdb,scaf22.pdb,17.621964
scaf174.pdb,scaf23.pdb,17.151426
scaf174.pdb,scaf24.pdb,13.607637
scaf174.pdb,scaf26.pdb,23.421963
scaf174.pdb,scaf27.pdb,21.200504
scaf174.pdb,scaf28.pdb,23.798853
scaf174.pdb,scaf29.pdb,10.762986
scaf174.pdb,scaf3.pdb,17.37878
scaf174.pdb,scaf30.pdb,19.489893
scaf174.pdb,scaf31.pdb,13.616504
scaf174.pdb,scaf32.pdb,14.865846
scaf174.pdb,scaf33.pdb,18.551094
scaf174.pdb,scaf34.pdb,16.693285
scaf174.pdb,scaf35.pdb,17.88995
scaf174.pdb,scaf37.pdb,17.978928
scaf174.pdb,scaf38.pdb,24.44906
scaf174.pdb,scaf4.pdb,16.220938
scaf174.pdb,scaf40.pdb,19.811577
scaf174.pdb,scaf42.pdb,17.687126
scaf174.pdb,scaf44.pdb,14.127475
scaf174.pdb,scaf45.pdb,22.418962
scaf174.pdb,scaf47.pdb,16.038664
scaf174.pdb,scaf48.pdb,15.507764
scaf174.pdb,scaf49.pdb,22.387232
scaf174.pdb,scaf5.pdb,20.861015
scaf174.pdb,scaf50.pdb,15.916988
scaf174.pdb,scaf51.pdb,14.144518
scaf174.pdb,scaf52.pdb,20.305908
scaf174.pdb,scaf53.pdb,18.763063
scaf174.pdb,scaf54.pdb,16.647411
scaf174.pdb,scaf55.pdb,16.251778
scaf174.pdb,scaf56.pdb,13.653318
scaf174.pdb,scaf57.pdb,15.966278
scaf174.pdb,scaf58.pdb,17.138891
scaf174.pdb,scaf59.pdb,18.610868
scaf174.pdb,scaf6.pdb,15.180508
scaf174.pdb,scaf60.pdb,16.854769
scaf174.pdb,scaf61.pdb,18.723557
scaf174.pdb,scaf62.pdb,21.962433
scaf174.pdb,scaf63.pdb,17.039822
scaf174.pdb,scaf64.pdb,17.660221
scaf174.pdb,scaf65.pdb,17.897486
scaf174.pdb,scaf66.pdb,12.977635
scaf174.pdb,scaf67.pdb,16.546215
scaf174.pdb,scaf68.pdb,13.540772
scaf174.pdb,scaf7.pdb,13.517822
scaf174.pdb,scaf70.pdb,15.061944
scaf174.pdb,scaf71.pdb,13.346592
scaf174.pdb,scaf72.pdb,24.518705
scaf174.pdb,scaf74.pdb,21.34413
scaf174.pdb,scaf75.pdb,19.695581
scaf174.pdb,scaf76.pdb,21.634941
scaf174.pdb,scaf77.pdb,13.429307
scaf174.pdb,scaf78.pdb,15.477758
scaf174.pdb,scaf79.pdb,21.787317
scaf174.pdb,scaf8.pdb,18.02374
scaf174.pdb,scaf81.pdb,11.602038
scaf174.pdb,scaf82.pdb,22.009272
scaf174.pdb,scaf83.pdb,17.602457
scaf174.pdb,scaf84.pdb,16.800463
scaf174.pdb,scaf85.pdb,20.45047
scaf174.pdb,scaf86.pdb,21.275795
scaf174.pdb,scaf88.pdb,12.040932
scaf174.pdb,scaf89.pdb,21.659273
scaf174.pdb,scaf9.pdb,16.094637
scaf174.pdb,scaf90.pdb,23.332098
scaf174.pdb,scaf91.pdb,22.41645
scaf174.pdb,scaf92.pdb,18.686163
scaf174.pdb,scaf93.pdb,13.556354
scaf174.pdb,scaf94.pdb,21.774765
scaf174.pdb,scaf95.pdb,22.070896
scaf174.pdb,scaf96.pdb,11.568806
scaf174.pdb,scaf97.pdb,23.994009
scaf174.pdb,scaf98.pdb,19.604855
scaf174.pdb,scaf99.pdb,19.606516
scaf175.pdb,scaf176.pdb,19.849995
scaf175.pdb,scaf177.pdb,15.568493
scaf175.pdb,scaf179.pdb,24.74338
scaf175.pdb,scaf18.pdb,22.141266
scaf175.pdb,scaf19.pdb,20.401722
scaf175.pdb,scaf20.pdb,14.571683
scaf175.pdb,scaf21.pdb,18.208502
scaf175.pdb,scaf22.pdb,14.067651
scaf175.pdb,scaf23.pdb,20.780136
scaf175.pdb,scaf24.pdb,20.807713
scaf175.pdb,scaf26.pdb,12.027908
scaf175.pdb,scaf27.pdb,23.498665
scaf175.pdb,scaf28.pdb,19.468477
scaf175.pdb,scaf29.pdb,21.303226
scaf175.pdb,scaf3.pdb,19.026903
scaf175.pdb,scaf30.pdb,15.19981
scaf175.pdb,scaf31.pdb,20.711843
scaf175.pdb,scaf32.pdb,14.573696
scaf175.pdb,scaf33.pdb,10.61339
scaf175.pdb,scaf34.pdb,12.016251
scaf175.pdb,scaf35.pdb,14.836989
scaf175.pdb,scaf37.pdb,21.901104
scaf175.pdb,scaf38.pdb,17.718178
scaf175.pdb,scaf4.pdb,21.947279
scaf175.pdb,scaf40.pdb,24.767666
scaf175.pdb,scaf42.pdb,19.276428
scaf175.pdb,scaf44.pdb,23.69099
scaf175.pdb,scaf45.pdb,19.727327
scaf175.pdb,scaf47.pdb,25.571009
scaf175.pdb,scaf48.pdb,19.132605
scaf175.pdb,scaf49.pdb,23.892864
scaf175.pdb,scaf5.pdb,22.315132
scaf175.pdb,scaf50.pdb,18.041891
scaf175.pdb,scaf51.pdb,25.401428
scaf175.pdb,scaf52.pdb,25.737833
scaf175.pdb,scaf53.pdb,26.102009
scaf175.pdb,scaf54.pdb,14.895354
scaf175.pdb,scaf55.pdb,21.94447
scaf175.pdb,scaf56.pdb,20.557276
scaf175.pdb,scaf57.pdb,26.234495
scaf175.pdb,scaf58.pdb,14.105427
scaf175.pdb,scaf59.pdb,20.335321
scaf175.pdb,scaf6.pdb,22.670572
scaf175.pdb,scaf60.pdb,19.486895
scaf175.pdb,scaf61.pdb,24.184792
scaf175.pdb,scaf62.pdb,19.023886
scaf175.pdb,scaf63.pdb,19.752628
scaf175.pdb,scaf64.pdb,14.268059
scaf175.pdb,scaf65.pdb,21.622137
scaf175.pdb,scaf66.pdb,20.297476
scaf175.pdb,scaf67.pdb,25.911247
scaf175.pdb,scaf68.pdb,20.519407
scaf175.pdb,scaf7.pdb,20.857512
scaf175.pdb,scaf70.pdb,18.254984
scaf175.pdb,scaf71.pdb,20.904646
scaf175.pdb,scaf72.pdb,17.659782
scaf175.pdb,scaf74.pdb,22.976519
scaf175.pdb,scaf75.pdb,25.50851
scaf175.pdb,scaf76.pdb,15.746695
scaf175.pdb,scaf77.pdb,20.76928
scaf175.pdb,scaf78.pdb,22.797272
scaf175.pdb,scaf79.pdb,12.621449
scaf175.pdb,scaf8.pdb,26.10857
scaf175.pdb,scaf81.pdb,25.246853
scaf175.pdb,scaf82.pdb,24.671915
scaf175.pdb,scaf83.pdb,22.123568
scaf175.pdb,scaf84.pdb,15.95267
scaf175.pdb,scaf85.pdb,13.810397
scaf175.pdb,scaf86.pdb,23.34112
scaf175.pdb,scaf88.pdb,17.921547
scaf175.pdb,scaf89.pdb,23.063576
scaf175.pdb,scaf9.pdb,17.965315
scaf175.pdb,scaf90.pdb,17.90416
scaf175.pdb,scaf91.pdb,23.871904
scaf175.pdb,scaf92.pdb,19.196716
scaf175.pdb,scaf93.pdb,19.659363
scaf175.pdb,scaf94.pdb,23.575232
scaf175.pdb,scaf95.pdb,14.160786
scaf175.pdb,scaf96.pdb,25.03985
scaf175.pdb,scaf97.pdb,12.334645
scaf175.pdb,scaf98.pdb,25.47727
scaf175.pdb,scaf99.pdb,19.847643
scaf176.pdb,scaf177.pdb,17.262606
scaf176.pdb,scaf179.pdb,22.899893
scaf176.pdb,scaf18.pdb,19.50416
scaf176.pdb,scaf19.pdb,23.612492
scaf176.pdb,scaf20.pdb,20.764204
scaf176.pdb,scaf21.pdb,9.974249
scaf176.pdb,scaf22.pdb,17.51546
scaf176.pdb,scaf23.pdb,17.66115
scaf176.pdb,scaf24.pdb,12.440123
scaf176.pdb,scaf26.pdb,21.901354
scaf176.pdb,scaf27.pdb,17.613636
scaf176.pdb,scaf28.pdb,24.842293
scaf176.pdb,scaf29.pdb,9.225843
scaf176.pdb,scaf3.pdb,15.528107
scaf176.pdb,scaf30.pdb,20.398033
scaf176.pdb,scaf31.pdb,12.54561
scaf176.pdb,scaf32.pdb,14.127501
scaf176.pdb,scaf33.pdb,18.130013
scaf176.pdb,scaf34.pdb,15.916424
scaf176.pdb,scaf35.pdb,17.354696
scaf176.pdb,scaf37.pdb,21.719126
scaf176.pdb,scaf38.pdb,23.55315
scaf176.pdb,scaf4.pdb,13.526075
scaf176.pdb,scaf40.pdb,19.806784
scaf176.pdb,scaf42.pdb,17.17394
scaf176.pdb,scaf44.pdb,9.765219
scaf176.pdb,scaf45.pdb,20.038816
scaf176.pdb,scaf47.pdb,18.916265
scaf176.pdb,scaf48.pdb,13.564014
scaf176.pdb,scaf49.pdb,21.458563
scaf176.pdb,scaf5.pdb,23.42309
scaf176.pdb,scaf50.pdb,17.047361
scaf176.pdb,scaf51.pdb,17.23789
scaf176.pdb,scaf52.pdb,19.481497
scaf176.pdb,scaf53.pdb,18.48421
scaf176.pdb,scaf54.pdb,16.16441
scaf176.pdb,scaf55.pdb,13.454871
scaf176.pdb,scaf56.pdb,12.67053
scaf176.pdb,scaf57.pdb,16.331427
scaf176.pdb,scaf58.pdb,16.902388
scaf176.pdb,scaf59.pdb,15.146695
scaf176.pdb,scaf6.pdb,15.059558
scaf176.pdb,scaf60.pdb,15.178504
scaf176.pdb,scaf61.pdb,15.495119
scaf176.pdb,scaf62.pdb,19.687983
scaf176.pdb,scaf63.pdb,14.536204
scaf176.pdb,scaf64.pdb,17.41235
scaf176.pdb,scaf65.pdb,21.397165
scaf176.pdb,scaf66.pdb,12.057428
scaf176.pdb,scaf67.pdb,16.618086
scaf176.pdb,scaf68.pdb,12.603069
scaf176.pdb,scaf7.pdb,12.294958
scaf176.pdb,scaf70.pdb,17.643398
scaf176.pdb,scaf71.pdb,12.168923
scaf176.pdb,scaf72.pdb,23.748995
scaf176.pdb,scaf74.pdb,17.766455
scaf176.pdb,scaf75.pdb,15.909544
scaf176.pdb,scaf76.pdb,22.443132
scaf176.pdb,scaf77.pdb,12.615528
scaf176.pdb,scaf78.pdb,14.693183
scaf176.pdb,scaf79.pdb,20.89201
scaf176.pdb,scaf8.pdb,18.35273
scaf176.pdb,scaf81.pdb,16.25811
scaf176.pdb,scaf82.pdb,18.68358
scaf176.pdb,scaf83.pdb,14.148942
scaf176.pdb,scaf84.pdb,16.318386
scaf176.pdb,scaf85.pdb,19.643808
scaf176.pdb,scaf86.pdb,17.94124
scaf176.pdb,scaf88.pdb,12.429201
scaf176.pdb,scaf89.pdb,18.594511
scaf176.pdb,scaf9.pdb,15.5370035
scaf176.pdb,scaf90.pdb,20.535725
scaf176.pdb,scaf91.pdb,21.555296
scaf176.pdb,scaf92.pdb,16.574278
scaf176.pdb,scaf93.pdb,13.179954
scaf176.pdb,scaf94.pdb,24.557322
scaf176.pdb,scaf95.pdb,22.70645
scaf176.pdb,scaf96.pdb,16.263645
scaf176.pdb,scaf97.pdb,21.955847
scaf176.pdb,scaf98.pdb,15.85772
scaf176.pdb,scaf99.pdb,19.984
scaf177.pdb,scaf179.pdb,25.153524
scaf177.pdb,scaf18.pdb,15.165233
scaf177.pdb,scaf19.pdb,22.872711
scaf177.pdb,scaf20.pdb,22.537304
scaf177.pdb,scaf21.pdb,15.904531
scaf177.pdb,scaf22.pdb,10.511616
scaf177.pdb,scaf23.pdb,16.778353
scaf177.pdb,scaf24.pdb,15.04333
scaf177.pdb,scaf26.pdb,16.220705
scaf177.pdb,scaf27.pdb,23.49824
scaf177.pdb,scaf28.pdb,20.458012
scaf177.pdb,scaf29.pdb,16.739553
scaf177.pdb,scaf3.pdb,16.683147
scaf177.pdb,scaf30.pdb,19.784925
scaf177.pdb,scaf31.pdb,15.05129
scaf177.pdb,scaf32.pdb,10.233739
scaf177.pdb,scaf33.pdb,16.323082
scaf177.pdb,scaf34.pdb,16.10812
scaf177.pdb,scaf35.pdb,16.670237
scaf177.pdb,scaf37.pdb,20.532219
scaf177.pdb,scaf38.pdb,19.016106
scaf177.pdb,scaf4.pdb,18.335854
scaf177.pdb,scaf40.pdb,20.577015
scaf177.pdb,scaf42.pdb,19.139647
scaf177.pdb,scaf44.pdb,20.526007
scaf177.pdb,scaf45.pdb,21.901075
scaf177.pdb,scaf47.pdb,20.63875
scaf177.pdb,scaf48.pdb,16.974014
scaf177.pdb,scaf49.pdb,21.126268
scaf177.pdb,scaf5.pdb,21.808283
scaf177.pdb,scaf50.pdb,17.685095
scaf177.pdb,scaf51.pdb,22.382895
scaf177.pdb,scaf52.pdb,20.777634
scaf177.pdb,scaf53.pdb,22.300186
scaf177.pdb,scaf54.pdb,15.831128
scaf177.pdb,scaf55.pdb,18.280603
scaf177.pdb,scaf56.pdb,14.847115
scaf177.pdb,scaf57.pdb,22.30972
scaf177.pdb,scaf58.pdb,16.696583
scaf177.pdb,scaf59.pdb,22.258661
scaf177.pdb,scaf6.pdb,20.564438
scaf177.pdb,scaf60.pdb,16.786087
scaf177.pdb,scaf61.pdb,21.816523
scaf177.pdb,scaf62.pdb,21.099043
scaf177.pdb,scaf63.pdb,16.357294
scaf177.pdb,scaf64.pdb,16.278315
scaf177.pdb,scaf65.pdb,20.469223
scaf177.pdb,scaf66.pdb,14.790607
scaf177.pdb,scaf67.pdb,21.97585
scaf177.pdb,scaf68.pdb,14.842539
scaf177.pdb,scaf7.pdb,15.209571
scaf177.pdb,scaf70.pdb,19.340828
scaf177.pdb,scaf71.pdb,15.161971
scaf177.pdb,scaf72.pdb,19.064924
scaf177.pdb,scaf74.pdb,23.896902
scaf177.pdb,scaf75.pdb,22.995005
scaf177.pdb,scaf76.pdb,19.317755
scaf177.pdb,scaf77.pdb,15.019247
scaf177.pdb,scaf78.pdb,20.465593
scaf177.pdb,scaf79.pdb,18.372694
scaf177.pdb,scaf8.pdb,22.910542
scaf177.pdb,scaf81.pdb,22.868797
scaf177.pdb,scaf82.pdb,22.548262
scaf177.pdb,scaf83.pdb,21.601904
scaf177.pdb,scaf84.pdb,10.838832
scaf177.pdb,scaf85.pdb,20.355946
scaf177.pdb,scaf86.pdb,23.20802
scaf177.pdb,scaf88.pdb,16.264273
scaf177.pdb,scaf89.pdb,22.964247
scaf177.pdb,scaf9.pdb,17.882656
scaf177.pdb,scaf90.pdb,22.754938
scaf177.pdb,scaf91.pdb,21.04305
scaf177.pdb,scaf92.pdb,18.086538
scaf177.pdb,scaf93.pdb,13.741791
scaf177.pdb,scaf94.pdb,22.319288
scaf177.pdb,scaf95.pdb,20.692999
scaf177.pdb,scaf96.pdb,22.387108
scaf177.pdb,scaf97.pdb,17.843824
scaf177.pdb,scaf98.pdb,22.9516
scaf177.pdb,scaf99.pdb,23.119741
scaf179.pdb,scaf18.pdb,28.143469
scaf179.pdb,scaf19.pdb,19.95101
scaf179.pdb,scaf20.pdb,18.498962
scaf179.pdb,scaf21.pdb,22.75894
scaf179.pdb,scaf22.pdb,24.6492
scaf179.pdb,scaf23.pdb,25.399502
scaf179.pdb,scaf24.pdb,21.586388
scaf179.pdb,scaf26.pdb,23.264383
scaf179.pdb,scaf27.pdb,14.177039
scaf179.pdb,scaf28.pdb,17.92103
scaf179.pdb,scaf29.pdb,23.250378
scaf179.pdb,scaf3.pdb,24.567982
scaf179.pdb,scaf30.pdb,22.508045
scaf179.pdb,scaf31.pdb,21.253489
scaf179.pdb,scaf32.pdb,26.098034
scaf179.pdb,scaf33.pdb,27.236948
scaf179.pdb,scaf34.pdb,25.184126
scaf179.pdb,scaf35.pdb,25.84759
scaf179.pdb,scaf37.pdb,20.679052
scaf179.pdb,scaf38.pdb,18.99957
scaf179.pdb,scaf4.pdb,23.85693
scaf179.pdb,scaf40.pdb,14.65572
scaf179.pdb,scaf42.pdb,18.37225
scaf179.pdb,scaf44.pdb,21.78986
scaf179.pdb,scaf45.pdb,13.971698
scaf179.pdb,scaf47.pdb,17.09855
scaf179.pdb,scaf48.pdb,24.022848
scaf179.pdb,scaf49.pdb,13.590332
scaf179.pdb,scaf5.pdb,21.149101
scaf179.pdb,scaf50.pdb,20.802855
scaf179.pdb,scaf51.pdb,17.709225
scaf179.pdb,scaf52.pdb,13.144862
scaf179.pdb,scaf53.pdb,14.215319
scaf179.pdb,scaf54.pdb,23.581078
scaf179.pdb,scaf55.pdb,23.812052
scaf179.pdb,scaf56.pdb,21.530706
scaf179.pdb,scaf57.pdb,19.621283
scaf179.pdb,scaf58.pdb,25.37215
scaf179.pdb,scaf59.pdb,18.194511
scaf179.pdb,scaf6.pdb,23.427345
scaf179.pdb,scaf60.pdb,24.51696
scaf179.pdb,scaf61.pdb,14.366119
scaf179.pdb,scaf62.pdb,13.882088
scaf179.pdb,scaf63.pdb,24.200384
scaf179.pdb,scaf64.pdb,25.962015
scaf179.pdb,scaf65.pdb,20.16614
scaf179.pdb,scaf66.pdb,21.711618
scaf179.pdb,scaf67.pdb,17.250925
scaf179.pdb,scaf68.pdb,21.411085
scaf179.pdb,scaf7.pdb,21.644192
scaf179.pdb,scaf70.pdb,22.851269
scaf179.pdb,scaf71.pdb,21.772966
scaf179.pdb,scaf72.pdb,19.171127
scaf179.pdb,scaf74.pdb,14.257616
scaf179.pdb,scaf75.pdb,15.997477
scaf179.pdb,scaf76.pdb,19.081715
scaf179.pdb,scaf77.pdb,21.517885
scaf179.pdb,scaf78.pdb,22.370285
scaf179.pdb,scaf79.pdb,20.53449
scaf179.pdb,scaf8.pdb,14.371195
scaf179.pdb,scaf81.pdb,20.869091
scaf179.pdb,scaf82.pdb,12.809298
scaf179.pdb,scaf83.pdb,21.03726
scaf179.pdb,scaf84.pdb,26.767296
scaf179.pdb,scaf85.pdb,27.116394
scaf179.pdb,scaf86.pdb,13.860321
scaf179.pdb,scaf88.pdb,24.31716
scaf179.pdb,scaf89.pdb,14.059536
scaf179.pdb,scaf9.pdb,25.370367
scaf179.pdb,scaf90.pdb,15.510795
scaf179.pdb,scaf91.pdb,13.403354
scaf179.pdb,scaf92.pdb,24.931112
scaf179.pdb,scaf93.pdb,21.1939
scaf179.pdb,scaf94.pdb,21.780361
scaf179.pdb,scaf95.pdb,22.482094
scaf179.pdb,scaf96.pdb,20.2548
scaf179.pdb,scaf97.pdb,22.55518
scaf179.pdb,scaf98.pdb,15.90521
scaf179.pdb,scaf99.pdb,14.2921505
scaf18.pdb,scaf19.pdb,22.894377
scaf18.pdb,scaf20.pdb,26.628653
scaf18.pdb,scaf21.pdb,15.719363
scaf18.pdb,scaf22.pdb,20.67191
scaf18.pdb,scaf23.pdb,16.898327
scaf18.pdb,scaf24.pdb,17.74687
scaf18.pdb,scaf26.pdb,25.951675
scaf18.pdb,scaf27.pdb,24.220215
scaf18.pdb,scaf28.pdb,21.289103
scaf18.pdb,scaf29.pdb,17.965488
scaf18.pdb,scaf3.pdb,23.631495
scaf18.pdb,scaf30.pdb,22.816616
scaf18.pdb,scaf31.pdb,17.064203
scaf18.pdb,scaf32.pdb,10.809181
scaf18.pdb,scaf33.pdb,21.601595
scaf18.pdb,scaf34.pdb,23.507729
scaf18.pdb,scaf35.pdb,23.554197
scaf18.pdb,scaf37.pdb,17.24207
scaf18.pdb,scaf38.pdb,26.92562
scaf18.pdb,scaf4.pdb,24.342672
scaf18.pdb,scaf40.pdb,23.0321
scaf18.pdb,scaf42.pdb,20.074505
scaf18.pdb,scaf44.pdb,22.734018
scaf18.pdb,scaf45.pdb,27.013819
scaf18.pdb,scaf47.pdb,21.32359
scaf18.pdb,scaf48.pdb,23.204462
scaf18.pdb,scaf49.pdb,25.206282
scaf18.pdb,scaf5.pdb,23.794725
scaf18.pdb,scaf50.pdb,16.883783
scaf18.pdb,scaf51.pdb,23.429703
scaf18.pdb,scaf52.pdb,23.993568
scaf18.pdb,scaf53.pdb,23.255346
scaf18.pdb,scaf54.pdb,21.794655
scaf18.pdb,scaf55.pdb,24.281944
scaf18.pdb,scaf56.pdb,17.792433
scaf18.pdb,scaf57.pdb,22.088657
scaf18.pdb,scaf58.pdb,23.317924
scaf18.pdb,scaf59.pdb,25.848806
scaf18.pdb,scaf6.pdb,22.56168
scaf18.pdb,scaf60.pdb,23.766172
scaf18.pdb,scaf61.pdb,22.625753
scaf18.pdb,scaf62.pdb,26.238329
scaf18.pdb,scaf63.pdb,23.179726
scaf18.pdb,scaf64.pdb,22.907684
scaf18.pdb,scaf65.pdb,17.654352
scaf18.pdb,scaf66.pdb,17.197548
scaf18.pdb,scaf67.pdb,22.2232
scaf18.pdb,scaf68.pdb,17.523314
scaf18.pdb,scaf7.pdb,18.084139
scaf18.pdb,scaf70.pdb,24.486568
scaf18.pdb,scaf71.pdb,17.883455
scaf18.pdb,scaf72.pdb,27.311089
scaf18.pdb,scaf74.pdb,25.677328
scaf18.pdb,scaf75.pdb,24.281673
scaf18.pdb,scaf76.pdb,21.457952
scaf18.pdb,scaf77.pdb,17.689512
scaf18.pdb,scaf78.pdb,22.257797
scaf18.pdb,scaf79.pdb,23.799189
scaf18.pdb,scaf8.pdb,23.457417
scaf18.pdb,scaf81.pdb,24.627089
scaf18.pdb,scaf82.pdb,25.070522
scaf18.pdb,scaf83.pdb,20.674395
scaf18.pdb,scaf84.pdb,15.454511
scaf18.pdb,scaf85.pdb,28.026415
scaf18.pdb,scaf86.pdb,23.918764
scaf18.pdb,scaf88.pdb,19.714727
scaf18.pdb,scaf89.pdb,23.721909
scaf18.pdb,scaf9.pdb,23.646852
scaf18.pdb,scaf90.pdb,27.408833
scaf18.pdb,scaf91.pdb,25.008064
scaf18.pdb,scaf92.pdb,25.329014
scaf18.pdb,scaf93.pdb,15.253448
scaf18.pdb,scaf94.pdb,19.690245
scaf18.pdb,scaf95.pdb,24.881199
scaf18.pdb,scaf96.pdb,24.050657
scaf18.pdb,scaf97.pdb,26.321712
scaf18.pdb,scaf98.pdb,24.1781
scaf18.pdb,scaf99.pdb,22.114746
scaf19.pdb,scaf20.pdb,19.782152
scaf19.pdb,scaf21.pdb,19.195642
scaf19.pdb,scaf22.pdb,24.725332
scaf19.pdb,scaf23.pdb,17.049198
scaf19.pdb,scaf24.pdb,22.939377
scaf19.pdb,scaf26.pdb,23.777721
scaf19.pdb,scaf27.pdb,15.788121
scaf19.pdb,scaf28.pdb,10.554806
scaf19.pdb,scaf29.pdb,21.91515
scaf19.pdb,scaf3.pdb,27.663029
scaf19.pdb,scaf30.pdb,19.751324
scaf19.pdb,scaf31.pdb,22.73846
scaf19.pdb,scaf32.pdb,20.400988
scaf19.pdb,scaf33.pdb,21.35637
scaf19.pdb,scaf34.pdb,23.171146
scaf19.pdb,scaf35.pdb,22.674822
scaf19.pdb,scaf37.pdb,17.31479
scaf19.pdb,scaf38.pdb,21.625244
scaf19.pdb,scaf4.pdb,28.525349
scaf19.pdb,scaf40.pdb,17.151089
scaf19.pdb,scaf42.pdb,21.344627
scaf19.pdb,scaf44.pdb,24.93889
scaf19.pdb,scaf45.pdb,18.570435
scaf19.pdb,scaf47.pdb,21.49276
scaf19.pdb,scaf48.pdb,25.905317
scaf19.pdb,scaf49.pdb,18.409208
scaf19.pdb,scaf5.pdb,20.682123
scaf19.pdb,scaf50.pdb,18.138988
scaf19.pdb,scaf51.pdb,20.409184
scaf19.pdb,scaf52.pdb,21.285286
scaf19.pdb,scaf53.pdb,20.073494
scaf19.pdb,scaf54.pdb,19.660507
scaf19.pdb,scaf55.pdb,28.36575
scaf19.pdb,scaf56.pdb,23.547762
scaf19.pdb,scaf57.pdb,19.474155
scaf19.pdb,scaf58.pdb,22.936884
scaf19.pdb,scaf59.pdb,19.28465
scaf19.pdb,scaf6.pdb,25.561203
scaf19.pdb,scaf60.pdb,27.751474
scaf19.pdb,scaf61.pdb,20.774216
scaf19.pdb,scaf62.pdb,17.89463
scaf19.pdb,scaf63.pdb,26.90593
scaf19.pdb,scaf64.pdb,22.751625
scaf19.pdb,scaf65.pdb,16.925323
scaf19.pdb,scaf66.pdb,22.730366
scaf19.pdb,scaf67.pdb,20.273401
scaf19.pdb,scaf68.pdb,22.939335
scaf19.pdb,scaf7.pdb,22.992374
scaf19.pdb,scaf70.pdb,22.897076
scaf19.pdb,scaf71.pdb,22.80807
scaf19.pdb,scaf72.pdb,21.659315
scaf19.pdb,scaf74.pdb,16.865189
scaf19.pdb,scaf75.pdb,22.278801
scaf19.pdb,scaf76.pdb,13.969927
scaf19.pdb,scaf77.pdb,22.757578
scaf19.pdb,scaf78.pdb,25.011013
scaf19.pdb,scaf79.pdb,20.139284
scaf19.pdb,scaf8.pdb,21.40932
scaf19.pdb,scaf81.pdb,23.392576
scaf19.pdb,scaf82.pdb,21.395554
scaf19.pdb,scaf83.pdb,20.98804
scaf19.pdb,scaf84.pdb,22.744783
scaf19.pdb,scaf85.pdb,27.021425
scaf19.pdb,scaf86.pdb,15.296678
scaf19.pdb,scaf88.pdb,24.388878
scaf19.pdb,scaf89.pdb,14.792348
scaf19.pdb,scaf9.pdb,27.438116
scaf19.pdb,scaf90.pdb,17.352102
scaf19.pdb,scaf91.pdb,18.341032
scaf19.pdb,scaf92.pdb,28.290676
scaf19.pdb,scaf93.pdb,21.960835
scaf19.pdb,scaf94.pdb,14.30801
scaf19.pdb,scaf95.pdb,22.14008
scaf19.pdb,scaf96.pdb,22.252592
scaf19.pdb,scaf97.pdb,23.564928
scaf19.pdb,scaf98.pdb,22.180676
scaf19.pdb,scaf99.pdb,13.926872
scaf20.pdb,scaf21.pdb,22.047068
scaf20.pdb,scaf22.pdb,19.328266
scaf20.pdb,scaf23.pdb,22.91597
scaf20.pdb,scaf24.pdb,22.08369
scaf20.pdb,scaf26.pdb,18.523273
scaf20.pdb,scaf27.pdb,19.548557
scaf20.pdb,scaf28.pdb,17.95605
scaf20.pdb,scaf29.pdb,22.482151
scaf20.pdb,scaf3.pdb,19.634403
scaf20.pdb,scaf30.pdb,15.030288
scaf20.pdb,scaf31.pdb,21.767317
scaf20.pdb,scaf32.pdb,20.651613
scaf20.pdb,scaf33.pdb,16.500307
scaf20.pdb,scaf34.pdb,16.425894
scaf20.pdb,scaf35.pdb,17.669525
scaf20.pdb,scaf37.pdb,20.026413
scaf20.pdb,scaf38.pdb,16.448168
scaf20.pdb,scaf4.pdb,21.294611
scaf20.pdb,scaf40.pdb,22.778671
scaf20.pdb,scaf42.pdb,19.920588
scaf20.pdb,scaf44.pdb,22.454433
scaf20.pdb,scaf45.pdb,11.923426
scaf20.pdb,scaf47.pdb,21.66268
scaf20.pdb,scaf48.pdb,19.836271
scaf20.pdb,scaf49.pdb,22.889332
scaf20.pdb,scaf5.pdb,20.530495
scaf20.pdb,scaf50.pdb,18.782692
scaf20.pdb,scaf51.pdb,22.138742
scaf20.pdb,scaf52.pdb,23.37616
scaf20.pdb,scaf53.pdb,21.675333
scaf20.pdb,scaf54.pdb,17.066074
scaf20.pdb,scaf55.pdb,21.331036
scaf20.pdb,scaf56.pdb,22.036757
scaf20.pdb,scaf57.pdb,22.93043
scaf20.pdb,scaf58.pdb,16.818357
scaf20.pdb,scaf59.pdb,18.75146
scaf20.pdb,scaf6.pdb,20.88209
scaf20.pdb,scaf60.pdb,20.002134
scaf20.pdb,scaf61.pdb,20.277912
scaf20.pdb,scaf62.pdb,12.018663
scaf20.pdb,scaf63.pdb,20.598309
scaf20.pdb,scaf64.pdb,17.284771
scaf20.pdb,scaf65.pdb,19.462471
scaf20.pdb,scaf66.pdb,21.9846
scaf20.pdb,scaf67.pdb,22.764273
scaf20.pdb,scaf68.pdb,21.881943
scaf20.pdb,scaf7.pdb,22.128626
scaf20.pdb,scaf70.pdb,18.743998
scaf20.pdb,scaf71.pdb,22.370674
scaf20.pdb,scaf72.pdb,16.524252
scaf20.pdb,scaf74.pdb,19.106596
scaf20.pdb,scaf75.pdb,21.404758
scaf20.pdb,scaf76.pdb,16.366043
scaf20.pdb,scaf77.pdb,22.182514
scaf20.pdb,scaf78.pdb,22.295916
scaf20.pdb,scaf79.pdb,13.833496
scaf20.pdb,scaf8.pdb,21.44351
scaf20.pdb,scaf81.pdb,20.987108
scaf20.pdb,scaf82.pdb,19.742384
scaf20.pdb,scaf83.pdb,20.077934
scaf20.pdb,scaf84.pdb,20.135904
scaf20.pdb,scaf85.pdb,17.99528
scaf20.pdb,scaf86.pdb,19.656563
scaf20.pdb,scaf88.pdb,19.086538
scaf20.pdb,scaf89.pdb,19.831343
scaf20.pdb,scaf9.pdb,18.444353
scaf20.pdb,scaf90.pdb,13.866808
scaf20.pdb,scaf91.pdb,22.755283
scaf20.pdb,scaf92.pdb,19.920511
scaf20.pdb,scaf93.pdb,21.212727
scaf20.pdb,scaf94.pdb,23.83027
scaf20.pdb,scaf95.pdb,16.241655
scaf20.pdb,scaf96.pdb,21.060717
scaf20.pdb,scaf97.pdb,18.725084
scaf20.pdb,scaf98.pdb,21.378845
scaf20.pdb,scaf99.pdb,14.78872
scaf21.pdb,scaf22.pdb,16.40942
scaf21.pdb,scaf23.pdb,12.449577
scaf21.pdb,scaf24.pdb,9.076315
scaf21.pdb,scaf26.pdb,19.921797
scaf21.pdb,scaf27.pdb,16.406439
scaf21.pdb,scaf28.pdb,19.200788
scaf21.pdb,scaf29.pdb,9.77012
scaf21.pdb,scaf3.pdb,17.150364
scaf21.pdb,scaf30.pdb,17.793053
scaf21.pdb,scaf31.pdb,9.345688
scaf21.pdb,scaf32.pdb,11.627572
scaf21.pdb,scaf33.pdb,16.861715
scaf21.pdb,scaf34.pdb,15.869025
scaf21.pdb,scaf35.pdb,18.70277
scaf21.pdb,scaf37.pdb,16.682226
scaf21.pdb,scaf38.pdb,21.899052
scaf21.pdb,scaf4.pdb,15.530655
scaf21.pdb,scaf40.pdb,17.049973
scaf21.pdb,scaf42.pdb,11.203609
scaf21.pdb,scaf44.pdb,11.773946
scaf21.pdb,scaf45.pdb,20.170214
scaf21.pdb,scaf47.pdb,18.455067
scaf21.pdb,scaf48.pdb,15.163439
scaf21.pdb,scaf49.pdb,19.831568
scaf21.pdb,scaf5.pdb,16.869213
scaf21.pdb,scaf50.pdb,13.159038
scaf21.pdb,scaf51.pdb,15.8334055
scaf21.pdb,scaf52.pdb,17.484632
scaf21.pdb,scaf53.pdb,17.927599
scaf21.pdb,scaf54.pdb,18.330345
scaf21.pdb,scaf55.pdb,15.634771
scaf21.pdb,scaf56.pdb,9.26791
scaf21.pdb,scaf57.pdb,15.9607935
scaf21.pdb,scaf58.pdb,18.046955
scaf21.pdb,scaf59.pdb,16.50566
scaf21.pdb,scaf6.pdb,16.465477
scaf21.pdb,scaf60.pdb,16.636427
scaf21.pdb,scaf61.pdb,16.886686
scaf21.pdb,scaf62.pdb,19.614511
scaf21.pdb,scaf63.pdb,16.076473
scaf21.pdb,scaf64.pdb,18.647268
scaf21.pdb,scaf65.pdb,16.50499
scaf21.pdb,scaf66.pdb,8.4259205
scaf21.pdb,scaf67.pdb,15.5447035
scaf21.pdb,scaf68.pdb,8.951899
scaf21.pdb,scaf7.pdb,8.981746
scaf21.pdb,scaf70.pdb,20.219238
scaf21.pdb,scaf71.pdb,8.385228
scaf21.pdb,scaf72.pdb,22.066229
scaf21.pdb,scaf74.pdb,17.698605
scaf21.pdb,scaf75.pdb,18.750546
scaf21.pdb,scaf76.pdb,19.696932
scaf21.pdb,scaf77.pdb,8.483187
scaf21.pdb,scaf78.pdb,11.3997345
scaf21.pdb,scaf79.pdb,18.466291
scaf21.pdb,scaf8.pdb,17.548971
scaf21.pdb,scaf81.pdb,15.742211
scaf21.pdb,scaf82.pdb,19.478218
scaf21.pdb,scaf83.pdb,15.705452
scaf21.pdb,scaf84.pdb,16.008146
scaf21.pdb,scaf85.pdb,20.569448
scaf21.pdb,scaf86.pdb,16.181564
scaf21.pdb,scaf88.pdb,13.022622
scaf21.pdb,scaf89.pdb,16.289019
scaf21.pdb,scaf9.pdb,15.631079
scaf21.pdb,scaf90.pdb,19.80815
scaf21.pdb,scaf91.pdb,19.910982
scaf21.pdb,scaf92.pdb,18.47676
scaf21.pdb,scaf93.pdb,9.300031
scaf21.pdb,scaf94.pdb,20.007927
scaf21.pdb,scaf95.pdb,23.135372
scaf21.pdb,scaf96.pdb,15.735901
scaf21.pdb,scaf97.pdb,20.10333
scaf21.pdb,scaf98.pdb,18.590393
scaf21.pdb,scaf99.pdb,17.860315
scaf22.pdb,scaf23.pdb,17.15511
scaf22.pdb,scaf24.pdb,16.445139
scaf22.pdb,scaf26.pdb,12.656741
scaf22.pdb,scaf27.pdb,24.150402
scaf22.pdb,scaf28.pdb,19.889427
scaf22.pdb,scaf29.pdb,18.028198
scaf22.pdb,scaf3.pdb,12.42179
scaf22.pdb,scaf30.pdb,17.747423
scaf22.pdb,scaf31.pdb,16.489973
scaf22.pdb,scaf32.pdb,10.451576
scaf22.pdb,scaf33.pdb,13.077149
scaf22.pdb,scaf34.pdb,10.875386
scaf22.pdb,scaf35.pdb,11.85055
scaf22.pdb,scaf37.pdb,21.437504
scaf22.pdb,scaf38.pdb,17.153608
scaf22.pdb,scaf4.pdb,15.115143
scaf22.pdb,scaf40.pdb,23.228857
scaf22.pdb,scaf42.pdb,19.590437
scaf22.pdb,scaf44.pdb,19.8806
scaf22.pdb,scaf45.pdb,20.495455
scaf22.pdb,scaf47.pdb,22.167313
scaf22.pdb,scaf48.pdb,12.977373
scaf22.pdb,scaf49.pdb,22.913486
scaf22.pdb,scaf5.pdb,23.583578
scaf22.pdb,scaf50.pdb,17.882412
scaf22.pdb,scaf51.pdb,23.168379
scaf22.pdb,scaf52.pdb,21.675896
scaf22.pdb,scaf53.pdb,22.89625
scaf22.pdb,scaf54.pdb,15.22549
scaf22.pdb,scaf55.pdb,15.186687
scaf22.pdb,scaf56.pdb,15.968575
scaf22.pdb,scaf57.pdb,23.151608
scaf22.pdb,scaf58.pdb,11.521843
scaf22.pdb,scaf59.pdb,20.40527
scaf22.pdb,scaf6.pdb,18.946938
scaf22.pdb,scaf60.pdb,12.47489
scaf22.pdb,scaf61.pdb,22.717165
scaf22.pdb,scaf62.pdb,19.779593
scaf22.pdb,scaf63.pdb,12.891421
scaf22.pdb,scaf64.pdb,11.962716
scaf22.pdb,scaf65.pdb,21.212572
scaf22.pdb,scaf66.pdb,16.170149
scaf22.pdb,scaf67.pdb,22.682673
scaf22.pdb,scaf68.pdb,16.251608
scaf22.pdb,scaf7.pdb,16.58181
scaf22.pdb,scaf70.pdb,17.258472
scaf22.pdb,scaf71.pdb,16.578829
scaf22.pdb,scaf72.pdb,16.974771
scaf22.pdb,scaf74.pdb,24.00197
scaf22.pdb,scaf75.pdb,23.355034
scaf22.pdb,scaf76.pdb,21.08964
scaf22.pdb,scaf77.pdb,16.505772
scaf22.pdb,scaf78.pdb,18.108557
scaf22.pdb,scaf79.pdb,15.251499
scaf22.pdb,scaf8.pdb,22.980026
scaf22.pdb,scaf81.pdb,22.8112
scaf22.pdb,scaf82.pdb,23.74563
scaf22.pdb,scaf83.pdb,21.36995
scaf22.pdb,scaf84.pdb,8.095031
scaf22.pdb,scaf85.pdb,15.854638
scaf22.pdb,scaf86.pdb,23.95166
scaf22.pdb,scaf88.pdb,13.290763
scaf22.pdb,scaf89.pdb,23.658245
scaf22.pdb,scaf9.pdb,12.249843
scaf22.pdb,scaf90.pdb,20.018627
scaf22.pdb,scaf91.pdb,22.823503
scaf22.pdb,scaf92.pdb,13.165354
scaf22.pdb,scaf93.pdb,16.360817
scaf22.pdb,scaf94.pdb,24.4564
scaf22.pdb,scaf95.pdb,17.915985
scaf22.pdb,scaf96.pdb,22.816694
scaf22.pdb,scaf97.pdb,13.9043045
scaf22.pdb,scaf98.pdb,23.314747
scaf22.pdb,scaf99.pdb,23.874718
scaf23.pdb,scaf24.pdb,14.868322
scaf23.pdb,scaf26.pdb,22.722195
scaf23.pdb,scaf27.pdb,19.735485
scaf23.pdb,scaf28.pdb,15.819496
scaf23.pdb,scaf29.pdb,13.654109
scaf23.pdb,scaf3.pdb,19.389025
scaf23.pdb,scaf30.pdb,17.017763
scaf23.pdb,scaf31.pdb,15.310367
scaf23.pdb,scaf32.pdb,14.433544
scaf23.pdb,scaf33.pdb,16.864656
scaf23.pdb,scaf34.pdb,18.357841
scaf23.pdb,scaf35.pdb,16.801529
scaf23.pdb,scaf37.pdb,15.207902
scaf23.pdb,scaf38.pdb,22.792559
scaf23.pdb,scaf4.pdb,18.74768
scaf23.pdb,scaf40.pdb,18.997023
scaf23.pdb,scaf42.pdb,16.3395
scaf23.pdb,scaf44.pdb,17.305887
scaf23.pdb,scaf45.pdb,21.897282
scaf23.pdb,scaf47.pdb,18.228556
scaf23.pdb,scaf48.pdb,17.289581
scaf23.pdb,scaf49.pdb,21.860851
scaf23.pdb,scaf5.pdb,15.20012
scaf23.pdb,scaf50.pdb,14.7933035
scaf23.pdb,scaf51.pdb,18.246737
scaf23.pdb,scaf52.pdb,19.79363
scaf23.pdb,scaf53.pdb,18.377356
scaf23.pdb,scaf54.pdb,19.858887
scaf23.pdb,scaf55.pdb,18.840246
scaf23.pdb,scaf56.pdb,15.220543
scaf23.pdb,scaf57.pdb,16.247356
scaf23.pdb,scaf58.pdb,17.104816
scaf23.pdb,scaf59.pdb,18.73047
scaf23.pdb,scaf6.pdb,18.357155
scaf23.pdb,scaf60.pdb,18.995436
scaf23.pdb,scaf61.pdb,21.801601
scaf23.pdb,scaf62.pdb,21.452135
scaf23.pdb,scaf63.pdb,18.517986
scaf23.pdb,scaf64.pdb,16.844135
scaf23.pdb,scaf65.pdb,15.000724
scaf23.pdb,scaf66.pdb,14.898913
scaf23.pdb,scaf67.pdb,17.620626
scaf23.pdb,scaf68.pdb,14.967518
scaf23.pdb,scaf7.pdb,14.931041
scaf23.pdb,scaf70.pdb,22.7858
scaf23.pdb,scaf71.pdb,14.483672
scaf23.pdb,scaf72.pdb,22.728134
scaf23.pdb,scaf74.pdb,22.093258
scaf23.pdb,scaf75.pdb,22.683676
scaf23.pdb,scaf76.pdb,21.415226
scaf23.pdb,scaf77.pdb,14.624457
scaf23.pdb,scaf78.pdb,14.598919
scaf23.pdb,scaf79.pdb,20.201397
scaf23.pdb,scaf8.pdb,19.33605
scaf23.pdb,scaf81.pdb,18.50542
scaf23.pdb,scaf82.pdb,22.550245
scaf23.pdb,scaf83.pdb,17.709055
scaf23.pdb,scaf84.pdb,16.42524
scaf23.pdb,scaf85.pdb,25.338985
scaf23.pdb,scaf86.pdb,19.36456
scaf23.pdb,scaf88.pdb,16.145885
scaf23.pdb,scaf89.pdb,19.260303
scaf23.pdb,scaf9.pdb,18.906275
scaf23.pdb,scaf90.pdb,21.993553
scaf23.pdb,scaf91.pdb,21.847294
scaf23.pdb,scaf92.pdb,21.054428
scaf23.pdb,scaf93.pdb,14.883988
scaf23.pdb,scaf94.pdb,17.968254
scaf23.pdb,scaf95.pdb,23.550093
scaf23.pdb,scaf96.pdb,18.046143
scaf23.pdb,scaf97.pdb,23.23682
scaf23.pdb,scaf98.pdb,22.509289
scaf23.pdb,scaf99.pdb,20.075817
scaf24.pdb,scaf26.pdb,21.327467
scaf24.pdb,scaf27.pdb,19.28602
scaf24.pdb,scaf28.pdb,22.079136
scaf24.pdb,scaf29.pdb,11.918033
scaf24.pdb,scaf3.pdb,15.624615
scaf24.pdb,scaf30.pdb,19.49907
scaf24.pdb,scaf31.pdb,2.0245948
scaf24.pdb,scaf32.pdb,11.987182
scaf24.pdb,scaf33.pdb,19.88438
scaf24.pdb,scaf34.pdb,18.410704
scaf24.pdb,scaf35.pdb,20.454096
scaf24.pdb,scaf37.pdb,18.323372
scaf24.pdb,scaf38.pdb,23.003803
scaf24.pdb,scaf4.pdb,15.053307
scaf24.pdb,scaf40.pdb,15.57822
scaf24.pdb,scaf42.pdb,15.175615
scaf24.pdb,scaf44.pdb,11.592651
scaf24.pdb,scaf45.pdb,20.464275
scaf24.pdb,scaf47.pdb,15.243584
scaf24.pdb,scaf48.pdb,14.088172
scaf24.pdb,scaf49.pdb,18.9208
scaf24.pdb,scaf5.pdb,20.351795
scaf24.pdb,scaf50.pdb,14.447985
scaf24.pdb,scaf51.pdb,16.108185
scaf24.pdb,scaf52.pdb,15.692601
scaf24.pdb,scaf53.pdb,16.819803
scaf24.pdb,scaf54.pdb,18.3494
scaf24.pdb,scaf55.pdb,14.913302
scaf24.pdb,scaf56.pdb,1.8347864
scaf24.pdb,scaf57.pdb,16.506575
scaf24.pdb,scaf58.pdb,20.227036
scaf24.pdb,scaf59.pdb,18.959703
scaf24.pdb,scaf6.pdb,13.714078
scaf24.pdb,scaf60.pdb,15.002497
scaf24.pdb,scaf61.pdb,15.594469
scaf24.pdb,scaf62.pdb,20.494009
scaf24.pdb,scaf63.pdb,14.4206085
scaf24.pdb,scaf64.pdb,20.745806
scaf24.pdb,scaf65.pdb,18.075796
scaf24.pdb,scaf66.pdb,1.9319842
scaf24.pdb,scaf67.pdb,17.125801
scaf24.pdb,scaf68.pdb,1.2315428
scaf24.pdb,scaf7.pdb,0.75377715
scaf24.pdb,scaf70.pdb,19.40009
scaf24.pdb,scaf71.pdb,1.2851814
scaf24.pdb,scaf72.pdb,23.072319
scaf24.pdb,scaf74.pdb,18.574121
scaf24.pdb,scaf75.pdb,15.79332
scaf24.pdb,scaf76.pdb,21.13826
scaf24.pdb,scaf77.pdb,1.4730715
scaf24.pdb,scaf78.pdb,13.828182
scaf24.pdb,scaf79.pdb,20.74814
scaf24.pdb,scaf8.pdb,16.979656
scaf24.pdb,scaf81.pdb,15.845143
scaf24.pdb,scaf82.pdb,16.998936
scaf24.pdb,scaf83.pdb,14.676807
scaf24.pdb,scaf84.pdb,14.442483
scaf24.pdb,scaf85.pdb,20.920565
scaf24.pdb,scaf86.pdb,19.40219
scaf24.pdb,scaf88.pdb,13.210186
scaf24.pdb,scaf89.pdb,19.721537
scaf24.pdb,scaf9.pdb,16.275805
scaf24.pdb,scaf90.pdb,22.000927
scaf24.pdb,scaf91.pdb,18.916618
scaf24.pdb,scaf92.pdb,16.939705
scaf24.pdb,scaf93.pdb,4.6424065
scaf24.pdb,scaf94.pdb,21.924217
scaf24.pdb,scaf95.pdb,24.84183
scaf24.pdb,scaf96.pdb,15.426782
scaf24.pdb,scaf97.pdb,21.434967
scaf24.pdb,scaf98.pdb,15.690672
scaf24.pdb,scaf99.pdb,20.024498
scaf26.pdb,scaf27.pdb,23.306301
scaf26.pdb,scaf28.pdb,19.41574
scaf26.pdb,scaf29.pdb,23.729603
scaf26.pdb,scaf3.pdb,18.82328
scaf26.pdb,scaf30.pdb,18.35909
scaf26.pdb,scaf31.pdb,21.462353
scaf26.pdb,scaf32.pdb,17.650183
scaf26.pdb,scaf33.pdb,15.576489
scaf26.pdb,scaf34.pdb,15.055693
scaf26.pdb,scaf35.pdb,16.135815
scaf26.pdb,scaf37.pdb,24.508375
scaf26.pdb,scaf38.pdb,15.64921
scaf26.pdb,scaf4.pdb,20.940481
scaf26.pdb,scaf40.pdb,23.841803
scaf26.pdb,scaf42.pdb,20.733086
scaf26.pdb,scaf44.pdb,24.32102
scaf26.pdb,scaf45.pdb,18.869993
scaf26.pdb,scaf47.pdb,26.359327
scaf26.pdb,scaf48.pdb,19.394999
scaf26.pdb,scaf49.pdb,21.708332
scaf26.pdb,scaf5.pdb,25.550344
scaf26.pdb,scaf50.pdb,21.710646
scaf26.pdb,scaf51.pdb,26.675455
scaf26.pdb,scaf52.pdb,23.333681
scaf26.pdb,scaf53.pdb,25.715496
scaf26.pdb,scaf54.pdb,19.290628
scaf26.pdb,scaf55.pdb,20.873926
scaf26.pdb,scaf56.pdb,20.870493
scaf26.pdb,scaf57.pdb,27.176739
scaf26.pdb,scaf58.pdb,15.6758995
scaf26.pdb,scaf59.pdb,20.051762
scaf26.pdb,scaf6.pdb,23.376488
scaf26.pdb,scaf60.pdb,19.054123
scaf26.pdb,scaf61.pdb,23.724798
scaf26.pdb,scaf62.pdb,18.2984
scaf26.pdb,scaf63.pdb,19.345098
scaf26.pdb,scaf64.pdb,16.248264
scaf26.pdb,scaf65.pdb,23.998564
scaf26.pdb,scaf66.pdb,21.07457
scaf26.pdb,scaf67.pdb,26.160337
scaf26.pdb,scaf68.pdb,21.146498
scaf26.pdb,scaf7.pdb,21.390062
scaf26.pdb,scaf70.pdb,21.183235
scaf26.pdb,scaf71.pdb,21.448456
scaf26.pdb,scaf72.pdb,15.302713
scaf26.pdb,scaf74.pdb,22.288963
scaf26.pdb,scaf75.pdb,24.56287
scaf26.pdb,scaf76.pdb,19.483099
scaf26.pdb,scaf77.pdb,21.40092
scaf26.pdb,scaf78.pdb,22.244
scaf26.pdb,scaf79.pdb,14.758686
scaf26.pdb,scaf8.pdb,25.512894
scaf26.pdb,scaf81.pdb,27.50553
scaf26.pdb,scaf82.pdb,22.560728
scaf26.pdb,scaf83.pdb,23.260998
scaf26.pdb,scaf84.pdb,15.515662
scaf26.pdb,scaf85.pdb,16.019234
scaf26.pdb,scaf86.pdb,22.991194
scaf26.pdb,scaf88.pdb,19.993391
scaf26.pdb,scaf89.pdb,22.470451
scaf26.pdb,scaf9.pdb,18.935022
scaf26.pdb,scaf90.pdb,17.569508
scaf26.pdb,scaf91.pdb,21.682394
scaf26.pdb,scaf92.pdb,18.444208
scaf26.pdb,scaf93.pdb,21.161238
scaf26.pdb,scaf94.pdb,26.357235
scaf26.pdb,scaf95.pdb,14.67332
scaf26.pdb,scaf96.pdb,27.469023
scaf26.pdb,scaf97.pdb,3.946085
scaf26.pdb,scaf98.pdb,24.557829
scaf26.pdb,scaf99.pdb,22.953287
scaf27.pdb,scaf28.pdb,17.185455
scaf27.pdb,scaf29.pdb,17.061747
scaf27.pdb,scaf3.pdb,23.580471
scaf27.pdb,scaf30.pdb,21.018663
scaf27.pdb,scaf31.pdb,19.136381
scaf27.pdb,scaf32.pdb,21.612823
scaf27.pdb,scaf33.pdb,23.07795
scaf27.pdb,scaf34.pdb,22.79318
scaf27.pdb,scaf35.pdb,23.670923
scaf27.pdb,scaf37.pdb,19.971737
scaf27.pdb,scaf38.pdb,21.425016
scaf27.pdb,scaf4.pdb,22.402851
scaf27.pdb,scaf40.pdb,14.359283
scaf27.pdb,scaf42.pdb,18.363285
scaf27.pdb,scaf44.pdb,17.18555
scaf27.pdb,scaf45.pdb,14.301839
scaf27.pdb,scaf47.pdb,18.73545
scaf27.pdb,scaf48.pdb,21.737408
scaf27.pdb,scaf49.pdb,16.025564
scaf27.pdb,scaf5.pdb,21.90909
scaf27.pdb,scaf50.pdb,18.711435
scaf27.pdb,scaf51.pdb,16.137552
scaf27.pdb,scaf52.pdb,15.428851
scaf27.pdb,scaf53.pdb,14.099392
scaf27.pdb,scaf54.pdb,21.799398
scaf27.pdb,scaf55.pdb,22.114859
scaf27.pdb,scaf56.pdb,19.759325
scaf27.pdb,scaf57.pdb,13.536488
scaf27.pdb,scaf58.pdb,23.489344
scaf27.pdb,scaf59.pdb,13.847097
scaf27.pdb,scaf6.pdb,21.012032
scaf27.pdb,scaf60.pdb,23.636393
scaf27.pdb,scaf61.pdb,10.581207
scaf27.pdb,scaf62.pdb,14.199971
scaf27.pdb,scaf63.pdb,22.368902
scaf27.pdb,scaf64.pdb,23.84283
scaf27.pdb,scaf65.pdb,19.37196
scaf27.pdb,scaf66.pdb,19.224445
scaf27.pdb,scaf67.pdb,12.89327
scaf27.pdb,scaf68.pdb,19.521711
scaf27.pdb,scaf7.pdb,19.288908
scaf27.pdb,scaf70.pdb,23.273285
scaf27.pdb,scaf71.pdb,19.109571
scaf27.pdb,scaf72.pdb,21.57302
scaf27.pdb,scaf74.pdb,6.5030637
scaf27.pdb,scaf75.pdb,13.55437
scaf27.pdb,scaf76.pdb,19.411942
scaf27.pdb,scaf77.pdb,19.413584
scaf27.pdb,scaf78.pdb,19.787891
scaf27.pdb,scaf79.pdb,21.346273
scaf27.pdb,scaf8.pdb,14.852369
scaf27.pdb,scaf81.pdb,19.142815
scaf27.pdb,scaf82.pdb,12.831814
scaf27.pdb,scaf83.pdb,16.092731
scaf27.pdb,scaf84.pdb,22.618086
scaf27.pdb,scaf85.pdb,26.076866
scaf27.pdb,scaf86.pdb,1.7244116
scaf27.pdb,scaf88.pdb,21.581644
scaf27.pdb,scaf89.pdb,3.8989372
scaf27.pdb,scaf9.pdb,23.925266
scaf27.pdb,scaf90.pdb,13.637189
scaf27.pdb,scaf91.pdb,16.014364
scaf27.pdb,scaf92.pdb,24.851202
scaf27.pdb,scaf93.pdb,19.403288
scaf27.pdb,scaf94.pdb,20.8044
scaf27.pdb,scaf95.pdb,23.887054
scaf27.pdb,scaf96.pdb,18.590336
scaf27.pdb,scaf97.pdb,23.023588
scaf27.pdb,scaf98.pdb,13.474979
scaf27.pdb,scaf99.pdb,13.281992
scaf28.pdb,scaf29.pdb,23.130264
scaf28.pdb,scaf3.pdb,24.829554
scaf28.pdb,scaf30.pdb,16.867273
scaf28.pdb,scaf31.pdb,21.69933
scaf28.pdb,scaf32.pdb,19.332153
scaf28.pdb,scaf33.pdb,20.427244
scaf28.pdb,scaf34.pdb,21.481682
scaf28.pdb,scaf35.pdb,20.215498
scaf28.pdb,scaf37.pdb,15.616534
scaf28.pdb,scaf38.pdb,17.006374
scaf28.pdb,scaf4.pdb,26.1764
scaf28.pdb,scaf40.pdb,16.175762
scaf28.pdb,scaf42.pdb,19.422651
scaf28.pdb,scaf44.pdb,25.782967
scaf28.pdb,scaf45.pdb,17.176453
scaf28.pdb,scaf47.pdb,19.89279
scaf28.pdb,scaf48.pdb,23.976463
scaf28.pdb,scaf49.pdb,16.961363
scaf28.pdb,scaf5.pdb,20.517675
scaf28.pdb,scaf50.pdb,17.520233
scaf28.pdb,scaf51.pdb,21.222605
scaf28.pdb,scaf52.pdb,20.091097
scaf28.pdb,scaf53.pdb,18.830172
scaf28.pdb,scaf54.pdb,20.567842
scaf28.pdb,scaf55.pdb,26.189512
scaf28.pdb,scaf56.pdb,22.086246
scaf28.pdb,scaf57.pdb,20.080755
scaf28.pdb,scaf58.pdb,20.149153
scaf28.pdb,scaf59.pdb,19.695385
scaf28.pdb,scaf6.pdb,24.76542
scaf28.pdb,scaf60.pdb,25.059397
scaf28.pdb,scaf61.pdb,21.090425
scaf28.pdb,scaf62.pdb,16.613865
scaf28.pdb,scaf63.pdb,24.921377
scaf28.pdb,scaf64.pdb,20.346312
scaf28.pdb,scaf65.pdb,15.181562
scaf28.pdb,scaf66.pdb,21.856884
scaf28.pdb,scaf67.pdb,19.532072
scaf28.pdb,scaf68.pdb,21.902147
scaf28.pdb,scaf7.pdb,22.32464
scaf28.pdb,scaf70.pdb,22.330917
scaf28.pdb,scaf71.pdb,22.208332
scaf28.pdb,scaf72.pdb,17.16887
scaf28.pdb,scaf74.pdb,18.706911
scaf28.pdb,scaf75.pdb,23.368933
scaf28.pdb,scaf76.pdb,13.582898
scaf28.pdb,scaf77.pdb,21.927805
scaf28.pdb,scaf78.pdb,21.873632
scaf28.pdb,scaf79.pdb,16.036127
scaf28.pdb,scaf8.pdb,19.470089
scaf28.pdb,scaf81.pdb,24.241205
scaf28.pdb,scaf82.pdb,20.091066
scaf28.pdb,scaf83.pdb,21.219625
scaf28.pdb,scaf84.pdb,20.329075
scaf28.pdb,scaf85.pdb,24.567968
scaf28.pdb,scaf86.pdb,16.391521
scaf28.pdb,scaf88.pdb,23.092552
scaf28.pdb,scaf89.pdb,15.28685
scaf28.pdb,scaf9.pdb,23.644156
scaf28.pdb,scaf90.pdb,15.9728775
scaf28.pdb,scaf91.pdb,16.614109
scaf28.pdb,scaf92.pdb,25.543531
scaf28.pdb,scaf93.pdb,20.76225
scaf28.pdb,scaf94.pdb,14.657247
scaf28.pdb,scaf95.pdb,18.68526
scaf28.pdb,scaf96.pdb,23.47684
scaf28.pdb,scaf97.pdb,19.309345
scaf28.pdb,scaf98.pdb,23.25723
scaf28.pdb,scaf99.pdb,15.071264
scaf29.pdb,scaf3.pdb,17.27324
scaf29.pdb,scaf30.pdb,20.621408
scaf29.pdb,scaf31.pdb,12.043259
scaf29.pdb,scaf32.pdb,14.239239
scaf29.pdb,scaf33.pdb,18.664694
scaf29.pdb,scaf34.pdb,18.188423
scaf29.pdb,scaf35.pdb,19.10932
scaf29.pdb,scaf37.pdb,18.615633
scaf29.pdb,scaf38.pdb,23.880367
scaf29.pdb,scaf4.pdb,16.194796
scaf29.pdb,scaf40.pdb,18.121496
scaf29.pdb,scaf42.pdb,16.790867
scaf29.pdb,scaf44.pdb,10.871134
scaf29.pdb,scaf45.pdb,22.43799
scaf29.pdb,scaf47.pdb,16.177307
scaf29.pdb,scaf48.pdb,14.779939
scaf29.pdb,scaf49.pdb,20.976063
scaf29.pdb,scaf5.pdb,20.297348
scaf29.pdb,scaf50.pdb,16.411432
scaf29.pdb,scaf51.pdb,14.805534
scaf29.pdb,scaf52.pdb,18.18307
scaf29.pdb,scaf53.pdb,17.62287
scaf29.pdb,scaf54.pdb,16.986332
scaf29.pdb,scaf55.pdb,15.945625
scaf29.pdb,scaf56.pdb,12.350022
scaf29.pdb,scaf57.pdb,11.769707
scaf29.pdb,scaf58.pdb,18.977997
scaf29.pdb,scaf59.pdb,17.002779
scaf29.pdb,scaf6.pdb,15.882389
scaf29.pdb,scaf60.pdb,16.970627
scaf29.pdb,scaf61.pdb,15.63486
scaf29.pdb,scaf62.pdb,21.958168
scaf29.pdb,scaf63.pdb,15.5822735
scaf29.pdb,scaf64.pdb,18.944153
scaf29.pdb,scaf65.pdb,18.477167
scaf29.pdb,scaf66.pdb,11.501259
scaf29.pdb,scaf67.pdb,13.609206
scaf29.pdb,scaf68.pdb,12.201622
scaf29.pdb,scaf7.pdb,11.909991
scaf29.pdb,scaf70.pdb,17.94769
scaf29.pdb,scaf71.pdb,11.5158205
scaf29.pdb,scaf72.pdb,23.968443
scaf29.pdb,scaf74.pdb,17.865038
scaf29.pdb,scaf75.pdb,16.46496
scaf29.pdb,scaf76.pdb,22.280502
scaf29.pdb,scaf77.pdb,11.956768
scaf29.pdb,scaf78.pdb,16.022905
scaf29.pdb,scaf79.pdb,22.234575
scaf29.pdb,scaf8.pdb,17.850721
scaf29.pdb,scaf81.pdb,13.433057
scaf29.pdb,scaf82.pdb,19.041178
scaf29.pdb,scaf83.pdb,15.93974
scaf29.pdb,scaf84.pdb,17.120867
scaf29.pdb,scaf85.pdb,23.051104
scaf29.pdb,scaf86.pdb,17.230658
scaf29.pdb,scaf88.pdb,14.2947235
scaf29.pdb,scaf89.pdb,17.777742
scaf29.pdb,scaf9.pdb,17.720049
scaf29.pdb,scaf90.pdb,22.32967
scaf29.pdb,scaf91.pdb,21.009825
scaf29.pdb,scaf92.pdb,19.862888
scaf29.pdb,scaf93.pdb,12.479695
scaf29.pdb,scaf94.pdb,21.704239
scaf29.pdb,scaf95.pdb,24.75698
scaf29.pdb,scaf96.pdb,13.2540245
scaf29.pdb,scaf97.pdb,23.980524
scaf29.pdb,scaf98.pdb,16.357193
scaf29.pdb,scaf99.pdb,19.332476
scaf3.pdb,scaf30.pdb,18.082026
scaf3.pdb,scaf31.pdb,15.481045
scaf3.pdb,scaf32.pdb,13.202687
scaf3.pdb,scaf33.pdb,16.588568
scaf3.pdb,scaf34.pdb,13.598934
scaf3.pdb,scaf35.pdb,13.142532
scaf3.pdb,scaf37.pdb,22.266153
scaf3.pdb,scaf38.pdb,20.928585
scaf3.pdb,scaf4.pdb,7.163067
scaf3.pdb,scaf40.pdb,24.99233
scaf3.pdb,scaf42.pdb,20.257462
scaf3.pdb,scaf44.pdb,15.67024
scaf3.pdb,scaf45.pdb,19.330727
scaf3.pdb,scaf47.pdb,21.960539
scaf3.pdb,scaf48.pdb,5.3711505
scaf3.pdb,scaf49.pdb,26.52534
scaf3.pdb,scaf5.pdb,22.401247
scaf3.pdb,scaf50.pdb,17.107134
scaf3.pdb,scaf51.pdb,23.472609
scaf3.pdb,scaf52.pdb,23.414457
scaf3.pdb,scaf53.pdb,21.509632
scaf3.pdb,scaf54.pdb,18.487247
scaf3.pdb,scaf55.pdb,7.020322
scaf3.pdb,scaf56.pdb,15.440556
scaf3.pdb,scaf57.pdb,23.274754
scaf3.pdb,scaf58.pdb,13.025133
scaf3.pdb,scaf59.pdb,21.14654
scaf3.pdb,scaf6.pdb,14.261868
scaf3.pdb,scaf60.pdb,1.9380509
scaf3.pdb,scaf61.pdb,23.248415
scaf3.pdb,scaf62.pdb,19.279413
scaf3.pdb,scaf63.pdb,3.926136
scaf3.pdb,scaf64.pdb,13.458586
scaf3.pdb,scaf65.pdb,21.858458
scaf3.pdb,scaf66.pdb,16.123924
scaf3.pdb,scaf67.pdb,23.201248
scaf3.pdb,scaf68.pdb,15.549263
scaf3.pdb,scaf7.pdb,15.55697
scaf3.pdb,scaf70.pdb,20.088648
scaf3.pdb,scaf71.pdb,15.8683605
scaf3.pdb,scaf72.pdb,20.822905
scaf3.pdb,scaf74.pdb,23.637373
scaf3.pdb,scaf75.pdb,23.88922
scaf3.pdb,scaf76.pdb,25.961172
scaf3.pdb,scaf77.pdb,15.895949
scaf3.pdb,scaf78.pdb,17.848967
scaf3.pdb,scaf79.pdb,18.911613
scaf3.pdb,scaf8.pdb,21.649067
scaf3.pdb,scaf81.pdb,20.293749
scaf3.pdb,scaf82.pdb,22.226837
scaf3.pdb,scaf83.pdb,17.608976
scaf3.pdb,scaf84.pdb,10.862257
scaf3.pdb,scaf85.pdb,17.627655
scaf3.pdb,scaf86.pdb,23.897348
scaf3.pdb,scaf88.pdb,11.41466
scaf3.pdb,scaf89.pdb,24.443176
scaf3.pdb,scaf9.pdb,7.713287
scaf3.pdb,scaf90.pdb,20.786255
scaf3.pdb,scaf91.pdb,26.502945
scaf3.pdb,scaf92.pdb,5.96401
scaf3.pdb,scaf93.pdb,16.207867
scaf3.pdb,scaf94.pdb,27.580317
scaf3.pdb,scaf95.pdb,23.579126
scaf3.pdb,scaf96.pdb,20.507654
scaf3.pdb,scaf97.pdb,20.017239
scaf3.pdb,scaf98.pdb,23.852898
scaf3.pdb,scaf99.pdb,24.55739
scaf30.pdb,scaf31.pdb,19.431349
scaf30.pdb,scaf32.pdb,15.925353
scaf30.pdb,scaf33.pdb,15.099817
scaf30.pdb,scaf34.pdb,15.605151
scaf30.pdb,scaf35.pdb,16.529512
scaf30.pdb,scaf37.pdb,16.032986
scaf30.pdb,scaf38.pdb,21.537674
scaf30.pdb,scaf4.pdb,20.422894
scaf30.pdb,scaf40.pdb,21.594492
scaf30.pdb,scaf42.pdb,16.707773
scaf30.pdb,scaf44.pdb,20.462645
scaf30.pdb,scaf45.pdb,18.42047
scaf30.pdb,scaf47.pdb,22.366144
scaf30.pdb,scaf48.pdb,18.29751
scaf30.pdb,scaf49.pdb,23.226316
scaf30.pdb,scaf5.pdb,19.194473
scaf30.pdb,scaf50.pdb,14.187396
scaf30.pdb,scaf51.pdb,23.43288
scaf30.pdb,scaf52.pdb,23.469746
scaf30.pdb,scaf53.pdb,22.186674
scaf30.pdb,scaf54.pdb,20.14701
scaf30.pdb,scaf55.pdb,20.373264
scaf30.pdb,scaf56.pdb,19.496756
scaf30.pdb,scaf57.pdb,23.158342
scaf30.pdb,scaf58.pdb,16.073376
scaf30.pdb,scaf59.pdb,20.988632
scaf30.pdb,scaf6.pdb,17.682522
scaf30.pdb,scaf60.pdb,18.485353
scaf30.pdb,scaf61.pdb,21.50814
scaf30.pdb,scaf62.pdb,18.372847
scaf30.pdb,scaf63.pdb,18.851086
scaf30.pdb,scaf64.pdb,16.702967
scaf30.pdb,scaf65.pdb,15.371424
scaf30.pdb,scaf66.pdb,19.540558
scaf30.pdb,scaf67.pdb,23.415928
scaf30.pdb,scaf68.pdb,19.28904
scaf30.pdb,scaf7.pdb,19.501352
scaf30.pdb,scaf70.pdb,24.453846
scaf30.pdb,scaf71.pdb,19.542652
scaf30.pdb,scaf72.pdb,21.462982
scaf30.pdb,scaf74.pdb,19.993849
scaf30.pdb,scaf75.pdb,22.875036
scaf30.pdb,scaf76.pdb,18.796268
scaf30.pdb,scaf77.pdb,19.530836
scaf30.pdb,scaf78.pdb,19.28164
scaf30.pdb,scaf79.pdb,16.83768
scaf30.pdb,scaf8.pdb,22.337431
scaf30.pdb,scaf81.pdb,23.116024
scaf30.pdb,scaf82.pdb,20.916512
scaf30.pdb,scaf83.pdb,16.51189
scaf30.pdb,scaf84.pdb,16.547573
scaf30.pdb,scaf85.pdb,17.951143
scaf30.pdb,scaf86.pdb,21.135801
scaf30.pdb,scaf88.pdb,16.492191
scaf30.pdb,scaf89.pdb,21.307201
scaf30.pdb,scaf9.pdb,17.689344
scaf30.pdb,scaf90.pdb,15.877967
scaf30.pdb,scaf91.pdb,23.119339
scaf30.pdb,scaf92.pdb,18.429285
scaf30.pdb,scaf93.pdb,19.199818
scaf30.pdb,scaf94.pdb,23.338917
scaf30.pdb,scaf95.pdb,18.905027
scaf30.pdb,scaf96.pdb,22.591246
scaf30.pdb,scaf97.pdb,18.80038
scaf30.pdb,scaf98.pdb,22.809544
scaf30.pdb,scaf99.pdb,17.909529
scaf31.pdb,scaf32.pdb,11.807653
scaf31.pdb,scaf33.pdb,19.708836
scaf31.pdb,scaf34.pdb,18.319885
scaf31.pdb,scaf35.pdb,20.40227
scaf31.pdb,scaf37.pdb,17.910675
scaf31.pdb,scaf38.pdb,22.711823
scaf31.pdb,scaf4.pdb,15.029444
scaf31.pdb,scaf40.pdb,15.702675
scaf31.pdb,scaf42.pdb,14.984263
scaf31.pdb,scaf44.pdb,12.060237
scaf31.pdb,scaf45.pdb,20.56831
scaf31.pdb,scaf47.pdb,14.996986
scaf31.pdb,scaf48.pdb,13.826093
scaf31.pdb,scaf49.pdb,19.011711
scaf31.pdb,scaf5.pdb,20.15546
scaf31.pdb,scaf50.pdb,13.923427
scaf31.pdb,scaf51.pdb,16.045969
scaf31.pdb,scaf52.pdb,15.923287
scaf31.pdb,scaf53.pdb,16.542873
scaf31.pdb,scaf54.pdb,18.358105
scaf31.pdb,scaf55.pdb,14.906528
scaf31.pdb,scaf56.pdb,2.530952
scaf31.pdb,scaf57.pdb,16.355608
scaf31.pdb,scaf58.pdb,20.1213
scaf31.pdb,scaf59.pdb,19.186037
scaf31.pdb,scaf6.pdb,13.800364
scaf31.pdb,scaf60.pdb,14.90839
scaf31.pdb,scaf61.pdb,15.659117
scaf31.pdb,scaf62.pdb,20.521078
scaf31.pdb,scaf63.pdb,14.316531
scaf31.pdb,scaf64.pdb,20.584446
scaf31.pdb,scaf65.pdb,17.708225
scaf31.pdb,scaf66.pdb,2.3940585
scaf31.pdb,scaf67.pdb,16.759018
scaf31.pdb,scaf68.pdb,1.8791481
scaf31.pdb,scaf7.pdb,2.395765
scaf31.pdb,scaf70.pdb,19.011852
scaf31.pdb,scaf71.pdb,2.6491687
scaf31.pdb,scaf72.pdb,22.852304
scaf31.pdb,scaf74.pdb,18.650892
scaf31.pdb,scaf75.pdb,16.116215
scaf31.pdb,scaf76.pdb,20.90858
scaf31.pdb,scaf77.pdb,2.0602255
scaf31.pdb,scaf78.pdb,13.7300205
scaf31.pdb,scaf79.pdb,20.201862
scaf31.pdb,scaf8.pdb,16.560305
scaf31.pdb,scaf81.pdb,15.916213
scaf31.pdb,scaf82.pdb,17.126709
scaf31.pdb,scaf83.pdb,14.492784
scaf31.pdb,scaf84.pdb,14.638813
scaf31.pdb,scaf85.pdb,21.205166
scaf31.pdb,scaf86.pdb,19.215298
scaf31.pdb,scaf88.pdb,13.095632
scaf31.pdb,scaf89.pdb,19.488441
scaf31.pdb,scaf9.pdb,15.871614
scaf31.pdb,scaf90.pdb,21.815287
scaf31.pdb,scaf91.pdb,18.982153
scaf31.pdb,scaf92.pdb,16.94008
scaf31.pdb,scaf93.pdb,4.0588684
scaf31.pdb,scaf94.pdb,21.235212
scaf31.pdb,scaf95.pdb,24.83406
scaf31.pdb,scaf96.pdb,15.455694
scaf31.pdb,scaf97.pdb,21.549877
scaf31.pdb,scaf98.pdb,16.00389
scaf31.pdb,scaf99.pdb,19.71033
scaf32.pdb,scaf33.pdb,12.501309
scaf32.pdb,scaf34.pdb,11.988425
scaf32.pdb,scaf35.pdb,15.314503
scaf32.pdb,scaf37.pdb,17.865038
scaf32.pdb,scaf38.pdb,20.616377
scaf32.pdb,scaf4.pdb,14.713451
scaf32.pdb,scaf40.pdb,21.23444
scaf32.pdb,scaf42.pdb,16.012606
scaf32.pdb,scaf44.pdb,17.01809
scaf32.pdb,scaf45.pdb,21.645052
scaf32.pdb,scaf47.pdb,21.318327
scaf32.pdb,scaf48.pdb,12.157453
scaf32.pdb,scaf49.pdb,23.534935
scaf32.pdb,scaf5.pdb,18.451408
scaf32.pdb,scaf50.pdb,14.111853
scaf32.pdb,scaf51.pdb,21.673464
scaf32.pdb,scaf52.pdb,22.501667
scaf32.pdb,scaf53.pdb,22.651102
scaf32.pdb,scaf54.pdb,15.533324
scaf32.pdb,scaf55.pdb,14.777842
scaf32.pdb,scaf56.pdb,11.877626
scaf32.pdb,scaf57.pdb,21.070885
scaf32.pdb,scaf58.pdb,14.871991
scaf32.pdb,scaf59.pdb,20.6589
scaf32.pdb,scaf6.pdb,16.414602
scaf32.pdb,scaf60.pdb,12.869072
scaf32.pdb,scaf61.pdb,22.033272
scaf32.pdb,scaf62.pdb,21.030228
scaf32.pdb,scaf63.pdb,12.733483
scaf32.pdb,scaf64.pdb,15.310797
scaf32.pdb,scaf65.pdb,17.862436
scaf32.pdb,scaf66.pdb,11.566798
scaf32.pdb,scaf67.pdb,21.54995
scaf32.pdb,scaf68.pdb,11.6280365
scaf32.pdb,scaf7.pdb,12.046536
scaf32.pdb,scaf70.pdb,18.779175
scaf32.pdb,scaf71.pdb,11.913785
scaf32.pdb,scaf72.pdb,20.66033
scaf32.pdb,scaf74.pdb,22.273605
scaf32.pdb,scaf75.pdb,23.267105
scaf32.pdb,scaf76.pdb,18.64762
scaf32.pdb,scaf77.pdb,11.680944
scaf32.pdb,scaf78.pdb,15.63536
scaf32.pdb,scaf79.pdb,15.885241
scaf32.pdb,scaf8.pdb,22.692839
scaf32.pdb,scaf81.pdb,20.13787
scaf32.pdb,scaf82.pdb,22.928589
scaf32.pdb,scaf83.pdb,17.79204
scaf32.pdb,scaf84.pdb,10.438995
scaf32.pdb,scaf85.pdb,16.209639
scaf32.pdb,scaf86.pdb,21.445726
scaf32.pdb,scaf88.pdb,10.980516
scaf32.pdb,scaf89.pdb,21.333181
scaf32.pdb,scaf9.pdb,12.236561
scaf32.pdb,scaf90.pdb,20.308147
scaf32.pdb,scaf91.pdb,23.548067
scaf32.pdb,scaf92.pdb,14.2479
scaf32.pdb,scaf93.pdb,10.843652
scaf32.pdb,scaf94.pdb,21.44086
scaf32.pdb,scaf95.pdb,21.764807
scaf32.pdb,scaf96.pdb,19.952213
scaf32.pdb,scaf97.pdb,18.0193
scaf32.pdb,scaf98.pdb,23.160542
scaf32.pdb,scaf99.pdb,21.015913
scaf33.pdb,scaf34.pdb,7.8661547
scaf33.pdb,scaf35.pdb,11.696061
scaf33.pdb,scaf37.pdb,22.307438
scaf33.pdb,scaf38.pdb,18.56774
scaf33.pdb,scaf4.pdb,19.63722
scaf33.pdb,scaf40.pdb,26.252771
scaf33.pdb,scaf42.pdb,20.88796
scaf33.pdb,scaf44.pdb,21.830896
scaf33.pdb,scaf45.pdb,22.102959
scaf33.pdb,scaf47.pdb,26.009607
scaf33.pdb,scaf48.pdb,16.395296
scaf33.pdb,scaf49.pdb,26.68338
scaf33.pdb,scaf5.pdb,22.48206
scaf33.pdb,scaf50.pdb,17.178637
scaf33.pdb,scaf51.pdb,25.4758
scaf33.pdb,scaf52.pdb,27.178816
scaf33.pdb,scaf53.pdb,26.099422
scaf33.pdb,scaf54.pdb,15.357768
scaf33.pdb,scaf55.pdb,19.56082
scaf33.pdb,scaf56.pdb,19.780767
scaf33.pdb,scaf57.pdb,23.581564
scaf33.pdb,scaf58.pdb,11.023635
scaf33.pdb,scaf59.pdb,20.293325
scaf33.pdb,scaf6.pdb,20.048914
scaf33.pdb,scaf60.pdb,17.11404
scaf33.pdb,scaf61.pdb,24.858103
scaf33.pdb,scaf62.pdb,21.454828
scaf33.pdb,scaf63.pdb,17.149471
scaf33.pdb,scaf64.pdb,10.944513
scaf33.pdb,scaf65.pdb,22.144463
scaf33.pdb,scaf66.pdb,19.39734
scaf33.pdb,scaf67.pdb,24.539326
scaf33.pdb,scaf68.pdb,19.878029
scaf33.pdb,scaf7.pdb,19.956835
scaf33.pdb,scaf70.pdb,18.521162
scaf33.pdb,scaf71.pdb,19.873367
scaf33.pdb,scaf72.pdb,18.527802
scaf33.pdb,scaf74.pdb,23.360575
scaf33.pdb,scaf75.pdb,26.264122
scaf33.pdb,scaf76.pdb,20.3107
scaf33.pdb,scaf77.pdb,20.016413
scaf33.pdb,scaf78.pdb,20.784723
scaf33.pdb,scaf79.pdb,13.420084
scaf33.pdb,scaf8.pdb,25.999702
scaf33.pdb,scaf81.pdb,24.229782
scaf33.pdb,scaf82.pdb,25.871027
scaf33.pdb,scaf83.pdb,20.352152
scaf33.pdb,scaf84.pdb,13.920822
scaf33.pdb,scaf85.pdb,16.319458
scaf33.pdb,scaf86.pdb,22.981745
scaf33.pdb,scaf88.pdb,14.27696
scaf33.pdb,scaf89.pdb,22.766964
scaf33.pdb,scaf9.pdb,14.496112
scaf33.pdb,scaf90.pdb,17.902494
scaf33.pdb,scaf91.pdb,26.616798
scaf33.pdb,scaf92.pdb,17.799202
scaf33.pdb,scaf93.pdb,19.291378
scaf33.pdb,scaf94.pdb,23.406385
scaf33.pdb,scaf95.pdb,18.754358
scaf33.pdb,scaf96.pdb,24.188225
scaf33.pdb,scaf97.pdb,16.278406
scaf33.pdb,scaf98.pdb,26.201351
scaf33.pdb,scaf99.pdb,21.931698
scaf34.pdb,scaf35.pdb,10.176056
scaf34.pdb,scaf37.pdb,22.131153
scaf34.pdb,scaf38.pdb,17.574446
scaf34.pdb,scaf4.pdb,15.5296335
scaf34.pdb,scaf40.pdb,25.446272
scaf34.pdb,scaf42.pdb,20.104263
scaf34.pdb,scaf44.pdb,19.098455
scaf34.pdb,scaf45.pdb,19.820494
scaf34.pdb,scaf47.pdb,24.560865
scaf34.pdb,scaf48.pdb,14.492243
scaf34.pdb,scaf49.pdb,25.055553
scaf34.pdb,scaf5.pdb,23.591581
scaf34.pdb,scaf50.pdb,16.959337
scaf34.pdb,scaf51.pdb,23.369364
scaf34.pdb,scaf52.pdb,23.902065
scaf34.pdb,scaf53.pdb,23.793526
scaf34.pdb,scaf54.pdb,14.691841
scaf34.pdb,scaf55.pdb,15.697539
scaf34.pdb,scaf56.pdb,18.119825
scaf34.pdb,scaf57.pdb,23.330109
scaf34.pdb,scaf58.pdb,9.334799
scaf34.pdb,scaf59.pdb,19.25816
scaf34.pdb,scaf6.pdb,17.10537
scaf34.pdb,scaf60.pdb,13.706425
scaf34.pdb,scaf61.pdb,23.889769
scaf34.pdb,scaf62.pdb,19.16374
scaf34.pdb,scaf63.pdb,14.9661875
scaf34.pdb,scaf64.pdb,10.42179
scaf34.pdb,scaf65.pdb,21.883478
scaf34.pdb,scaf66.pdb,17.936556
scaf34.pdb,scaf67.pdb,23.504494
scaf34.pdb,scaf68.pdb,18.359217
scaf34.pdb,scaf7.pdb,18.353594
scaf34.pdb,scaf70.pdb,17.522831
scaf34.pdb,scaf71.pdb,18.290321
scaf34.pdb,scaf72.pdb,17.536396
scaf34.pdb,scaf74.pdb,22.495321
scaf34.pdb,scaf75.pdb,25.107769
scaf34.pdb,scaf76.pdb,22.24761
scaf34.pdb,scaf77.pdb,18.462667
scaf34.pdb,scaf78.pdb,17.504868
scaf34.pdb,scaf79.pdb,14.606347
scaf34.pdb,scaf8.pdb,23.503693
scaf34.pdb,scaf81.pdb,21.17241
scaf34.pdb,scaf82.pdb,25.085907
scaf34.pdb,scaf83.pdb,19.393137
scaf34.pdb,scaf84.pdb,12.346087
scaf34.pdb,scaf85.pdb,13.49671
scaf34.pdb,scaf86.pdb,22.784689
scaf34.pdb,scaf88.pdb,10.691158
scaf34.pdb,scaf89.pdb,22.760717
scaf34.pdb,scaf9.pdb,11.442135
scaf34.pdb,scaf90.pdb,16.815645
scaf34.pdb,scaf91.pdb,25.049871
scaf34.pdb,scaf92.pdb,13.300772
scaf34.pdb,scaf93.pdb,18.429298
scaf34.pdb,scaf94.pdb,24.401802
scaf34.pdb,scaf95.pdb,18.71832
scaf34.pdb,scaf96.pdb,21.64704
scaf34.pdb,scaf97.pdb,15.912494
scaf34.pdb,scaf98.pdb,25.070425
scaf34.pdb,scaf99.pdb,22.904537
scaf35.pdb,scaf37.pdb,22.574594
scaf35.pdb,scaf38.pdb,18.76263
scaf35.pdb,scaf4.pdb,14.959794
scaf35.pdb,scaf40.pdb,25.752642
scaf35.pdb,scaf42.pdb,21.812668
scaf35.pdb,scaf44.pdb,20.762266
scaf35.pdb,scaf45.pdb,20.14567
scaf35.pdb,scaf47.pdb,24.08831
scaf35.pdb,scaf48.pdb,13.096848
scaf35.pdb,scaf49.pdb,25.871954
scaf35.pdb,scaf5.pdb,23.879509
scaf35.pdb,scaf50.pdb,18.206482
scaf35.pdb,scaf51.pdb,24.433092
scaf35.pdb,scaf52.pdb,25.411379
scaf35.pdb,scaf53.pdb,23.378061
scaf35.pdb,scaf54.pdb,14.251047
scaf35.pdb,scaf55.pdb,15.051985
scaf35.pdb,scaf56.pdb,20.378637
scaf35.pdb,scaf57.pdb,23.475365
scaf35.pdb,scaf58.pdb,2.7722893
scaf35.pdb,scaf59.pdb,19.013823
scaf35.pdb,scaf6.pdb,18.732328
scaf35.pdb,scaf60.pdb,13.218186
scaf35.pdb,scaf61.pdb,24.237553
scaf35.pdb,scaf62.pdb,19.32152
scaf35.pdb,scaf63.pdb,14.133298
scaf35.pdb,scaf64.pdb,2.873519
scaf35.pdb,scaf65.pdb,22.160625
scaf35.pdb,scaf66.pdb,20.299177
scaf35.pdb,scaf67.pdb,23.987293
scaf35.pdb,scaf68.pdb,20.35148
scaf35.pdb,scaf7.pdb,20.425583
scaf35.pdb,scaf70.pdb,17.76819
scaf35.pdb,scaf71.pdb,20.351357
scaf35.pdb,scaf72.pdb,18.653978
scaf35.pdb,scaf74.pdb,24.246525
scaf35.pdb,scaf75.pdb,24.802137
scaf35.pdb,scaf76.pdb,22.021957
scaf35.pdb,scaf77.pdb,20.438982
scaf35.pdb,scaf78.pdb,19.197098
scaf35.pdb,scaf79.pdb,15.845039
scaf35.pdb,scaf8.pdb,23.345617
scaf35.pdb,scaf81.pdb,22.332573
scaf35.pdb,scaf82.pdb,25.648891
scaf35.pdb,scaf83.pdb,19.340422
scaf35.pdb,scaf84.pdb,12.885568
scaf35.pdb,scaf85.pdb,17.654207
scaf35.pdb,scaf86.pdb,23.631346
scaf35.pdb,scaf88.pdb,13.534859
scaf35.pdb,scaf89.pdb,23.53596
scaf35.pdb,scaf9.pdb,12.288299
scaf35.pdb,scaf90.pdb,18.26603
scaf35.pdb,scaf91.pdb,25.810106
scaf35.pdb,scaf92.pdb,12.885059
scaf35.pdb,scaf93.pdb,20.402159
scaf35.pdb,scaf94.pdb,24.05428
scaf35.pdb,scaf95.pdb,17.79852
scaf35.pdb,scaf96.pdb,22.437016
scaf35.pdb,scaf97.pdb,17.386845
scaf35.pdb,scaf98.pdb,24.765371
scaf35.pdb,scaf99.pdb,23.321157
scaf37.pdb,scaf38.pdb,23.030903
scaf37.pdb,scaf4.pdb,22.309807
scaf37.pdb,scaf40.pdb,17.66974
scaf37.pdb,scaf42.pdb,15.486585
scaf37.pdb,scaf44.pdb,21.553022
scaf37.pdb,scaf45.pdb,19.83218
scaf37.pdb,scaf47.pdb,15.25435
scaf37.pdb,scaf48.pdb,20.86217
scaf37.pdb,scaf49.pdb,20.380518
scaf37.pdb,scaf5.pdb,13.516436
scaf37.pdb,scaf50.pdb,16.02783
scaf37.pdb,scaf51.pdb,17.15372
scaf37.pdb,scaf52.pdb,19.98276
scaf37.pdb,scaf53.pdb,16.890709
scaf37.pdb,scaf54.pdb,22.420143
scaf37.pdb,scaf55.pdb,22.41507
scaf37.pdb,scaf56.pdb,18.265196
scaf37.pdb,scaf57.pdb,18.799553
scaf37.pdb,scaf58.pdb,21.875126
scaf37.pdb,scaf59.pdb,24.405697
scaf37.pdb,scaf6.pdb,20.304066
scaf37.pdb,scaf60.pdb,22.06679
scaf37.pdb,scaf61.pdb,21.651833
scaf37.pdb,scaf62.pdb,19.109957
scaf37.pdb,scaf63.pdb,22.138079
scaf37.pdb,scaf64.pdb,22.19454
scaf37.pdb,scaf65.pdb,1.793853
scaf37.pdb,scaf66.pdb,18.042402
scaf37.pdb,scaf67.pdb,17.710682
scaf37.pdb,scaf68.pdb,17.904839
scaf37.pdb,scaf7.pdb,18.45844
scaf37.pdb,scaf70.pdb,23.646595
scaf37.pdb,scaf71.pdb,18.20063
scaf37.pdb,scaf72.pdb,23.298937
scaf37.pdb,scaf74.pdb,21.8825
scaf37.pdb,scaf75.pdb,23.742188
scaf37.pdb,scaf76.pdb,19.322365
scaf37.pdb,scaf77.pdb,17.800182
scaf37.pdb,scaf78.pdb,19.032259
scaf37.pdb,scaf79.pdb,20.66024
scaf37.pdb,scaf8.pdb,17.613478
scaf37.pdb,scaf81.pdb,17.99612
scaf37.pdb,scaf82.pdb,21.364365
scaf37.pdb,scaf83.pdb,20.36262
scaf37.pdb,scaf84.pdb,21.194061
scaf37.pdb,scaf85.pdb,25.261831
scaf37.pdb,scaf86.pdb,19.48283
scaf37.pdb,scaf88.pdb,19.359089
scaf37.pdb,scaf89.pdb,19.381828
scaf37.pdb,scaf9.pdb,21.53748
scaf37.pdb,scaf90.pdb,20.819687
scaf37.pdb,scaf91.pdb,20.119781
scaf37.pdb,scaf92.pdb,23.18184
scaf37.pdb,scaf93.pdb,16.338017
scaf37.pdb,scaf94.pdb,15.890798
scaf37.pdb,scaf95.pdb,21.8795
scaf37.pdb,scaf96.pdb,17.200346
scaf37.pdb,scaf97.pdb,24.434992
scaf37.pdb,scaf98.pdb,23.551384
scaf37.pdb,scaf99.pdb,15.740677
scaf38.pdb,scaf4.pdb,23.396702
scaf38.pdb,scaf40.pdb,22.347647
scaf38.pdb,scaf42.pdb,22.20093
scaf38.pdb,scaf44.pdb,25.660234
scaf38.pdb,scaf45.pdb,15.348995
scaf38.pdb,scaf47.pdb,23.49011
scaf38.pdb,scaf48.pdb,21.706854
scaf38.pdb,scaf49.pdb,20.7297
scaf38.pdb,scaf5.pdb,22.659586
scaf38.pdb,scaf50.pdb,22.398802
scaf38.pdb,scaf51.pdb,24.326702
scaf38.pdb,scaf52.pdb,21.170221
scaf38.pdb,scaf53.pdb,22.706724
scaf38.pdb,scaf54.pdb,17.05714
scaf38.pdb,scaf55.pdb,23.351345
scaf38.pdb,scaf56.pdb,22.82494
scaf38.pdb,scaf57.pdb,23.705364
scaf38.pdb,scaf58.pdb,18.776464
scaf38.pdb,scaf59.pdb,21.555502
scaf38.pdb,scaf6.pdb,25.946001
scaf38.pdb,scaf60.pdb,21.305695
scaf38.pdb,scaf61.pdb,22.793587
scaf38.pdb,scaf62.pdb,14.395896
scaf38.pdb,scaf63.pdb,20.719725
scaf38.pdb,scaf64.pdb,18.465374
scaf38.pdb,scaf65.pdb,22.667324
scaf38.pdb,scaf66.pdb,22.893713
scaf38.pdb,scaf67.pdb,23.131319
scaf38.pdb,scaf68.pdb,22.848858
scaf38.pdb,scaf7.pdb,23.149632
scaf38.pdb,scaf70.pdb,17.57415
scaf38.pdb,scaf71.pdb,23.273386
scaf38.pdb,scaf72.pdb,1.6980641
scaf38.pdb,scaf74.pdb,21.423101
scaf38.pdb,scaf75.pdb,23.653406
scaf38.pdb,scaf76.pdb,18.47755
scaf38.pdb,scaf77.pdb,22.981947
scaf38.pdb,scaf78.pdb,25.04408
scaf38.pdb,scaf79.pdb,10.29373
scaf38.pdb,scaf8.pdb,23.070694
scaf38.pdb,scaf81.pdb,24.298656
scaf38.pdb,scaf82.pdb,21.42018
scaf38.pdb,scaf83.pdb,25.383543
scaf38.pdb,scaf84.pdb,22.131966
scaf38.pdb,scaf85.pdb,22.271864
scaf38.pdb,scaf86.pdb,20.933744
scaf38.pdb,scaf88.pdb,22.211763
scaf38.pdb,scaf89.pdb,20.30482
scaf38.pdb,scaf9.pdb,21.768171
scaf38.pdb,scaf90.pdb,15.177789
scaf38.pdb,scaf91.pdb,20.529016
scaf38.pdb,scaf92.pdb,21.975124
scaf38.pdb,scaf93.pdb,22.275421
scaf38.pdb,scaf94.pdb,24.209415
scaf38.pdb,scaf95.pdb,19.756802
scaf38.pdb,scaf96.pdb,24.329948
scaf38.pdb,scaf97.pdb,15.619092
scaf38.pdb,scaf98.pdb,23.637272
scaf38.pdb,scaf99.pdb,20.729416
scaf4.pdb,scaf40.pdb,23.685205
scaf4.pdb,scaf42.pdb,21.525291
scaf4.pdb,scaf44.pdb,12.45396
scaf4.pdb,scaf45.pdb,17.898396
scaf4.pdb,scaf47.pdb,20.725252
scaf4.pdb,scaf48.pdb,6.417715
scaf4.pdb,scaf49.pdb,24.976122
scaf4.pdb,scaf5.pdb,24.424528
scaf4.pdb,scaf50.pdb,18.328962
scaf4.pdb,scaf51.pdb,21.206774
scaf4.pdb,scaf52.pdb,22.217302
scaf4.pdb,scaf53.pdb,19.2258
scaf4.pdb,scaf54.pdb,19.461637
scaf4.pdb,scaf55.pdb,1.0241913
scaf4.pdb,scaf56.pdb,14.699535
scaf4.pdb,scaf57.pdb,21.543552
scaf4.pdb,scaf58.pdb,14.464771
scaf4.pdb,scaf59.pdb,19.076189
scaf4.pdb,scaf6.pdb,11.425542
scaf4.pdb,scaf60.pdb,6.113999
scaf4.pdb,scaf61.pdb,21.14504
scaf4.pdb,scaf62.pdb,18.018034
scaf4.pdb,scaf63.pdb,8.152905
scaf4.pdb,scaf64.pdb,15.689733
scaf4.pdb,scaf65.pdb,21.831945
scaf4.pdb,scaf66.pdb,15.431723
scaf4.pdb,scaf67.pdb,20.981562
scaf4.pdb,scaf68.pdb,15.130627
scaf4.pdb,scaf7.pdb,14.897936
scaf4.pdb,scaf70.pdb,20.426277
scaf4.pdb,scaf71.pdb,15.142821
scaf4.pdb,scaf72.pdb,23.350725
scaf4.pdb,scaf74.pdb,22.220184
scaf4.pdb,scaf75.pdb,21.687103
scaf4.pdb,scaf76.pdb,27.182564
scaf4.pdb,scaf77.pdb,15.373006
scaf4.pdb,scaf78.pdb,14.409106
scaf4.pdb,scaf79.pdb,21.670465
scaf4.pdb,scaf8.pdb,19.127514
scaf4.pdb,scaf81.pdb,18.7318
scaf4.pdb,scaf82.pdb,21.091694
scaf4.pdb,scaf83.pdb,15.44718
scaf4.pdb,scaf84.pdb,12.569347
scaf4.pdb,scaf85.pdb,18.562744
scaf4.pdb,scaf86.pdb,22.733082
scaf4.pdb,scaf88.pdb,10.862398
scaf4.pdb,scaf89.pdb,23.369495
scaf4.pdb,scaf9.pdb,9.297754
scaf4.pdb,scaf90.pdb,21.428795
scaf4.pdb,scaf91.pdb,25.011076
scaf4.pdb,scaf92.pdb,7.3423753
scaf4.pdb,scaf93.pdb,16.433796
scaf4.pdb,scaf94.pdb,27.917545
scaf4.pdb,scaf95.pdb,24.490568
scaf4.pdb,scaf96.pdb,19.1137
scaf4.pdb,scaf97.pdb,21.976494
scaf4.pdb,scaf98.pdb,21.64172
scaf4.pdb,scaf99.pdb,25.426105
scaf40.pdb,scaf42.pdb,18.289806
scaf40.pdb,scaf44.pdb,18.458403
scaf40.pdb,scaf45.pdb,16.542322
scaf40.pdb,scaf47.pdb,12.353778
scaf40.pdb,scaf48.pdb,23.286037
scaf40.pdb,scaf49.pdb,8.835375
scaf40.pdb,scaf5.pdb,20.819546
scaf40.pdb,scaf50.pdb,18.139761
scaf40.pdb,scaf51.pdb,12.342182
scaf40.pdb,scaf52.pdb,8.781122
scaf40.pdb,scaf53.pdb,13.0952425
scaf40.pdb,scaf54.pdb,21.84644
scaf40.pdb,scaf55.pdb,23.510736
scaf40.pdb,scaf56.pdb,15.800842
scaf40.pdb,scaf57.pdb,14.698343
scaf40.pdb,scaf58.pdb,25.56441
scaf40.pdb,scaf59.pdb,18.64688
scaf40.pdb,scaf6.pdb,20.47136
scaf40.pdb,scaf60.pdb,24.51322
scaf40.pdb,scaf61.pdb,12.409567
scaf40.pdb,scaf62.pdb,16.393862
scaf40.pdb,scaf63.pdb,23.800467
scaf40.pdb,scaf64.pdb,26.111803
scaf40.pdb,scaf65.pdb,17.159546
scaf40.pdb,scaf66.pdb,15.592671
scaf40.pdb,scaf67.pdb,13.652255
scaf40.pdb,scaf68.pdb,15.563357
scaf40.pdb,scaf7.pdb,15.584971
scaf40.pdb,scaf70.pdb,21.69549
scaf40.pdb,scaf71.pdb,15.491187
scaf40.pdb,scaf72.pdb,22.365934
scaf40.pdb,scaf74.pdb,12.931872
scaf40.pdb,scaf75.pdb,13.578575
scaf40.pdb,scaf76.pdb,17.447973
scaf40.pdb,scaf77.pdb,15.378604
scaf40.pdb,scaf78.pdb,19.312887
scaf40.pdb,scaf79.pdb,23.487724
scaf40.pdb,scaf8.pdb,13.443383
scaf40.pdb,scaf81.pdb,17.46992
scaf40.pdb,scaf82.pdb,11.469455
scaf40.pdb,scaf83.pdb,17.840546
scaf40.pdb,scaf84.pdb,21.95912
scaf40.pdb,scaf85.pdb,26.63893
scaf40.pdb,scaf86.pdb,13.866275
scaf40.pdb,scaf88.pdb,22.234299
scaf40.pdb,scaf89.pdb,13.656729
scaf40.pdb,scaf9.pdb,25.734987
scaf40.pdb,scaf90.pdb,20.234592
scaf40.pdb,scaf91.pdb,8.832013
scaf40.pdb,scaf92.pdb,25.692078
scaf40.pdb,scaf93.pdb,15.951151
scaf40.pdb,scaf94.pdb,18.630884
scaf40.pdb,scaf95.pdb,24.550825
scaf40.pdb,scaf96.pdb,16.176226
scaf40.pdb,scaf97.pdb,23.476486
scaf40.pdb,scaf98.pdb,13.467513
scaf40.pdb,scaf99.pdb,15.538729
scaf42.pdb,scaf44.pdb,18.217726
scaf42.pdb,scaf45.pdb,21.06526
scaf42.pdb,scaf47.pdb,18.67032
scaf42.pdb,scaf48.pdb,20.409954
scaf42.pdb,scaf49.pdb,20.35393
scaf42.pdb,scaf5.pdb,17.210907
scaf42.pdb,scaf50.pdb,14.006082
scaf42.pdb,scaf51.pdb,20.045593
scaf42.pdb,scaf52.pdb,18.580156
scaf42.pdb,scaf53.pdb,19.550234
scaf42.pdb,scaf54.pdb,22.482042
scaf42.pdb,scaf55.pdb,21.499258
scaf42.pdb,scaf56.pdb,15.36319
scaf42.pdb,scaf57.pdb,19.85901
scaf42.pdb,scaf58.pdb,21.60381
scaf42.pdb,scaf59.pdb,18.293402
scaf42.pdb,scaf6.pdb,19.4475
scaf42.pdb,scaf60.pdb,20.431707
scaf42.pdb,scaf61.pdb,17.619366
scaf42.pdb,scaf62.pdb,20.85041
scaf42.pdb,scaf63.pdb,19.934805
scaf42.pdb,scaf64.pdb,21.39191
scaf42.pdb,scaf65.pdb,15.092218
scaf42.pdb,scaf66.pdb,15.091325
scaf42.pdb,scaf67.pdb,20.060902
scaf42.pdb,scaf68.pdb,14.881463
scaf42.pdb,scaf7.pdb,15.300491
scaf42.pdb,scaf70.pdb,22.664963
scaf42.pdb,scaf71.pdb,15.19017
scaf42.pdb,scaf72.pdb,22.422487
scaf42.pdb,scaf74.pdb,18.480398
scaf42.pdb,scaf75.pdb,19.105373
scaf42.pdb,scaf76.pdb,19.047314
scaf42.pdb,scaf77.pdb,15.02967
scaf42.pdb,scaf78.pdb,18.751421
scaf42.pdb,scaf79.pdb,19.524897
scaf42.pdb,scaf8.pdb,19.173344
scaf42.pdb,scaf81.pdb,20.547459
scaf42.pdb,scaf82.pdb,17.566948
scaf42.pdb,scaf83.pdb,17.094482
scaf42.pdb,scaf84.pdb,19.232794
scaf42.pdb,scaf85.pdb,24.329966
scaf42.pdb,scaf86.pdb,18.50581
scaf42.pdb,scaf88.pdb,18.131458
scaf42.pdb,scaf89.pdb,18.94807
scaf42.pdb,scaf9.pdb,20.560768
scaf42.pdb,scaf90.pdb,19.825087
scaf42.pdb,scaf91.pdb,20.193085
scaf42.pdb,scaf92.pdb,22.06167
scaf42.pdb,scaf93.pdb,13.75751
scaf42.pdb,scaf94.pdb,21.501451
scaf42.pdb,scaf95.pdb,21.278255
scaf42.pdb,scaf96.pdb,20.389284
scaf42.pdb,scaf97.pdb,20.511885
scaf42.pdb,scaf98.pdb,19.037416
scaf42.pdb,scaf99.pdb,15.819669
scaf44.pdb,scaf45.pdb,19.129232
scaf44.pdb,scaf47.pdb,17.840427
scaf44.pdb,scaf48.pdb,14.061964
scaf44.pdb,scaf49.pdb,20.867918
scaf44.pdb,scaf5.pdb,23.782629
scaf44.pdb,scaf50.pdb,18.001974
scaf44.pdb,scaf51.pdb,16.25204
scaf44.pdb,scaf52.pdb,16.786558
scaf44.pdb,scaf53.pdb,16.01748
scaf44.pdb,scaf54.pdb,19.868681
scaf44.pdb,scaf55.pdb,12.242253
scaf44.pdb,scaf56.pdb,11.875987
scaf44.pdb,scaf57.pdb,15.548019
scaf44.pdb,scaf58.pdb,20.459719
scaf44.pdb,scaf59.pdb,16.57897
scaf44.pdb,scaf6.pdb,11.510122
scaf44.pdb,scaf60.pdb,15.055193
scaf44.pdb,scaf61.pdb,14.0218525
scaf44.pdb,scaf62.pdb,19.557339
scaf44.pdb,scaf63.pdb,14.639482
scaf44.pdb,scaf64.pdb,21.485111
scaf44.pdb,scaf65.pdb,21.036867
scaf44.pdb,scaf66.pdb,11.913582
scaf44.pdb,scaf67.pdb,16.228065
scaf44.pdb,scaf68.pdb,11.986616
scaf44.pdb,scaf7.pdb,11.339078
scaf44.pdb,scaf70.pdb,22.155045
scaf44.pdb,scaf71.pdb,11.3982525
scaf44.pdb,scaf72.pdb,25.655985
scaf44.pdb,scaf74.pdb,16.40695
scaf44.pdb,scaf75.pdb,13.937572
scaf44.pdb,scaf76.pdb,24.974962
scaf44.pdb,scaf77.pdb,12.026219
scaf44.pdb,scaf78.pdb,13.475802
scaf44.pdb,scaf79.pdb,23.70126
scaf44.pdb,scaf8.pdb,16.28593
scaf44.pdb,scaf81.pdb,14.096621
scaf44.pdb,scaf82.pdb,16.56039
scaf44.pdb,scaf83.pdb,12.836145
scaf44.pdb,scaf84.pdb,17.882078
scaf44.pdb,scaf85.pdb,20.822767
scaf44.pdb,scaf86.pdb,17.785152
scaf44.pdb,scaf88.pdb,13.831871
scaf44.pdb,scaf89.pdb,18.808899
scaf44.pdb,scaf9.pdb,16.84494
scaf44.pdb,scaf90.pdb,21.136997
scaf44.pdb,scaf91.pdb,21.021288
scaf44.pdb,scaf92.pdb,16.398632
scaf44.pdb,scaf93.pdb,14.085715
scaf44.pdb,scaf94.pdb,26.328638
scaf44.pdb,scaf95.pdb,26.25038
scaf44.pdb,scaf96.pdb,14.223074
scaf44.pdb,scaf97.pdb,24.47046
scaf44.pdb,scaf98.pdb,13.870984
scaf44.pdb,scaf99.pdb,20.999107
scaf45.pdb,scaf47.pdb,18.2211
scaf45.pdb,scaf48.pdb,19.24416
scaf45.pdb,scaf49.pdb,17.158417
scaf45.pdb,scaf5.pdb,20.569935
scaf45.pdb,scaf50.pdb,20.470129
scaf45.pdb,scaf51.pdb,18.092203
scaf45.pdb,scaf52.pdb,16.482107
scaf45.pdb,scaf53.pdb,14.647048
scaf45.pdb,scaf54.pdb,19.711836
scaf45.pdb,scaf55.pdb,17.997387
scaf45.pdb,scaf56.pdb,20.331272
scaf45.pdb,scaf57.pdb,21.493427
scaf45.pdb,scaf58.pdb,19.201422
scaf45.pdb,scaf59.pdb,17.210644
scaf45.pdb,scaf6.pdb,20.300667
scaf45.pdb,scaf60.pdb,19.185858
scaf45.pdb,scaf61.pdb,15.84019
scaf45.pdb,scaf62.pdb,2.348929
scaf45.pdb,scaf63.pdb,19.848753
scaf45.pdb,scaf64.pdb,20.538128
scaf45.pdb,scaf65.pdb,19.004383
scaf45.pdb,scaf66.pdb,20.868475
scaf45.pdb,scaf67.pdb,18.755377
scaf45.pdb,scaf68.pdb,20.318243
scaf45.pdb,scaf7.pdb,20.319054
scaf45.pdb,scaf70.pdb,22.413465
scaf45.pdb,scaf71.pdb,20.579515
scaf45.pdb,scaf72.pdb,15.254927
scaf45.pdb,scaf74.pdb,15.084786
scaf45.pdb,scaf75.pdb,17.122425
scaf45.pdb,scaf76.pdb,16.394361
scaf45.pdb,scaf77.pdb,20.463957
scaf45.pdb,scaf78.pdb,19.107357
scaf45.pdb,scaf79.pdb,16.011297
scaf45.pdb,scaf8.pdb,14.958773
scaf45.pdb,scaf81.pdb,19.916046
scaf45.pdb,scaf82.pdb,14.038492
scaf45.pdb,scaf83.pdb,18.789288
scaf45.pdb,scaf84.pdb,20.429056
scaf45.pdb,scaf85.pdb,19.706154
scaf45.pdb,scaf86.pdb,14.185436
scaf45.pdb,scaf88.pdb,20.47626
scaf45.pdb,scaf89.pdb,14.423356
scaf45.pdb,scaf9.pdb,19.271435
scaf45.pdb,scaf90.pdb,10.058196
scaf45.pdb,scaf91.pdb,17.252369
scaf45.pdb,scaf92.pdb,18.758911
scaf45.pdb,scaf93.pdb,20.422482
scaf45.pdb,scaf94.pdb,25.05757
scaf45.pdb,scaf95.pdb,17.862658
scaf45.pdb,scaf96.pdb,19.823492
scaf45.pdb,scaf97.pdb,18.96664
scaf45.pdb,scaf98.pdb,17.051266
scaf45.pdb,scaf99.pdb,13.328517
scaf47.pdb,scaf48.pdb,20.545334
scaf47.pdb,scaf49.pdb,15.895528
scaf47.pdb,scaf5.pdb,19.015886
scaf47.pdb,scaf50.pdb,18.663994
scaf47.pdb,scaf51.pdb,10.03767
scaf47.pdb,scaf52.pdb,13.53899
scaf47.pdb,scaf53.pdb,11.257525
scaf47.pdb,scaf54.pdb,20.831036
scaf47.pdb,scaf55.pdb,20.708763
scaf47.pdb,scaf56.pdb,15.235416
scaf47.pdb,scaf57.pdb,13.71394
scaf47.pdb,scaf58.pdb,23.733551
scaf47.pdb,scaf59.pdb,21.179384
scaf47.pdb,scaf6.pdb,19.49841
scaf47.pdb,scaf60.pdb,21.48817
scaf47.pdb,scaf61.pdb,15.365292
scaf47.pdb,scaf62.pdb,18.021145
scaf47.pdb,scaf63.pdb,21.214128
scaf47.pdb,scaf64.pdb,24.136938
scaf47.pdb,scaf65.pdb,15.167906
scaf47.pdb,scaf66.pdb,15.210797
scaf47.pdb,scaf67.pdb,12.552273
scaf47.pdb,scaf68.pdb,15.02942
scaf47.pdb,scaf7.pdb,15.3605585
scaf47.pdb,scaf70.pdb,19.353384
scaf47.pdb,scaf71.pdb,15.36648
scaf47.pdb,scaf72.pdb,23.633617
scaf47.pdb,scaf74.pdb,19.390566
scaf47.pdb,scaf75.pdb,15.88923
scaf47.pdb,scaf76.pdb,20.70305
scaf47.pdb,scaf77.pdb,14.975823
scaf47.pdb,scaf78.pdb,18.866022
scaf47.pdb,scaf79.pdb,23.764149
scaf47.pdb,scaf8.pdb,11.793824
scaf47.pdb,scaf81.pdb,12.994187
scaf47.pdb,scaf82.pdb,15.675313
scaf47.pdb,scaf83.pdb,18.81696
scaf47.pdb,scaf84.pdb,22.278803
scaf47.pdb,scaf85.pdb,26.771772
scaf47.pdb,scaf86.pdb,18.363775
scaf47.pdb,scaf88.pdb,20.07882
scaf47.pdb,scaf89.pdb,18.487862
scaf47.pdb,scaf9.pdb,22.430378
scaf47.pdb,scaf90.pdb,23.3067
scaf47.pdb,scaf91.pdb,15.696207
scaf47.pdb,scaf92.pdb,23.365507
scaf47.pdb,scaf93.pdb,14.773836
scaf47.pdb,scaf94.pdb,18.063444
scaf47.pdb,scaf95.pdb,24.2672
scaf47.pdb,scaf96.pdb,11.804076
scaf47.pdb,scaf97.pdb,26.506248
scaf47.pdb,scaf98.pdb,15.702592
scaf47.pdb,scaf99.pdb,16.827042
scaf48.pdb,scaf49.pdb,25.270693
scaf48.pdb,scaf5.pdb,22.066977
scaf48.pdb,scaf50.pdb,15.655022
scaf48.pdb,scaf51.pdb,21.562433
scaf48.pdb,scaf52.pdb,23.320543
scaf48.pdb,scaf53.pdb,19.607666
scaf48.pdb,scaf54.pdb,18.869894
scaf48.pdb,scaf55.pdb,6.045343
scaf48.pdb,scaf56.pdb,14.0985
scaf48.pdb,scaf57.pdb,20.772873
scaf48.pdb,scaf58.pdb,13.086402
scaf48.pdb,scaf59.pdb,19.560997
scaf48.pdb,scaf6.pdb,12.769356
scaf48.pdb,scaf60.pdb,5.096788
scaf48.pdb,scaf61.pdb,23.478783
scaf48.pdb,scaf62.pdb,19.06964
scaf48.pdb,scaf63.pdb,5.3096194
scaf48.pdb,scaf64.pdb,13.061644
scaf48.pdb,scaf65.pdb,20.515915
scaf48.pdb,scaf66.pdb,14.509138
scaf48.pdb,scaf67.pdb,20.971684
scaf48.pdb,scaf68.pdb,14.082766
scaf48.pdb,scaf7.pdb,14.031481
scaf48.pdb,scaf70.pdb,19.040712
scaf48.pdb,scaf71.pdb,14.212869
scaf48.pdb,scaf72.pdb,21.691257
scaf48.pdb,scaf74.pdb,22.334984
scaf48.pdb,scaf75.pdb,24.467773
scaf48.pdb,scaf76.pdb,26.326834
scaf48.pdb,scaf77.pdb,14.304846
scaf48.pdb,scaf78.pdb,16.202871
scaf48.pdb,scaf79.pdb,20.11138
scaf48.pdb,scaf8.pdb,19.693295
scaf48.pdb,scaf81.pdb,18.981434
scaf48.pdb,scaf82.pdb,21.60339
scaf48.pdb,scaf83.pdb,16.0542
scaf48.pdb,scaf84.pdb,10.479071
scaf48.pdb,scaf85.pdb,19.091688
scaf48.pdb,scaf86.pdb,22.075237
scaf48.pdb,scaf88.pdb,9.857494
scaf48.pdb,scaf89.pdb,22.673203
scaf48.pdb,scaf9.pdb,8.85717
scaf48.pdb,scaf90.pdb,20.560925
scaf48.pdb,scaf91.pdb,25.268585
scaf48.pdb,scaf92.pdb,8.426083
scaf48.pdb,scaf93.pdb,14.448403
scaf48.pdb,scaf94.pdb,25.537663
scaf48.pdb,scaf95.pdb,24.764301
scaf48.pdb,scaf96.pdb,18.942072
scaf48.pdb,scaf97.pdb,20.694942
scaf48.pdb,scaf98.pdb,24.433886
scaf48.pdb,scaf99.pdb,24.25695
scaf49.pdb,scaf5.pdb,24.647888
scaf49.pdb,scaf50.pdb,21.506643
scaf49.pdb,scaf51.pdb,14.879783
scaf49.pdb,scaf52.pdb,8.940068
scaf49.pdb,scaf53.pdb,14.038813
scaf49.pdb,scaf54.pdb,21.761349
scaf49.pdb,scaf55.pdb,24.950413
scaf49.pdb,scaf56.pdb,18.678122
scaf49.pdb,scaf57.pdb,18.245398
scaf49.pdb,scaf58.pdb,25.400743
scaf49.pdb,scaf59.pdb,18.655468
scaf49.pdb,scaf6.pdb,22.988544
scaf49.pdb,scaf60.pdb,26.093533
scaf49.pdb,scaf61.pdb,15.245277
scaf49.pdb,scaf62.pdb,16.761732
scaf49.pdb,scaf63.pdb,25.705849
scaf49.pdb,scaf64.pdb,26.352764
scaf49.pdb,scaf65.pdb,19.94975
scaf49.pdb,scaf66.pdb,18.575241
scaf49.pdb,scaf67.pdb,15.030848
scaf49.pdb,scaf68.pdb,18.783257
scaf49.pdb,scaf7.pdb,18.952276
scaf49.pdb,scaf70.pdb,21.273598
scaf49.pdb,scaf71.pdb,18.843264
scaf49.pdb,scaf72.pdb,20.853556
scaf49.pdb,scaf74.pdb,14.88617
scaf49.pdb,scaf75.pdb,16.428703
scaf49.pdb,scaf76.pdb,17.844393
scaf49.pdb,scaf77.pdb,18.696676
scaf49.pdb,scaf78.pdb,19.744452
scaf49.pdb,scaf79.pdb,22.444979
scaf49.pdb,scaf8.pdb,14.54887
scaf49.pdb,scaf81.pdb,20.740494
scaf49.pdb,scaf82.pdb,14.848467
scaf49.pdb,scaf83.pdb,21.405397
scaf49.pdb,scaf84.pdb,24.011566
scaf49.pdb,scaf85.pdb,25.659868
scaf49.pdb,scaf86.pdb,15.301115
scaf49.pdb,scaf88.pdb,23.818762
scaf49.pdb,scaf89.pdb,14.629264
scaf49.pdb,scaf9.pdb,26.950274
scaf49.pdb,scaf90.pdb,19.316523
scaf49.pdb,scaf91.pdb,1.071084
scaf49.pdb,scaf92.pdb,26.19924
scaf49.pdb,scaf93.pdb,19.095402
scaf49.pdb,scaf94.pdb,20.021124
scaf49.pdb,scaf95.pdb,22.32664
scaf49.pdb,scaf96.pdb,19.787859
scaf49.pdb,scaf97.pdb,21.060705
scaf49.pdb,scaf98.pdb,16.346218
scaf49.pdb,scaf99.pdb,17.813341
scaf5.pdb,scaf50.pdb,18.160856
scaf5.pdb,scaf51.pdb,21.619192
scaf5.pdb,scaf52.pdb,24.07697
scaf5.pdb,scaf53.pdb,23.429127
scaf5.pdb,scaf54.pdb,23.706541
scaf5.pdb,scaf55.pdb,24.155882
scaf5.pdb,scaf56.pdb,20.784212
scaf5.pdb,scaf57.pdb,21.177122
scaf5.pdb,scaf58.pdb,23.821714
scaf5.pdb,scaf59.pdb,22.601015
scaf5.pdb,scaf6.pdb,24.317987
scaf5.pdb,scaf60.pdb,22.790112
scaf5.pdb,scaf61.pdb,21.741543
scaf5.pdb,scaf62.pdb,20.30023
scaf5.pdb,scaf63.pdb,21.757086
scaf5.pdb,scaf64.pdb,23.119131
scaf5.pdb,scaf65.pdb,13.526445
scaf5.pdb,scaf66.pdb,20.57337
scaf5.pdb,scaf67.pdb,22.62451
scaf5.pdb,scaf68.pdb,20.324284
scaf5.pdb,scaf7.pdb,20.50944
scaf5.pdb,scaf70.pdb,23.140165
scaf5.pdb,scaf71.pdb,20.534046
scaf5.pdb,scaf72.pdb,22.69696
scaf5.pdb,scaf74.pdb,22.598059
scaf5.pdb,scaf75.pdb,23.450167
scaf5.pdb,scaf76.pdb,20.837587
scaf5.pdb,scaf77.pdb,20.416386
scaf5.pdb,scaf78.pdb,26.89021
scaf5.pdb,scaf79.pdb,22.670218
scaf5.pdb,scaf8.pdb,24.088142
scaf5.pdb,scaf81.pdb,21.02901
scaf5.pdb,scaf82.pdb,20.247381
scaf5.pdb,scaf83.pdb,21.508308
scaf5.pdb,scaf84.pdb,23.312979
scaf5.pdb,scaf85.pdb,28.385038
scaf5.pdb,scaf86.pdb,21.707167
scaf5.pdb,scaf88.pdb,23.022318
scaf5.pdb,scaf89.pdb,21.946259
scaf5.pdb,scaf9.pdb,23.76387
scaf5.pdb,scaf90.pdb,22.259579
scaf5.pdb,scaf91.pdb,24.3681
scaf5.pdb,scaf92.pdb,25.438015
scaf5.pdb,scaf93.pdb,19.07482
scaf5.pdb,scaf94.pdb,20.989546
scaf5.pdb,scaf95.pdb,26.320816
scaf5.pdb,scaf96.pdb,20.092957
scaf5.pdb,scaf97.pdb,25.479233
scaf5.pdb,scaf98.pdb,23.333305
scaf5.pdb,scaf99.pdb,18.565117
scaf50.pdb,scaf51.pdb,18.98336
scaf50.pdb,scaf52.pdb,20.796715
scaf50.pdb,scaf53.pdb,18.152596
scaf50.pdb,scaf54.pdb,19.304317
scaf50.pdb,scaf55.pdb,18.36933
scaf50.pdb,scaf56.pdb,14.753914
scaf50.pdb,scaf57.pdb,19.22155
scaf50.pdb,scaf58.pdb,17.84172
scaf50.pdb,scaf59.pdb,18.515013
scaf50.pdb,scaf6.pdb,16.286674
scaf50.pdb,scaf60.pdb,17.238062
scaf50.pdb,scaf61.pdb,19.923212
scaf50.pdb,scaf62.pdb,20.072622
scaf50.pdb,scaf63.pdb,17.19783
scaf50.pdb,scaf64.pdb,18.202257
scaf50.pdb,scaf65.pdb,15.777872
scaf50.pdb,scaf66.pdb,14.483388
scaf50.pdb,scaf67.pdb,19.393368
scaf50.pdb,scaf68.pdb,14.232739
scaf50.pdb,scaf7.pdb,14.503548
scaf50.pdb,scaf70.pdb,20.559673
scaf50.pdb,scaf71.pdb,14.46949
scaf50.pdb,scaf72.pdb,22.474415
scaf50.pdb,scaf74.pdb,19.659828
scaf50.pdb,scaf75.pdb,21.824013
scaf50.pdb,scaf76.pdb,19.975811
scaf50.pdb,scaf77.pdb,14.243669
scaf50.pdb,scaf78.pdb,16.28607
scaf50.pdb,scaf79.pdb,17.201181
scaf50.pdb,scaf8.pdb,18.354486
scaf50.pdb,scaf81.pdb,18.696188
scaf50.pdb,scaf82.pdb,20.626062
scaf50.pdb,scaf83.pdb,14.9227295
scaf50.pdb,scaf84.pdb,16.360737
scaf50.pdb,scaf85.pdb,20.849913
scaf50.pdb,scaf86.pdb,18.671015
scaf50.pdb,scaf88.pdb,14.0476885
scaf50.pdb,scaf89.pdb,18.95779
scaf50.pdb,scaf9.pdb,16.373915
scaf50.pdb,scaf90.pdb,19.1391
scaf50.pdb,scaf91.pdb,21.419516
scaf50.pdb,scaf92.pdb,18.384436
scaf50.pdb,scaf93.pdb,13.0260315
scaf50.pdb,scaf94.pdb,17.55949
scaf50.pdb,scaf95.pdb,20.977127
scaf50.pdb,scaf96.pdb,17.81664
scaf50.pdb,scaf97.pdb,21.97884
scaf50.pdb,scaf98.pdb,21.674555
scaf50.pdb,scaf99.pdb,17.719873
scaf51.pdb,scaf52.pdb,12.64777
scaf51.pdb,scaf53.pdb,11.813833
scaf51.pdb,scaf54.pdb,20.01484
scaf51.pdb,scaf55.pdb,21.172297
scaf51.pdb,scaf56.pdb,16.127407
scaf51.pdb,scaf57.pdb,11.322862
scaf51.pdb,scaf58.pdb,23.98956
scaf51.pdb,scaf59.pdb,19.149008
scaf51.pdb,scaf6.pdb,19.081465
scaf51.pdb,scaf60.pdb,22.800234
scaf51.pdb,scaf61.pdb,14.95191
scaf51.pdb,scaf62.pdb,17.715004
scaf51.pdb,scaf63.pdb,22.533094
scaf51.pdb,scaf64.pdb,24.717257
scaf51.pdb,scaf65.pdb,17.089867
scaf51.pdb,scaf66.pdb,15.68366
scaf51.pdb,scaf67.pdb,9.818281
scaf51.pdb,scaf68.pdb,16.156942
scaf51.pdb,scaf7.pdb,16.035751
scaf51.pdb,scaf70.pdb,18.22286
scaf51.pdb,scaf71.pdb,15.82538
scaf51.pdb,scaf72.pdb,24.351118
scaf51.pdb,scaf74.pdb,16.678614
scaf51.pdb,scaf75.pdb,16.124449
scaf51.pdb,scaf76.pdb,21.23551
scaf51.pdb,scaf77.pdb,15.822904
scaf51.pdb,scaf78.pdb,17.928392
scaf51.pdb,scaf79.pdb,24.342718
scaf51.pdb,scaf8.pdb,11.638449
scaf51.pdb,scaf81.pdb,9.551743
scaf51.pdb,scaf82.pdb,17.496687
scaf51.pdb,scaf83.pdb,19.548153
scaf51.pdb,scaf84.pdb,23.686377
scaf51.pdb,scaf85.pdb,26.076225
scaf51.pdb,scaf86.pdb,15.855109
scaf51.pdb,scaf88.pdb,19.656502
scaf51.pdb,scaf89.pdb,16.094442
scaf51.pdb,scaf9.pdb,23.29699
scaf51.pdb,scaf90.pdb,22.259468
scaf51.pdb,scaf91.pdb,14.960545
scaf51.pdb,scaf92.pdb,24.396683
scaf51.pdb,scaf93.pdb,16.453413
scaf51.pdb,scaf94.pdb,18.108866
scaf51.pdb,scaf95.pdb,24.484415
scaf51.pdb,scaf96.pdb,8.562194
scaf51.pdb,scaf97.pdb,26.825314
scaf51.pdb,scaf98.pdb,15.968513
scaf51.pdb,scaf99.pdb,17.3046
scaf52.pdb,scaf53.pdb,12.358691
scaf52.pdb,scaf54.pdb,21.244978
scaf52.pdb,scaf55.pdb,22.2186
scaf52.pdb,scaf56.pdb,15.568923
scaf52.pdb,scaf57.pdb,15.43846
scaf52.pdb,scaf58.pdb,25.180634
scaf52.pdb,scaf59.pdb,18.881847
scaf52.pdb,scaf6.pdb,20.38165
scaf52.pdb,scaf60.pdb,22.893202
scaf52.pdb,scaf61.pdb,12.554471
scaf52.pdb,scaf62.pdb,16.323668
scaf52.pdb,scaf63.pdb,22.607533
scaf52.pdb,scaf64.pdb,26.137661
scaf52.pdb,scaf65.pdb,19.544939
scaf52.pdb,scaf66.pdb,15.756976
scaf52.pdb,scaf67.pdb,13.284761
scaf52.pdb,scaf68.pdb,15.687709
scaf52.pdb,scaf7.pdb,15.677459
scaf52.pdb,scaf70.pdb,22.754894
scaf52.pdb,scaf71.pdb,15.638617
scaf52.pdb,scaf72.pdb,21.113962
scaf52.pdb,scaf74.pdb,14.360911
scaf52.pdb,scaf75.pdb,13.024885
scaf52.pdb,scaf76.pdb,20.006107
scaf52.pdb,scaf77.pdb,15.564266
scaf52.pdb,scaf78.pdb,18.348421
scaf52.pdb,scaf79.pdb,22.72526
scaf52.pdb,scaf8.pdb,13.272576
scaf52.pdb,scaf81.pdb,17.67094
scaf52.pdb,scaf82.pdb,12.797157
scaf52.pdb,scaf83.pdb,20.235859
scaf52.pdb,scaf84.pdb,23.53047
scaf52.pdb,scaf85.pdb,25.732847
scaf52.pdb,scaf86.pdb,15.06617
scaf52.pdb,scaf88.pdb,21.609055
scaf52.pdb,scaf89.pdb,15.096764
scaf52.pdb,scaf9.pdb,24.451454
scaf52.pdb,scaf90.pdb,20.162357
scaf52.pdb,scaf91.pdb,9.029463
scaf52.pdb,scaf92.pdb,23.741354
scaf52.pdb,scaf93.pdb,16.863144
scaf52.pdb,scaf94.pdb,21.785677
scaf52.pdb,scaf95.pdb,23.842834
scaf52.pdb,scaf96.pdb,17.765709
scaf52.pdb,scaf97.pdb,22.913141
scaf52.pdb,scaf98.pdb,12.938962
scaf52.pdb,scaf99.pdb,18.199493
scaf53.pdb,scaf54.pdb,21.470854
scaf53.pdb,scaf55.pdb,19.18791
scaf53.pdb,scaf56.pdb,16.79171
scaf53.pdb,scaf57.pdb,13.577286
scaf53.pdb,scaf58.pdb,23.101212
scaf53.pdb,scaf59.pdb,19.502789
scaf53.pdb,scaf6.pdb,17.642605
scaf53.pdb,scaf60.pdb,21.057579
scaf53.pdb,scaf61.pdb,15.072048
scaf53.pdb,scaf62.pdb,14.6444
scaf53.pdb,scaf63.pdb,20.704947
scaf53.pdb,scaf64.pdb,23.642708
scaf53.pdb,scaf65.pdb,16.546774
scaf53.pdb,scaf66.pdb,16.886892
scaf53.pdb,scaf67.pdb,11.609993
scaf53.pdb,scaf68.pdb,16.759533
scaf53.pdb,scaf7.pdb,16.851084
scaf53.pdb,scaf70.pdb,20.808422
scaf53.pdb,scaf71.pdb,16.81429
scaf53.pdb,scaf72.pdb,22.940378
scaf53.pdb,scaf74.pdb,15.821863
scaf53.pdb,scaf75.pdb,16.373085
scaf53.pdb,scaf76.pdb,22.248678
scaf53.pdb,scaf77.pdb,16.695791
scaf53.pdb,scaf78.pdb,15.850089
scaf53.pdb,scaf79.pdb,22.31891
scaf53.pdb,scaf8.pdb,5.1690545
scaf53.pdb,scaf81.pdb,15.1725025
scaf53.pdb,scaf82.pdb,14.947818
scaf53.pdb,scaf83.pdb,17.382488
scaf53.pdb,scaf84.pdb,23.204838
scaf53.pdb,scaf85.pdb,26.82203
scaf53.pdb,scaf86.pdb,14.012904
scaf53.pdb,scaf88.pdb,19.368269
scaf53.pdb,scaf89.pdb,14.610391
scaf53.pdb,scaf9.pdb,22.256166
scaf53.pdb,scaf90.pdb,19.546928
scaf53.pdb,scaf91.pdb,13.940974
scaf53.pdb,scaf92.pdb,21.97202
scaf53.pdb,scaf93.pdb,16.718422
scaf53.pdb,scaf94.pdb,18.479752
scaf53.pdb,scaf95.pdb,24.561186
scaf53.pdb,scaf96.pdb,14.204389
scaf53.pdb,scaf97.pdb,26.306898
scaf53.pdb,scaf98.pdb,16.240206
scaf53.pdb,scaf99.pdb,17.01251
scaf54.pdb,scaf55.pdb,19.600885
scaf54.pdb,scaf56.pdb,18.356192
scaf54.pdb,scaf57.pdb,20.629541
scaf54.pdb,scaf58.pdb,14.454954
scaf54.pdb,scaf59.pdb,19.389812
scaf54.pdb,scaf6.pdb,21.890429
scaf54.pdb,scaf60.pdb,18.299894
scaf54.pdb,scaf61.pdb,20.370617
scaf54.pdb,scaf62.pdb,19.016117
scaf54.pdb,scaf63.pdb,18.61333
scaf54.pdb,scaf64.pdb,14.667151
scaf54.pdb,scaf65.pdb,22.215986
scaf54.pdb,scaf66.pdb,17.9664
scaf54.pdb,scaf67.pdb,21.195753
scaf54.pdb,scaf68.pdb,18.143747
scaf54.pdb,scaf7.pdb,18.314056
scaf54.pdb,scaf70.pdb,16.968098
scaf54.pdb,scaf71.pdb,18.363625
scaf54.pdb,scaf72.pdb,17.094376
scaf54.pdb,scaf74.pdb,21.767582
scaf54.pdb,scaf75.pdb,20.4995
scaf54.pdb,scaf76.pdb,16.151354
scaf54.pdb,scaf77.pdb,18.135965
scaf54.pdb,scaf78.pdb,21.45446
scaf54.pdb,scaf79.pdb,16.170673
scaf54.pdb,scaf8.pdb,22.286793
scaf54.pdb,scaf81.pdb,19.209347
scaf54.pdb,scaf82.pdb,23.151325
scaf54.pdb,scaf83.pdb,21.966211
scaf54.pdb,scaf84.pdb,18.162933
scaf54.pdb,scaf85.pdb,17.335304
scaf54.pdb,scaf86.pdb,21.736042
scaf54.pdb,scaf88.pdb,17.304932
scaf54.pdb,scaf89.pdb,21.727774
scaf54.pdb,scaf9.pdb,17.974638
scaf54.pdb,scaf90.pdb,19.467922
scaf54.pdb,scaf91.pdb,21.853207
scaf54.pdb,scaf92.pdb,18.474653
scaf54.pdb,scaf93.pdb,18.101051
scaf54.pdb,scaf94.pdb,22.532581
scaf54.pdb,scaf95.pdb,19.899372
scaf54.pdb,scaf96.pdb,19.531626
scaf54.pdb,scaf97.pdb,19.634174
scaf54.pdb,scaf98.pdb,20.486954
scaf54.pdb,scaf99.pdb,20.006256
scaf55.pdb,scaf56.pdb,14.622625
scaf55.pdb,scaf57.pdb,21.295877
scaf55.pdb,scaf58.pdb,14.619741
scaf55.pdb,scaf59.pdb,19.011246
scaf55.pdb,scaf6.pdb,11.358159
scaf55.pdb,scaf60.pdb,6.033675
scaf55.pdb,scaf61.pdb,21.042149
scaf55.pdb,scaf62.pdb,18.128157
scaf55.pdb,scaf63.pdb,7.7076163
scaf55.pdb,scaf64.pdb,15.730253
scaf55.pdb,scaf65.pdb,21.933033
scaf55.pdb,scaf66.pdb,15.341184
scaf55.pdb,scaf67.pdb,20.859304
scaf55.pdb,scaf68.pdb,15.023623
scaf55.pdb,scaf7.pdb,14.751301
scaf55.pdb,scaf70.pdb,20.45749
scaf55.pdb,scaf71.pdb,14.991462
scaf55.pdb,scaf72.pdb,23.286135
scaf55.pdb,scaf74.pdb,21.98832
scaf55.pdb,scaf75.pdb,21.61229
scaf55.pdb,scaf76.pdb,27.156765
scaf55.pdb,scaf77.pdb,15.257988
scaf55.pdb,scaf78.pdb,14.702348
scaf55.pdb,scaf79.pdb,21.734407
scaf55.pdb,scaf8.pdb,19.096466
scaf55.pdb,scaf81.pdb,18.65848
scaf55.pdb,scaf82.pdb,20.851072
scaf55.pdb,scaf83.pdb,15.376648
scaf55.pdb,scaf84.pdb,12.617227
scaf55.pdb,scaf85.pdb,18.798077
scaf55.pdb,scaf86.pdb,22.458977
scaf55.pdb,scaf88.pdb,10.92059
scaf55.pdb,scaf89.pdb,23.11739
scaf55.pdb,scaf9.pdb,9.579771
scaf55.pdb,scaf90.pdb,21.319105
scaf55.pdb,scaf91.pdb,24.991621
scaf55.pdb,scaf92.pdb,7.655915
scaf55.pdb,scaf93.pdb,16.334494
scaf55.pdb,scaf94.pdb,27.890436
scaf55.pdb,scaf95.pdb,24.663916
scaf55.pdb,scaf96.pdb,18.994833
scaf55.pdb,scaf97.pdb,21.942333
scaf55.pdb,scaf98.pdb,21.56759
scaf55.pdb,scaf99.pdb,25.283386
scaf56.pdb,scaf57.pdb,16.918386
scaf56.pdb,scaf58.pdb,19.998087
scaf56.pdb,scaf59.pdb,19.162014
scaf56.pdb,scaf6.pdb,13.580766
scaf56.pdb,scaf60.pdb,14.786829
scaf56.pdb,scaf61.pdb,15.892688
scaf56.pdb,scaf62.pdb,20.349087
scaf56.pdb,scaf63.pdb,14.458745
scaf56.pdb,scaf64.pdb,20.718685
scaf56.pdb,scaf65.pdb,18.030216
scaf56.pdb,scaf66.pdb,1.8755099
scaf56.pdb,scaf67.pdb,17.112356
scaf56.pdb,scaf68.pdb,1.7771804
scaf56.pdb,scaf7.pdb,2.102439
scaf56.pdb,scaf70.pdb,19.176634
scaf56.pdb,scaf71.pdb,2.4070392
scaf56.pdb,scaf72.pdb,22.91652
scaf56.pdb,scaf74.pdb,18.908657
scaf56.pdb,scaf75.pdb,16.21511
scaf56.pdb,scaf76.pdb,21.282866
scaf56.pdb,scaf77.pdb,2.214397
scaf56.pdb,scaf78.pdb,13.142198
scaf56.pdb,scaf79.pdb,20.49292
scaf56.pdb,scaf8.pdb,16.829527
scaf56.pdb,scaf81.pdb,16.100264
scaf56.pdb,scaf82.pdb,17.190754
scaf56.pdb,scaf83.pdb,14.932826
scaf56.pdb,scaf84.pdb,14.325786
scaf56.pdb,scaf85.pdb,20.294743
scaf56.pdb,scaf86.pdb,19.818707
scaf56.pdb,scaf88.pdb,13.042319
scaf56.pdb,scaf89.pdb,20.051487
scaf56.pdb,scaf9.pdb,15.846758
scaf56.pdb,scaf90.pdb,22.000465
scaf56.pdb,scaf91.pdb,18.65678
scaf56.pdb,scaf92.pdb,16.5449
scaf56.pdb,scaf93.pdb,4.841252
scaf56.pdb,scaf94.pdb,22.11473
scaf56.pdb,scaf95.pdb,24.44063
scaf56.pdb,scaf96.pdb,15.759764
scaf56.pdb,scaf97.pdb,20.9491
scaf56.pdb,scaf98.pdb,16.106485
scaf56.pdb,scaf99.pdb,20.399025
scaf57.pdb,scaf58.pdb,23.303215
scaf57.pdb,scaf59.pdb,17.540827
scaf57.pdb,scaf6.pdb,19.473312
scaf57.pdb,scaf60.pdb,22.873838
scaf57.pdb,scaf61.pdb,13.972685
scaf57.pdb,scaf62.pdb,21.112057
scaf57.pdb,scaf63.pdb,21.724747
scaf57.pdb,scaf64.pdb,23.439726
scaf57.pdb,scaf65.pdb,18.717651
scaf57.pdb,scaf66.pdb,16.228416
scaf57.pdb,scaf67.pdb,7.923037
scaf57.pdb,scaf68.pdb,16.865746
scaf57.pdb,scaf7.pdb,16.611486
scaf57.pdb,scaf70.pdb,19.700542
scaf57.pdb,scaf71.pdb,16.244038
scaf57.pdb,scaf72.pdb,23.823187
scaf57.pdb,scaf74.pdb,15.620505
scaf57.pdb,scaf75.pdb,15.7755375
scaf57.pdb,scaf76.pdb,22.160637
scaf57.pdb,scaf77.pdb,16.56014
scaf57.pdb,scaf78.pdb,18.254435
scaf57.pdb,scaf79.pdb,24.102253
scaf57.pdb,scaf8.pdb,13.981816
scaf57.pdb,scaf81.pdb,12.767897
scaf57.pdb,scaf82.pdb,17.23959
scaf57.pdb,scaf83.pdb,18.297989
scaf57.pdb,scaf84.pdb,23.055248
scaf57.pdb,scaf85.pdb,28.522198
scaf57.pdb,scaf86.pdb,13.315697
scaf57.pdb,scaf88.pdb,19.458088
scaf57.pdb,scaf89.pdb,13.63382
scaf57.pdb,scaf9.pdb,23.030792
scaf57.pdb,scaf90.pdb,21.243824
scaf57.pdb,scaf91.pdb,18.165071
scaf57.pdb,scaf92.pdb,25.352955
scaf57.pdb,scaf93.pdb,16.984673
scaf57.pdb,scaf94.pdb,18.723793
scaf57.pdb,scaf95.pdb,26.745476
scaf57.pdb,scaf96.pdb,12.311102
scaf57.pdb,scaf97.pdb,27.07643
scaf57.pdb,scaf98.pdb,15.618821
scaf57.pdb,scaf99.pdb,17.006592
scaf58.pdb,scaf59.pdb,18.858173
scaf58.pdb,scaf6.pdb,18.067772
scaf58.pdb,scaf60.pdb,13.097613
scaf58.pdb,scaf61.pdb,23.826176
scaf58.pdb,scaf62.pdb,18.333742
scaf58.pdb,scaf63.pdb,14.3559065
scaf58.pdb,scaf64.pdb,3.5056908
scaf58.pdb,scaf65.pdb,21.47847
scaf58.pdb,scaf66.pdb,19.949318
scaf58.pdb,scaf67.pdb,23.377773
scaf58.pdb,scaf68.pdb,20.104006
scaf58.pdb,scaf7.pdb,20.220919
scaf58.pdb,scaf70.pdb,17.218676
scaf58.pdb,scaf71.pdb,20.153011
scaf58.pdb,scaf72.pdb,18.748762
scaf58.pdb,scaf74.pdb,23.975597
scaf58.pdb,scaf75.pdb,24.756346
scaf58.pdb,scaf76.pdb,21.981695
scaf58.pdb,scaf77.pdb,20.241602
scaf58.pdb,scaf78.pdb,18.217207
scaf58.pdb,scaf79.pdb,15.750723
scaf58.pdb,scaf8.pdb,22.857548
scaf58.pdb,scaf81.pdb,22.08475
scaf58.pdb,scaf82.pdb,25.283386
scaf58.pdb,scaf83.pdb,19.014734
scaf58.pdb,scaf84.pdb,12.377519
scaf58.pdb,scaf85.pdb,16.391848
scaf58.pdb,scaf86.pdb,23.375265
scaf58.pdb,scaf88.pdb,12.631489
scaf58.pdb,scaf89.pdb,23.213877
scaf58.pdb,scaf9.pdb,11.29873
scaf58.pdb,scaf90.pdb,17.964544
scaf58.pdb,scaf91.pdb,25.313671
scaf58.pdb,scaf92.pdb,12.633861
scaf58.pdb,scaf93.pdb,20.068562
scaf58.pdb,scaf94.pdb,23.773882
scaf58.pdb,scaf95.pdb,17.257605
scaf58.pdb,scaf96.pdb,22.24772
scaf58.pdb,scaf97.pdb,16.987694
scaf58.pdb,scaf98.pdb,24.70831
scaf58.pdb,scaf99.pdb,23.045898
scaf59.pdb,scaf6.pdb,18.990704
scaf59.pdb,scaf60.pdb,20.87249
scaf59.pdb,scaf61.pdb,15.343991
scaf59.pdb,scaf62.pdb,17.238361
scaf59.pdb,scaf63.pdb,20.809277
scaf59.pdb,scaf64.pdb,19.596348
scaf59.pdb,scaf65.pdb,23.852129
scaf59.pdb,scaf66.pdb,18.858084
scaf59.pdb,scaf67.pdb,18.643888
scaf59.pdb,scaf68.pdb,19.222914
scaf59.pdb,scaf7.pdb,18.917604
scaf59.pdb,scaf70.pdb,19.743475
scaf59.pdb,scaf71.pdb,18.873407
scaf59.pdb,scaf72.pdb,21.439238
scaf59.pdb,scaf74.pdb,13.304661
scaf59.pdb,scaf75.pdb,16.002085
scaf59.pdb,scaf76.pdb,20.19433
scaf59.pdb,scaf77.pdb,19.240633
scaf59.pdb,scaf78.pdb,18.071383
scaf59.pdb,scaf79.pdb,20.714218
scaf59.pdb,scaf8.pdb,19.448263
scaf59.pdb,scaf81.pdb,19.245525
scaf59.pdb,scaf82.pdb,16.448532
scaf59.pdb,scaf83.pdb,14.933224
scaf59.pdb,scaf84.pdb,18.701084
scaf59.pdb,scaf85.pdb,22.172396
scaf59.pdb,scaf86.pdb,13.973896
scaf59.pdb,scaf88.pdb,18.985683
scaf59.pdb,scaf89.pdb,14.206808
scaf59.pdb,scaf9.pdb,20.73143
scaf59.pdb,scaf90.pdb,16.175463
scaf59.pdb,scaf91.pdb,18.711876
scaf59.pdb,scaf92.pdb,21.334215
scaf59.pdb,scaf93.pdb,19.727406
scaf59.pdb,scaf94.pdb,23.630539
scaf59.pdb,scaf95.pdb,20.174522
scaf59.pdb,scaf96.pdb,19.485264
scaf59.pdb,scaf97.pdb,19.828417
scaf59.pdb,scaf98.pdb,15.96237
scaf59.pdb,scaf99.pdb,17.488443
scaf6.pdb,scaf60.pdb,13.40003
scaf6.pdb,scaf61.pdb,19.356657
scaf6.pdb,scaf62.pdb,20.594141
scaf6.pdb,scaf63.pdb,14.654149
scaf6.pdb,scaf64.pdb,19.559229
scaf6.pdb,scaf65.pdb,19.869415
scaf6.pdb,scaf66.pdb,14.056585
scaf6.pdb,scaf67.pdb,19.745094
scaf6.pdb,scaf68.pdb,13.920405
scaf6.pdb,scaf7.pdb,13.484604
scaf6.pdb,scaf70.pdb,22.521488
scaf6.pdb,scaf71.pdb,13.559364
scaf6.pdb,scaf72.pdb,25.84186
scaf6.pdb,scaf74.pdb,20.516129
scaf6.pdb,scaf75.pdb,19.925484
scaf6.pdb,scaf76.pdb,26.016806
scaf6.pdb,scaf77.pdb,14.009648
scaf6.pdb,scaf78.pdb,11.071856
scaf6.pdb,scaf79.pdb,22.66622
scaf6.pdb,scaf8.pdb,16.745584
scaf6.pdb,scaf81.pdb,16.856787
scaf6.pdb,scaf82.pdb,20.439106
scaf6.pdb,scaf83.pdb,11.8840475
scaf6.pdb,scaf84.pdb,15.55425
scaf6.pdb,scaf85.pdb,20.305393
scaf6.pdb,scaf86.pdb,21.377253
scaf6.pdb,scaf88.pdb,9.722971
scaf6.pdb,scaf89.pdb,21.977476
scaf6.pdb,scaf9.pdb,13.72903
scaf6.pdb,scaf90.pdb,20.632027
scaf6.pdb,scaf91.pdb,23.041529
scaf6.pdb,scaf92.pdb,13.648783
scaf6.pdb,scaf93.pdb,15.344999
scaf6.pdb,scaf94.pdb,25.512644
scaf6.pdb,scaf95.pdb,24.651428
scaf6.pdb,scaf96.pdb,16.596169
scaf6.pdb,scaf97.pdb,23.966192
scaf6.pdb,scaf98.pdb,19.823822
scaf6.pdb,scaf99.pdb,22.52719
scaf60.pdb,scaf61.pdb,23.04323
scaf60.pdb,scaf62.pdb,19.139086
scaf60.pdb,scaf63.pdb,4.305332
scaf60.pdb,scaf64.pdb,13.726822
scaf60.pdb,scaf65.pdb,21.667934
scaf60.pdb,scaf66.pdb,15.509454
scaf60.pdb,scaf67.pdb,22.851465
scaf60.pdb,scaf68.pdb,14.940102
scaf60.pdb,scaf7.pdb,14.892164
scaf60.pdb,scaf70.pdb,19.842726
scaf60.pdb,scaf71.pdb,15.19265
scaf60.pdb,scaf72.pdb,21.167007
scaf60.pdb,scaf74.pdb,23.563442
scaf60.pdb,scaf75.pdb,23.562052
scaf60.pdb,scaf76.pdb,26.04958
scaf60.pdb,scaf77.pdb,15.232998
scaf60.pdb,scaf78.pdb,17.06148
scaf60.pdb,scaf79.pdb,19.466763
scaf60.pdb,scaf8.pdb,21.140474
scaf60.pdb,scaf81.pdb,19.667042
scaf60.pdb,scaf82.pdb,22.159603
scaf60.pdb,scaf83.pdb,17.296835
scaf60.pdb,scaf84.pdb,10.581781
scaf60.pdb,scaf85.pdb,17.537035
scaf60.pdb,scaf86.pdb,23.948034
scaf60.pdb,scaf88.pdb,10.854157
scaf60.pdb,scaf89.pdb,24.50422
scaf60.pdb,scaf9.pdb,7.5342603
scaf60.pdb,scaf90.pdb,21.043993
scaf60.pdb,scaf91.pdb,26.099089
scaf60.pdb,scaf92.pdb,5.363618
scaf60.pdb,scaf93.pdb,15.853347
scaf60.pdb,scaf94.pdb,27.402964
scaf60.pdb,scaf95.pdb,23.670334
scaf60.pdb,scaf96.pdb,19.945438
scaf60.pdb,scaf97.pdb,20.216377
scaf60.pdb,scaf98.pdb,23.52471
scaf60.pdb,scaf99.pdb,24.731573
scaf61.pdb,scaf62.pdb,16.27293
scaf61.pdb,scaf63.pdb,22.78648
scaf61.pdb,scaf64.pdb,24.656013
scaf61.pdb,scaf65.pdb,21.016937
scaf61.pdb,scaf66.pdb,15.721006
scaf61.pdb,scaf67.pdb,13.052481
scaf61.pdb,scaf68.pdb,15.770416
scaf61.pdb,scaf7.pdb,15.6160145
scaf61.pdb,scaf70.pdb,25.130148
scaf61.pdb,scaf71.pdb,15.6801195
scaf61.pdb,scaf72.pdb,22.941517
scaf61.pdb,scaf74.pdb,8.630687
scaf61.pdb,scaf75.pdb,5.6844482
scaf61.pdb,scaf76.pdb,17.836304
scaf61.pdb,scaf77.pdb,15.889003
scaf61.pdb,scaf78.pdb,18.730154
scaf61.pdb,scaf79.pdb,23.601171
scaf61.pdb,scaf8.pdb,14.849467
scaf61.pdb,scaf81.pdb,18.15869
scaf61.pdb,scaf82.pdb,6.712456
scaf61.pdb,scaf83.pdb,15.05837
scaf61.pdb,scaf84.pdb,22.342476
scaf61.pdb,scaf85.pdb,24.731293
scaf61.pdb,scaf86.pdb,10.813186
scaf61.pdb,scaf88.pdb,20.67136
scaf61.pdb,scaf89.pdb,11.567481
scaf61.pdb,scaf9.pdb,23.16179
scaf61.pdb,scaf90.pdb,17.53372
scaf61.pdb,scaf91.pdb,15.234132
scaf61.pdb,scaf92.pdb,23.931614
scaf61.pdb,scaf93.pdb,16.536991
scaf61.pdb,scaf94.pdb,24.180798
scaf61.pdb,scaf95.pdb,24.735167
scaf61.pdb,scaf96.pdb,18.457735
scaf61.pdb,scaf97.pdb,23.437418
scaf61.pdb,scaf98.pdb,5.6023607
scaf61.pdb,scaf99.pdb,13.868641
scaf62.pdb,scaf63.pdb,19.68564
scaf62.pdb,scaf64.pdb,19.58727
scaf62.pdb,scaf65.pdb,18.339565
scaf62.pdb,scaf66.pdb,20.777306
scaf62.pdb,scaf67.pdb,18.164062
scaf62.pdb,scaf68.pdb,20.294182
scaf62.pdb,scaf7.pdb,20.358192
scaf62.pdb,scaf70.pdb,21.403395
scaf62.pdb,scaf71.pdb,20.537973
scaf62.pdb,scaf72.pdb,14.317482
scaf62.pdb,scaf74.pdb,15.446167
scaf62.pdb,scaf75.pdb,17.770803
scaf62.pdb,scaf76.pdb,15.99213
scaf62.pdb,scaf77.pdb,20.386381
scaf62.pdb,scaf78.pdb,19.050186
scaf62.pdb,scaf79.pdb,15.365009
scaf62.pdb,scaf8.pdb,14.83858
scaf62.pdb,scaf81.pdb,19.799019
scaf62.pdb,scaf82.pdb,14.775208
scaf62.pdb,scaf83.pdb,19.16638
scaf62.pdb,scaf84.pdb,20.26543
scaf62.pdb,scaf85.pdb,19.8289
scaf62.pdb,scaf86.pdb,13.90893
scaf62.pdb,scaf88.pdb,20.19397
scaf62.pdb,scaf89.pdb,14.014774
scaf62.pdb,scaf9.pdb,19.13936
scaf62.pdb,scaf90.pdb,9.88661
scaf62.pdb,scaf91.pdb,16.8307
scaf62.pdb,scaf92.pdb,18.821915
scaf62.pdb,scaf93.pdb,20.241001
scaf62.pdb,scaf94.pdb,23.898382
scaf62.pdb,scaf95.pdb,16.6806
scaf62.pdb,scaf96.pdb,19.619045
scaf62.pdb,scaf97.pdb,18.352205
scaf62.pdb,scaf98.pdb,17.68338
scaf62.pdb,scaf99.pdb,13.273618
scaf63.pdb,scaf64.pdb,14.23858
scaf63.pdb,scaf65.pdb,21.787056
scaf63.pdb,scaf66.pdb,15.020717
scaf63.pdb,scaf67.pdb,21.992786
scaf63.pdb,scaf68.pdb,14.412971
scaf63.pdb,scaf7.pdb,14.3396015
scaf63.pdb,scaf70.pdb,19.464016
scaf63.pdb,scaf71.pdb,14.588814
scaf63.pdb,scaf72.pdb,20.600183
scaf63.pdb,scaf74.pdb,22.730124
scaf63.pdb,scaf75.pdb,23.304089
scaf63.pdb,scaf76.pdb,25.862814
scaf63.pdb,scaf77.pdb,14.669447
scaf63.pdb,scaf78.pdb,18.175322
scaf63.pdb,scaf79.pdb,19.22544
scaf63.pdb,scaf8.pdb,21.027487
scaf63.pdb,scaf81.pdb,19.498732
scaf63.pdb,scaf82.pdb,21.368757
scaf63.pdb,scaf83.pdb,17.712711
scaf63.pdb,scaf84.pdb,11.8597555
scaf63.pdb,scaf85.pdb,19.285671
scaf63.pdb,scaf86.pdb,22.725176
scaf63.pdb,scaf88.pdb,11.998643
scaf63.pdb,scaf89.pdb,23.370886
scaf63.pdb,scaf9.pdb,10.352437
scaf63.pdb,scaf90.pdb,20.97427
scaf63.pdb,scaf91.pdb,25.713327
scaf63.pdb,scaf92.pdb,8.713059
scaf63.pdb,scaf93.pdb,15.143841
scaf63.pdb,scaf94.pdb,26.975513
scaf63.pdb,scaf95.pdb,24.632347
scaf63.pdb,scaf96.pdb,19.526596
scaf63.pdb,scaf97.pdb,20.500303
scaf63.pdb,scaf98.pdb,23.277973
scaf63.pdb,scaf99.pdb,24.245901
scaf64.pdb,scaf65.pdb,21.86079
scaf64.pdb,scaf66.pdb,20.5193
scaf64.pdb,scaf67.pdb,23.919455
scaf64.pdb,scaf68.pdb,20.607738
scaf64.pdb,scaf7.pdb,20.760662
scaf64.pdb,scaf70.pdb,17.065569
scaf64.pdb,scaf71.pdb,20.66112
scaf64.pdb,scaf72.pdb,18.478104
scaf64.pdb,scaf74.pdb,24.783028
scaf64.pdb,scaf75.pdb,25.450155
scaf64.pdb,scaf76.pdb,21.879223
scaf64.pdb,scaf77.pdb,20.705782
scaf64.pdb,scaf78.pdb,19.911282
scaf64.pdb,scaf79.pdb,15.5101
scaf64.pdb,scaf8.pdb,23.55752
scaf64.pdb,scaf81.pdb,22.676512
scaf64.pdb,scaf82.pdb,26.066141
scaf64.pdb,scaf83.pdb,20.072674
scaf64.pdb,scaf84.pdb,13.655633
scaf64.pdb,scaf85.pdb,18.710587
scaf64.pdb,scaf86.pdb,23.78299
scaf64.pdb,scaf88.pdb,13.637305
scaf64.pdb,scaf89.pdb,23.673845
scaf64.pdb,scaf9.pdb,12.570678
scaf64.pdb,scaf90.pdb,18.449371
scaf64.pdb,scaf91.pdb,26.246752
scaf64.pdb,scaf92.pdb,13.843865
scaf64.pdb,scaf93.pdb,20.176382
scaf64.pdb,scaf94.pdb,23.759243
scaf64.pdb,scaf95.pdb,17.972672
scaf64.pdb,scaf96.pdb,22.655407
scaf64.pdb,scaf97.pdb,17.541576
scaf64.pdb,scaf98.pdb,25.412786
scaf64.pdb,scaf99.pdb,23.061832
scaf65.pdb,scaf66.pdb,17.879898
scaf65.pdb,scaf67.pdb,17.634464
scaf65.pdb,scaf68.pdb,17.673435
scaf65.pdb,scaf7.pdb,18.192719
scaf65.pdb,scaf70.pdb,23.755136
scaf65.pdb,scaf71.pdb,17.96991
scaf65.pdb,scaf72.pdb,22.92561
scaf65.pdb,scaf74.pdb,21.158737
scaf65.pdb,scaf75.pdb,23.098745
scaf65.pdb,scaf76.pdb,18.929691
scaf65.pdb,scaf77.pdb,17.58408
scaf65.pdb,scaf78.pdb,18.698227
scaf65.pdb,scaf79.pdb,20.305712
scaf65.pdb,scaf8.pdb,17.278818
scaf65.pdb,scaf81.pdb,17.93865
scaf65.pdb,scaf82.pdb,20.560736
scaf65.pdb,scaf83.pdb,19.71918
scaf65.pdb,scaf84.pdb,20.835077
scaf65.pdb,scaf85.pdb,24.744608
scaf65.pdb,scaf86.pdb,18.911087
scaf65.pdb,scaf88.pdb,19.14255
scaf65.pdb,scaf89.pdb,18.842234
scaf65.pdb,scaf9.pdb,21.22759
scaf65.pdb,scaf90.pdb,20.142143
scaf65.pdb,scaf91.pdb,19.699217
scaf65.pdb,scaf92.pdb,22.726116
scaf65.pdb,scaf93.pdb,16.263666
scaf65.pdb,scaf94.pdb,16.375666
scaf65.pdb,scaf95.pdb,21.479929
scaf65.pdb,scaf96.pdb,17.175926
scaf65.pdb,scaf97.pdb,23.922258
scaf65.pdb,scaf98.pdb,22.913372
scaf65.pdb,scaf99.pdb,15.153223
scaf66.pdb,scaf67.pdb,16.598967
scaf66.pdb,scaf68.pdb,1.9915527
scaf66.pdb,scaf7.pdb,2.2485366
scaf66.pdb,scaf70.pdb,18.676756
scaf66.pdb,scaf71.pdb,2.021432
scaf66.pdb,scaf72.pdb,23.019255
scaf66.pdb,scaf74.pdb,18.593142
scaf66.pdb,scaf75.pdb,16.182247
scaf66.pdb,scaf76.pdb,20.829699
scaf66.pdb,scaf77.pdb,1.9779956
scaf66.pdb,scaf78.pdb,13.307669
scaf66.pdb,scaf79.pdb,20.471233
scaf66.pdb,scaf8.pdb,16.898472
scaf66.pdb,scaf81.pdb,15.731596
scaf66.pdb,scaf82.pdb,17.506254
scaf66.pdb,scaf83.pdb,14.907005
scaf66.pdb,scaf84.pdb,14.55395
scaf66.pdb,scaf85.pdb,20.64427
scaf66.pdb,scaf86.pdb,19.264664
scaf66.pdb,scaf88.pdb,13.01165
scaf66.pdb,scaf89.pdb,19.474651
scaf66.pdb,scaf9.pdb,16.194044
scaf66.pdb,scaf90.pdb,21.931784
scaf66.pdb,scaf91.pdb,18.549969
scaf66.pdb,scaf92.pdb,17.326376
scaf66.pdb,scaf93.pdb,4.270684
scaf66.pdb,scaf94.pdb,21.29473
scaf66.pdb,scaf95.pdb,24.430174
scaf66.pdb,scaf96.pdb,15.350605
scaf66.pdb,scaf97.pdb,21.115763
scaf66.pdb,scaf98.pdb,16.075119
scaf66.pdb,scaf99.pdb,19.956896
scaf67.pdb,scaf68.pdb,17.271976
scaf67.pdb,scaf7.pdb,17.280357
scaf67.pdb,scaf70.pdb,19.528536
scaf67.pdb,scaf71.pdb,16.96839
scaf67.pdb,scaf72.pdb,23.415895
scaf67.pdb,scaf74.pdb,14.612252
scaf67.pdb,scaf75.pdb,15.300146
scaf67.pdb,scaf76.pdb,22.358501
scaf67.pdb,scaf77.pdb,17.092402
scaf67.pdb,scaf78.pdb,16.961058
scaf67.pdb,scaf79.pdb,23.6313
scaf67.pdb,scaf8.pdb,11.336948
scaf67.pdb,scaf81.pdb,14.510685
scaf67.pdb,scaf82.pdb,16.089743
scaf67.pdb,scaf83.pdb,18.696238
scaf67.pdb,scaf84.pdb,23.296583
scaf67.pdb,scaf85.pdb,27.637491
scaf67.pdb,scaf86.pdb,12.331084
scaf67.pdb,scaf88.pdb,19.844767
scaf67.pdb,scaf89.pdb,12.1918545
scaf67.pdb,scaf9.pdb,22.718327
scaf67.pdb,scaf90.pdb,21.048357
scaf67.pdb,scaf91.pdb,14.872678
scaf67.pdb,scaf92.pdb,24.823532
scaf67.pdb,scaf93.pdb,17.218616
scaf67.pdb,scaf94.pdb,18.507696
scaf67.pdb,scaf95.pdb,25.815504
scaf67.pdb,scaf96.pdb,13.89449
scaf67.pdb,scaf97.pdb,26.414946
scaf67.pdb,scaf98.pdb,15.136569
scaf67.pdb,scaf99.pdb,17.501383
scaf68.pdb,scaf7.pdb,1.512578
scaf68.pdb,scaf70.pdb,19.188465
scaf68.pdb,scaf71.pdb,1.901625
scaf68.pdb,scaf72.pdb,22.943562
scaf68.pdb,scaf74.pdb,18.824076
scaf68.pdb,scaf75.pdb,15.966722
scaf68.pdb,scaf76.pdb,20.827374
scaf68.pdb,scaf77.pdb,1.0298779
scaf68.pdb,scaf78.pdb,13.812945
scaf68.pdb,scaf79.pdb,20.462421
scaf68.pdb,scaf8.pdb,16.882196
scaf68.pdb,scaf81.pdb,15.999854
scaf68.pdb,scaf82.pdb,17.098795
scaf68.pdb,scaf83.pdb,14.851122
scaf68.pdb,scaf84.pdb,14.402203
scaf68.pdb,scaf85.pdb,20.726261
scaf68.pdb,scaf86.pdb,19.62188
scaf68.pdb,scaf88.pdb,13.291228
scaf68.pdb,scaf89.pdb,19.92333
scaf68.pdb,scaf9.pdb,16.170115
scaf68.pdb,scaf90.pdb,22.018394
scaf68.pdb,scaf91.pdb,18.770979
scaf68.pdb,scaf92.pdb,16.810638
scaf68.pdb,scaf93.pdb,4.2197013
scaf68.pdb,scaf94.pdb,21.719296
scaf68.pdb,scaf95.pdb,24.48206
scaf68.pdb,scaf96.pdb,15.544135
scaf68.pdb,scaf97.pdb,21.216269
scaf68.pdb,scaf98.pdb,15.86405
scaf68.pdb,scaf99.pdb,19.922781
scaf7.pdb,scaf70.pdb,19.445599
scaf7.pdb,scaf71.pdb,1.0566359
scaf7.pdb,scaf72.pdb,23.19021
scaf7.pdb,scaf74.pdb,18.506687
scaf7.pdb,scaf75.pdb,15.735784
scaf7.pdb,scaf76.pdb,21.254372
scaf7.pdb,scaf77.pdb,1.4939871
scaf7.pdb,scaf78.pdb,13.846999
scaf7.pdb,scaf79.pdb,20.910383
scaf7.pdb,scaf8.pdb,17.010695
scaf7.pdb,scaf81.pdb,15.670091
scaf7.pdb,scaf82.pdb,17.013014
scaf7.pdb,scaf83.pdb,14.5956955
scaf7.pdb,scaf84.pdb,14.490462
scaf7.pdb,scaf85.pdb,20.813635
scaf7.pdb,scaf86.pdb,19.430374
scaf7.pdb,scaf88.pdb,13.122263
scaf7.pdb,scaf89.pdb,19.794706
scaf7.pdb,scaf9.pdb,16.299585
scaf7.pdb,scaf90.pdb,21.998407
scaf7.pdb,scaf91.pdb,18.97333
scaf7.pdb,scaf92.pdb,16.803608
scaf7.pdb,scaf93.pdb,5.01545
scaf7.pdb,scaf94.pdb,22.095901
scaf7.pdb,scaf95.pdb,24.855583
scaf7.pdb,scaf96.pdb,15.243791
scaf7.pdb,scaf97.pdb,21.50649
scaf7.pdb,scaf98.pdb,15.635165
scaf7.pdb,scaf99.pdb,20.091791
scaf70.pdb,scaf71.pdb,19.396069
scaf70.pdb,scaf72.pdb,17.78962
scaf70.pdb,scaf74.pdb,24.147331
scaf70.pdb,scaf75.pdb,26.894958
scaf70.pdb,scaf76.pdb,21.616037
scaf70.pdb,scaf77.pdb,19.091642
scaf70.pdb,scaf78.pdb,21.20263
scaf70.pdb,scaf79.pdb,17.85223
scaf70.pdb,scaf8.pdb,20.535679
scaf70.pdb,scaf81.pdb,17.508541
scaf70.pdb,scaf82.pdb,24.891956
scaf70.pdb,scaf83.pdb,24.278769
scaf70.pdb,scaf84.pdb,20.510843
scaf70.pdb,scaf85.pdb,21.861542
scaf70.pdb,scaf86.pdb,22.873707
scaf70.pdb,scaf88.pdb,17.534891
scaf70.pdb,scaf89.pdb,22.575085
scaf70.pdb,scaf9.pdb,19.762203
scaf70.pdb,scaf90.pdb,22.333952
scaf70.pdb,scaf91.pdb,21.262215
scaf70.pdb,scaf92.pdb,21.346071
scaf70.pdb,scaf93.pdb,18.198202
scaf70.pdb,scaf94.pdb,20.75476
scaf70.pdb,scaf95.pdb,21.365547
scaf70.pdb,scaf96.pdb,17.325905
scaf70.pdb,scaf97.pdb,21.559826
scaf70.pdb,scaf98.pdb,26.855253
scaf70.pdb,scaf99.pdb,22.273455
scaf71.pdb,scaf72.pdb,23.314167
scaf71.pdb,scaf74.pdb,18.420828
scaf71.pdb,scaf75.pdb,15.889198
scaf71.pdb,scaf76.pdb,21.339676
scaf71.pdb,scaf77.pdb,1.4971819
scaf71.pdb,scaf78.pdb,13.639194
scaf71.pdb,scaf79.pdb,21.073992
scaf71.pdb,scaf8.pdb,16.93887
scaf71.pdb,scaf81.pdb,15.605385
scaf71.pdb,scaf82.pdb,17.241144
scaf71.pdb,scaf83.pdb,14.617469
scaf71.pdb,scaf84.pdb,14.572591
scaf71.pdb,scaf85.pdb,21.117092
scaf71.pdb,scaf86.pdb,19.23019
scaf71.pdb,scaf88.pdb,13.063347
scaf71.pdb,scaf89.pdb,19.57548
scaf71.pdb,scaf9.pdb,16.4524
scaf71.pdb,scaf90.pdb,22.00327
scaf71.pdb,scaf91.pdb,18.858965
scaf71.pdb,scaf92.pdb,17.135849
scaf71.pdb,scaf93.pdb,5.006783
scaf71.pdb,scaf94.pdb,21.74523
scaf71.pdb,scaf95.pdb,24.83615
scaf71.pdb,scaf96.pdb,15.152428
scaf71.pdb,scaf97.pdb,21.557312
scaf71.pdb,scaf98.pdb,15.784798
scaf71.pdb,scaf99.pdb,20.108572
scaf72.pdb,scaf74.pdb,21.44277
scaf72.pdb,scaf75.pdb,23.705318
scaf72.pdb,scaf76.pdb,18.683992
scaf72.pdb,scaf77.pdb,23.060074
scaf72.pdb,scaf78.pdb,25.308762
scaf72.pdb,scaf79.pdb,10.745397
scaf72.pdb,scaf8.pdb,23.34218
scaf72.pdb,scaf81.pdb,24.174435
scaf72.pdb,scaf82.pdb,21.464417
scaf72.pdb,scaf83.pdb,25.513601
scaf72.pdb,scaf84.pdb,21.936937
scaf72.pdb,scaf85.pdb,22.028545
scaf72.pdb,scaf86.pdb,21.093016
scaf72.pdb,scaf88.pdb,22.257013
scaf72.pdb,scaf89.pdb,20.513758
scaf72.pdb,scaf9.pdb,21.844364
scaf72.pdb,scaf90.pdb,15.244108
scaf72.pdb,scaf91.pdb,20.690945
scaf72.pdb,scaf92.pdb,21.84815
scaf72.pdb,scaf93.pdb,22.510065
scaf72.pdb,scaf94.pdb,24.37515
scaf72.pdb,scaf95.pdb,19.457092
scaf72.pdb,scaf96.pdb,24.225906
scaf72.pdb,scaf97.pdb,15.3388
scaf72.pdb,scaf98.pdb,23.688742
scaf72.pdb,scaf99.pdb,20.934107
scaf74.pdb,scaf75.pdb,11.583272
scaf74.pdb,scaf76.pdb,18.677557
scaf74.pdb,scaf77.pdb,18.754211
scaf74.pdb,scaf78.pdb,19.10111
scaf74.pdb,scaf79.pdb,21.58134
scaf74.pdb,scaf8.pdb,16.021725
scaf74.pdb,scaf81.pdb,19.10815
scaf74.pdb,scaf82.pdb,11.038456
scaf74.pdb,scaf83.pdb,15.516726
scaf74.pdb,scaf84.pdb,22.474514
scaf74.pdb,scaf85.pdb,23.18926
scaf74.pdb,scaf86.pdb,7.008013
scaf74.pdb,scaf88.pdb,21.767466
scaf74.pdb,scaf89.pdb,7.7714663
scaf74.pdb,scaf9.pdb,23.616724
scaf74.pdb,scaf90.pdb,13.283481
scaf74.pdb,scaf91.pdb,14.9840355
scaf74.pdb,scaf92.pdb,24.476738
scaf74.pdb,scaf93.pdb,19.297579
scaf74.pdb,scaf94.pdb,23.329031
scaf74.pdb,scaf95.pdb,24.28667
scaf74.pdb,scaf96.pdb,18.808231
scaf74.pdb,scaf97.pdb,22.051142
scaf74.pdb,scaf98.pdb,11.540455
scaf74.pdb,scaf99.pdb,13.591732
scaf75.pdb,scaf76.pdb,18.87126
scaf75.pdb,scaf77.pdb,16.060116
scaf75.pdb,scaf78.pdb,19.746838
scaf75.pdb,scaf79.pdb,24.904287
scaf75.pdb,scaf8.pdb,16.335075
scaf75.pdb,scaf81.pdb,18.571775
scaf75.pdb,scaf82.pdb,8.150614
scaf75.pdb,scaf83.pdb,16.223907
scaf75.pdb,scaf84.pdb,23.2173
scaf75.pdb,scaf85.pdb,24.996937
scaf75.pdb,scaf86.pdb,13.964787
scaf75.pdb,scaf88.pdb,21.715298
scaf75.pdb,scaf89.pdb,14.711302
scaf75.pdb,scaf9.pdb,24.175812
scaf75.pdb,scaf90.pdb,19.207815
scaf75.pdb,scaf91.pdb,16.521347
scaf75.pdb,scaf92.pdb,24.38112
scaf75.pdb,scaf93.pdb,17.37432
scaf75.pdb,scaf94.pdb,26.353184
scaf75.pdb,scaf95.pdb,25.84024
scaf75.pdb,scaf96.pdb,19.069908
scaf75.pdb,scaf97.pdb,24.193712
scaf75.pdb,scaf98.pdb,0.29353172
scaf75.pdb,scaf99.pdb,15.72149
scaf76.pdb,scaf77.pdb,20.948084
scaf76.pdb,scaf78.pdb,25.180172
scaf76.pdb,scaf79.pdb,17.742523
scaf76.pdb,scaf8.pdb,22.552364
scaf76.pdb,scaf81.pdb,23.69336
scaf76.pdb,scaf82.pdb,19.602346
scaf76.pdb,scaf83.pdb,22.572632
scaf76.pdb,scaf84.pdb,21.636232
scaf76.pdb,scaf85.pdb,23.080467
scaf76.pdb,scaf86.pdb,19.148777
scaf76.pdb,scaf88.pdb,23.61436
scaf76.pdb,scaf89.pdb,18.64902
scaf76.pdb,scaf9.pdb,25.37823
scaf76.pdb,scaf90.pdb,17.323214
scaf76.pdb,scaf91.pdb,17.775005
scaf76.pdb,scaf92.pdb,26.440275
scaf76.pdb,scaf93.pdb,19.750418
scaf76.pdb,scaf94.pdb,20.35035
scaf76.pdb,scaf95.pdb,19.253424
scaf76.pdb,scaf96.pdb,23.409086
scaf76.pdb,scaf97.pdb,19.013826
scaf76.pdb,scaf98.pdb,18.859304
scaf76.pdb,scaf99.pdb,11.950419
scaf77.pdb,scaf78.pdb,13.867522
scaf77.pdb,scaf79.pdb,20.72795
scaf77.pdb,scaf8.pdb,16.804722
scaf77.pdb,scaf81.pdb,15.695145
scaf77.pdb,scaf82.pdb,17.288155
scaf77.pdb,scaf83.pdb,14.949389
scaf77.pdb,scaf84.pdb,14.689537
scaf77.pdb,scaf85.pdb,21.10843
scaf77.pdb,scaf86.pdb,19.505753
scaf77.pdb,scaf88.pdb,13.401126
scaf77.pdb,scaf89.pdb,19.815666
scaf77.pdb,scaf9.pdb,16.47615
scaf77.pdb,scaf90.pdb,22.150433
scaf77.pdb,scaf91.pdb,18.699581
scaf77.pdb,scaf92.pdb,17.167095
scaf77.pdb,scaf93.pdb,4.41413
scaf77.pdb,scaf94.pdb,21.405346
scaf77.pdb,scaf95.pdb,24.657316
scaf77.pdb,scaf96.pdb,15.213288
scaf77.pdb,scaf97.pdb,21.46594
scaf77.pdb,scaf98.pdb,15.954175
scaf77.pdb,scaf99.pdb,19.98207
scaf78.pdb,scaf79.pdb,21.548588
scaf78.pdb,scaf8.pdb,14.697813
scaf78.pdb,scaf81.pdb,18.491632
scaf78.pdb,scaf82.pdb,20.367079
scaf78.pdb,scaf83.pdb,13.53451
scaf78.pdb,scaf84.pdb,16.13406
scaf78.pdb,scaf85.pdb,20.789652
scaf78.pdb,scaf86.pdb,19.895214
scaf78.pdb,scaf88.pdb,11.923666
scaf78.pdb,scaf89.pdb,20.008373
scaf78.pdb,scaf9.pdb,15.391278
scaf78.pdb,scaf90.pdb,20.220844
scaf78.pdb,scaf91.pdb,19.657766
scaf78.pdb,scaf92.pdb,16.741808
scaf78.pdb,scaf93.pdb,14.7696295
scaf78.pdb,scaf94.pdb,23.643156
scaf78.pdb,scaf95.pdb,23.338999
scaf78.pdb,scaf96.pdb,18.488722
scaf78.pdb,scaf97.pdb,22.407246
scaf78.pdb,scaf98.pdb,19.657923
scaf78.pdb,scaf99.pdb,22.789492
scaf79.pdb,scaf8.pdb,22.432602
scaf79.pdb,scaf81.pdb,23.852268
scaf79.pdb,scaf82.pdb,22.845602
scaf79.pdb,scaf83.pdb,22.016962
scaf79.pdb,scaf84.pdb,18.515713
scaf79.pdb,scaf85.pdb,18.31298
scaf79.pdb,scaf86.pdb,21.111603
scaf79.pdb,scaf88.pdb,18.192879
scaf79.pdb,scaf89.pdb,20.752146
scaf79.pdb,scaf9.pdb,19.02104
scaf79.pdb,scaf90.pdb,14.132675
scaf79.pdb,scaf91.pdb,22.286825
scaf79.pdb,scaf92.pdb,19.93521
scaf79.pdb,scaf93.pdb,19.409452
scaf79.pdb,scaf94.pdb,22.53923
scaf79.pdb,scaf95.pdb,17.87698
scaf79.pdb,scaf96.pdb,23.943829
scaf79.pdb,scaf97.pdb,14.849558
scaf79.pdb,scaf98.pdb,24.874762
scaf79.pdb,scaf99.pdb,19.105742
scaf8.pdb,scaf81.pdb,14.852703
scaf8.pdb,scaf82.pdb,15.546349
scaf8.pdb,scaf83.pdb,17.059937
scaf8.pdb,scaf84.pdb,23.035114
scaf8.pdb,scaf85.pdb,26.702333
scaf8.pdb,scaf86.pdb,14.72994
scaf8.pdb,scaf88.pdb,18.708414
scaf8.pdb,scaf89.pdb,15.130654
scaf8.pdb,scaf9.pdb,21.57764
scaf8.pdb,scaf90.pdb,19.497807
scaf8.pdb,scaf91.pdb,14.418962
scaf8.pdb,scaf92.pdb,21.917091
scaf8.pdb,scaf93.pdb,16.874159
scaf8.pdb,scaf94.pdb,19.246096
scaf8.pdb,scaf95.pdb,24.081274
scaf8.pdb,scaf96.pdb,13.961303
scaf8.pdb,scaf97.pdb,25.726418
scaf8.pdb,scaf98.pdb,16.199444
scaf8.pdb,scaf99.pdb,16.87765
scaf81.pdb,scaf82.pdb,19.61352
scaf81.pdb,scaf83.pdb,19.17198
scaf81.pdb,scaf84.pdb,22.2286
scaf81.pdb,scaf85.pdb,24.688658
scaf81.pdb,scaf86.pdb,19.305422
scaf81.pdb,scaf88.pdb,17.574835
scaf81.pdb,scaf89.pdb,20.063704
scaf81.pdb,scaf9.pdb,20.555906
scaf81.pdb,scaf90.pdb,23.537577
scaf81.pdb,scaf91.pdb,20.866556
scaf81.pdb,scaf92.pdb,21.576523
scaf81.pdb,scaf93.pdb,16.826181
scaf81.pdb,scaf94.pdb,21.782112
scaf81.pdb,scaf95.pdb,25.261515
scaf81.pdb,scaf96.pdb,3.3082528
scaf81.pdb,scaf97.pdb,27.595139
scaf81.pdb,scaf98.pdb,18.47069
scaf81.pdb,scaf99.pdb,19.77219
scaf82.pdb,scaf83.pdb,15.83271
scaf82.pdb,scaf84.pdb,22.35629
scaf82.pdb,scaf85.pdb,24.21109
scaf82.pdb,scaf86.pdb,12.919201
scaf82.pdb,scaf88.pdb,22.692156
scaf82.pdb,scaf89.pdb,13.549021
scaf82.pdb,scaf9.pdb,23.790432
scaf82.pdb,scaf90.pdb,17.365082
scaf82.pdb,scaf91.pdb,14.828472
scaf82.pdb,scaf92.pdb,23.274773
scaf82.pdb,scaf93.pdb,17.747414
scaf82.pdb,scaf94.pdb,25.217709
scaf82.pdb,scaf95.pdb,24.792324
scaf82.pdb,scaf96.pdb,19.032162
scaf82.pdb,scaf97.pdb,22.26714
scaf82.pdb,scaf98.pdb,8.083306
scaf82.pdb,scaf99.pdb,14.775278
scaf83.pdb,scaf84.pdb,16.73811
scaf83.pdb,scaf85.pdb,21.169409
scaf83.pdb,scaf86.pdb,16.410572
scaf83.pdb,scaf88.pdb,14.733382
scaf83.pdb,scaf89.pdb,16.886288
scaf83.pdb,scaf9.pdb,16.690132
scaf83.pdb,scaf90.pdb,17.748026
scaf83.pdb,scaf91.pdb,21.326597
scaf83.pdb,scaf92.pdb,17.861229
scaf83.pdb,scaf93.pdb,15.457387
scaf83.pdb,scaf94.pdb,23.214943
scaf83.pdb,scaf95.pdb,24.294374
scaf83.pdb,scaf96.pdb,18.738808
scaf83.pdb,scaf97.pdb,23.573128
scaf83.pdb,scaf98.pdb,16.093523
scaf83.pdb,scaf99.pdb,18.14063
scaf84.pdb,scaf85.pdb,14.604906
scaf84.pdb,scaf86.pdb,22.597712
scaf84.pdb,scaf88.pdb,11.203262
scaf84.pdb,scaf89.pdb,22.470503
scaf84.pdb,scaf9.pdb,9.711056
scaf84.pdb,scaf90.pdb,21.20354
scaf84.pdb,scaf91.pdb,24.003857
scaf84.pdb,scaf92.pdb,11.12739
scaf84.pdb,scaf93.pdb,14.411894
scaf84.pdb,scaf94.pdb,24.318678
scaf84.pdb,scaf95.pdb,19.190548
scaf84.pdb,scaf96.pdb,22.249914
scaf84.pdb,scaf97.pdb,16.56871
scaf84.pdb,scaf98.pdb,23.147154
scaf84.pdb,scaf99.pdb,23.373512
scaf85.pdb,scaf86.pdb,26.162973
scaf85.pdb,scaf88.pdb,17.599413
scaf85.pdb,scaf89.pdb,26.183062
scaf85.pdb,scaf9.pdb,16.482174
scaf85.pdb,scaf90.pdb,21.132536
scaf85.pdb,scaf91.pdb,25.810133
scaf85.pdb,scaf92.pdb,15.292534
scaf85.pdb,scaf93.pdb,21.764236
scaf85.pdb,scaf94.pdb,29.812347
scaf85.pdb,scaf95.pdb,18.977133
scaf85.pdb,scaf96.pdb,25.169983
scaf85.pdb,scaf97.pdb,16.487055
scaf85.pdb,scaf98.pdb,24.996283
scaf85.pdb,scaf99.pdb,25.65459
scaf86.pdb,scaf88.pdb,21.738983
scaf86.pdb,scaf89.pdb,2.5124469
scaf86.pdb,scaf9.pdb,24.127312
scaf86.pdb,scaf90.pdb,13.68646
scaf86.pdb,scaf91.pdb,15.254311
scaf86.pdb,scaf92.pdb,25.14556
scaf86.pdb,scaf93.pdb,19.417788
scaf86.pdb,scaf94.pdb,19.88043
scaf86.pdb,scaf95.pdb,23.456348
scaf86.pdb,scaf96.pdb,18.704756
scaf86.pdb,scaf97.pdb,22.672836
scaf86.pdb,scaf98.pdb,13.866257
scaf86.pdb,scaf99.pdb,13.264188
scaf88.pdb,scaf89.pdb,22.04154
scaf88.pdb,scaf9.pdb,9.209767
scaf88.pdb,scaf90.pdb,19.579895
scaf88.pdb,scaf91.pdb,23.774288
scaf88.pdb,scaf92.pdb,11.658126
scaf88.pdb,scaf93.pdb,13.675861
scaf88.pdb,scaf94.pdb,23.368406
scaf88.pdb,scaf95.pdb,21.331549
scaf88.pdb,scaf96.pdb,17.503359
scaf88.pdb,scaf97.pdb,20.71201
scaf88.pdb,scaf98.pdb,21.626694
scaf88.pdb,scaf99.pdb,21.94978
scaf89.pdb,scaf9.pdb,24.346533
scaf89.pdb,scaf90.pdb,13.717263
scaf89.pdb,scaf91.pdb,14.5178385
scaf89.pdb,scaf92.pdb,25.594118
scaf89.pdb,scaf93.pdb,19.650757
scaf89.pdb,scaf94.pdb,19.214392
scaf89.pdb,scaf95.pdb,23.124104
scaf89.pdb,scaf96.pdb,19.46816
scaf89.pdb,scaf97.pdb,22.106947
scaf89.pdb,scaf98.pdb,14.604285
scaf89.pdb,scaf99.pdb,13.599088
scaf9.pdb,scaf90.pdb,20.178207
scaf9.pdb,scaf91.pdb,26.856655
scaf9.pdb,scaf92.pdb,7.7839236
scaf9.pdb,scaf93.pdb,16.523735
scaf9.pdb,scaf94.pdb,26.499071
scaf9.pdb,scaf95.pdb,22.903437
scaf9.pdb,scaf96.pdb,21.154215
scaf9.pdb,scaf97.pdb,20.02299
scaf9.pdb,scaf98.pdb,24.124401
scaf9.pdb,scaf99.pdb,24.272606
scaf90.pdb,scaf91.pdb,19.172333
scaf90.pdb,scaf92.pdb,20.632513
scaf90.pdb,scaf93.pdb,21.881035
scaf90.pdb,scaf94.pdb,23.526674
scaf90.pdb,scaf95.pdb,19.359562
scaf90.pdb,scaf96.pdb,23.332018
scaf90.pdb,scaf97.pdb,17.173016
scaf90.pdb,scaf98.pdb,19.18385
scaf90.pdb,scaf99.pdb,15.154367
scaf91.pdb,scaf92.pdb,26.221195
scaf91.pdb,scaf93.pdb,18.989006
scaf91.pdb,scaf94.pdb,19.753551
scaf91.pdb,scaf95.pdb,22.249117
scaf91.pdb,scaf96.pdb,19.906946
scaf91.pdb,scaf97.pdb,21.03405
scaf91.pdb,scaf98.pdb,16.434008
scaf91.pdb,scaf99.pdb,17.665693
scaf92.pdb,scaf93.pdb,17.873877
scaf92.pdb,scaf94.pdb,28.501923
scaf92.pdb,scaf95.pdb,22.90703
scaf92.pdb,scaf96.pdb,21.955296
scaf92.pdb,scaf97.pdb,19.596302
scaf92.pdb,scaf98.pdb,24.354181
scaf92.pdb,scaf99.pdb,25.788792
scaf93.pdb,scaf94.pdb,19.91189
scaf93.pdb,scaf95.pdb,23.716724
scaf93.pdb,scaf96.pdb,16.156399
scaf93.pdb,scaf97.pdb,21.165367
scaf93.pdb,scaf98.pdb,17.263466
scaf93.pdb,scaf99.pdb,18.79303
scaf94.pdb,scaf95.pdb,22.788263
scaf94.pdb,scaf96.pdb,20.457056
scaf94.pdb,scaf97.pdb,26.25494
scaf94.pdb,scaf98.pdb,26.155867
scaf94.pdb,scaf99.pdb,18.859755
scaf95.pdb,scaf96.pdb,25.561577
scaf95.pdb,scaf97.pdb,14.773049
scaf95.pdb,scaf98.pdb,25.793358
scaf95.pdb,scaf99.pdb,20.297132
scaf96.pdb,scaf97.pdb,27.676088
scaf96.pdb,scaf98.pdb,18.965994
scaf96.pdb,scaf99.pdb,19.588001
scaf97.pdb,scaf98.pdb,24.189857
scaf97.pdb,scaf99.pdb,22.429832
scaf98.pdb,scaf99.pdb,15.638121
